totalMSG;0;rep-f100-n200;538085
totalMSGsrcrep;0;rep-f100-n200;527726
totalMSGrepclo;0;rep-f100-n200;10359
totalLATrepclo;0;rep-f100-n200;6.097361
totalLATrepcloSTD;0;rep-f100-n200;nan
totalLATmin;0;rep-f100-n200;10.889838
totalLATmax;0;rep-f100-n200;14.730960
totalLATminSTD;0;rep-f100-n200;4.314936
totalLATmaxSTD;0;rep-f100-n200;4.165866
totalMSG;0;sin-f100-n200;187701
totalMSGsrcrep;0;sin-f100-n200;175785
totalMSGrepclo;0;sin-f100-n200;11916
totalLATrepclo;0;sin-f100-n200;5.503819
totalLATrepcloSTD;0;sin-f100-n200;0.322213
totalLATmin;0;sin-f100-n200;12.311165
totalLATmax;0;sin-f100-n200;12.311165
totalLATminSTD;0;sin-f100-n200;3.899197
totalLATmaxSTD;0;sin-f100-n200;3.899197
totalMSG;0;Fstrrep-f100-n200;512776
totalMSGsrcrep;0;Fstrrep-f100-n200;502150
totalMSGrepclo;0;Fstrrep-f100-n200;10626
totalLATrepclo;0;Fstrrep-f100-n200;5.881767
totalLATrepcloSTD;0;Fstrrep-f100-n200;nan
totalLATmin;0;Fstrrep-f100-n200;9.499386
totalLATmax;0;Fstrrep-f100-n200;14.681574
totalLATminSTD;0;Fstrrep-f100-n200;4.068712
totalLATmaxSTD;0;Fstrrep-f100-n200;3.582110
totalMSG;0;rep-f110-n200;594684
totalMSGsrcrep;0;rep-f110-n200;582765
totalMSGrepclo;0;rep-f110-n200;11919
totalLATrepclo;0;rep-f110-n200;6.276167
totalLATrepcloSTD;0;rep-f110-n200;nan
totalLATmin;0;rep-f110-n200;10.766280
totalLATmax;0;rep-f110-n200;14.657810
totalLATminSTD;0;rep-f110-n200;4.142626
totalLATmaxSTD;0;rep-f110-n200;4.162652
totalMSG;0;sin-f110-n200;202913
totalMSGsrcrep;0;sin-f110-n200;190025
totalMSGrepclo;0;sin-f110-n200;12888
totalLATrepclo;0;sin-f110-n200;5.534131
totalLATrepcloSTD;0;sin-f110-n200;0.382484
totalLATmin;0;sin-f110-n200;12.263510
totalLATmax;0;sin-f110-n200;12.263510
totalLATminSTD;0;sin-f110-n200;3.994345
totalLATmaxSTD;0;sin-f110-n200;3.994345
totalMSG;0;Fstrrep-f110-n200;563234
totalMSGsrcrep;0;Fstrrep-f110-n200;551219
totalMSGrepclo;0;Fstrrep-f110-n200;12015
totalLATrepclo;0;Fstrrep-f110-n200;6.247819
totalLATrepcloSTD;0;Fstrrep-f110-n200;0.871285
totalLATmin;0;Fstrrep-f110-n200;9.802680
totalLATmax;0;Fstrrep-f110-n200;14.593378
totalLATminSTD;0;Fstrrep-f110-n200;4.022247
totalLATmaxSTD;0;Fstrrep-f110-n200;3.641590
totalMSG;0;rep-f120-n200;658225
totalMSGsrcrep;0;rep-f120-n200;645061
totalMSGrepclo;0;rep-f120-n200;13164
totalLATrepclo;0;rep-f120-n200;6.879643
totalLATrepcloSTD;0;rep-f120-n200;0.811396
totalLATmin;0;rep-f120-n200;10.871183
totalLATmax;0;rep-f120-n200;14.865508
totalLATminSTD;0;rep-f120-n200;4.156005
totalLATmaxSTD;0;rep-f120-n200;4.017754
totalMSG;0;sin-f120-n200;224173
totalMSGsrcrep;0;sin-f120-n200;209711
totalMSGrepclo;0;sin-f120-n200;14462
totalLATrepclo;0;sin-f120-n200;5.716633
totalLATrepcloSTD;0;sin-f120-n200;nan
totalLATmin;0;sin-f120-n200;12.190496
totalLATmax;0;sin-f120-n200;12.190496
totalLATminSTD;0;sin-f120-n200;3.956966
totalLATmaxSTD;0;sin-f120-n200;3.956966
totalMSG;0;Fstrrep-f120-n200;625869
totalMSGsrcrep;0;Fstrrep-f120-n200;612883
totalMSGrepclo;0;Fstrrep-f120-n200;12986
totalLATrepclo;0;Fstrrep-f120-n200;6.279730
totalLATrepcloSTD;0;Fstrrep-f120-n200;0.903446
totalLATmin;0;Fstrrep-f120-n200;9.873083
totalLATmax;0;Fstrrep-f120-n200;14.852732
totalLATminSTD;0;Fstrrep-f120-n200;4.189963
totalLATmaxSTD;0;Fstrrep-f120-n200;3.719342
totalMSG;0;rep-f130-n200;710437
totalMSGsrcrep;0;rep-f130-n200;696226
totalMSGrepclo;0;rep-f130-n200;14211
totalLATrepclo;0;rep-f130-n200;7.006890
totalLATrepcloSTD;0;rep-f130-n200;0.845071
totalLATmin;0;rep-f130-n200;11.168230
totalLATmax;0;rep-f130-n200;15.021036
totalLATminSTD;0;rep-f130-n200;4.306275
totalLATmaxSTD;0;rep-f130-n200;4.043759
totalMSG;0;sin-f130-n200;242090
totalMSGsrcrep;0;sin-f130-n200;226416
totalMSGrepclo;0;sin-f130-n200;15674
totalLATrepclo;0;sin-f130-n200;5.943124
totalLATrepcloSTD;0;sin-f130-n200;nan
totalLATmin;0;sin-f130-n200;12.453293
totalLATmax;0;sin-f130-n200;12.453293
totalLATminSTD;0;sin-f130-n200;4.132159
totalLATmaxSTD;0;sin-f130-n200;4.132159
totalMSG;0;Fstrrep-f130-n200;673625
totalMSGsrcrep;0;Fstrrep-f130-n200;659864
totalMSGrepclo;0;Fstrrep-f130-n200;13761
totalLATrepclo;0;Fstrrep-f130-n200;6.242354
totalLATrepcloSTD;0;Fstrrep-f130-n200;nan
totalLATmin;0;Fstrrep-f130-n200;9.943155
totalLATmax;0;Fstrrep-f130-n200;14.960459
totalLATminSTD;0;Fstrrep-f130-n200;4.213236
totalLATmaxSTD;0;Fstrrep-f130-n200;3.680103
totalMSG;0;rep-f140-n200;760324
totalMSGsrcrep;0;rep-f140-n200;744900
totalMSGrepclo;0;rep-f140-n200;15424
totalLATrepclo;0;rep-f140-n200;7.365369
totalLATrepcloSTD;0;rep-f140-n200;nan
totalLATmin;0;rep-f140-n200;10.967615
totalLATmax;0;rep-f140-n200;14.887667
totalLATminSTD;0;rep-f140-n200;4.066482
totalLATmaxSTD;0;rep-f140-n200;3.963648
totalMSG;0;sin-f140-n200;261664
totalMSGsrcrep;0;sin-f140-n200;244754
totalMSGrepclo;0;sin-f140-n200;16910
totalLATrepclo;0;sin-f140-n200;6.113453
totalLATrepcloSTD;0;sin-f140-n200;nan
totalLATmin;0;sin-f140-n200;12.612238
totalLATmax;0;sin-f140-n200;12.612238
totalLATminSTD;0;sin-f140-n200;4.096984
totalLATmaxSTD;0;sin-f140-n200;4.096984
totalMSG;0;Fstrrep-f140-n200;732258
totalMSGsrcrep;0;Fstrrep-f140-n200;716591
totalMSGrepclo;0;Fstrrep-f140-n200;15667
totalLATrepclo;0;Fstrrep-f140-n200;6.838960
totalLATrepcloSTD;0;Fstrrep-f140-n200;nan
totalLATmin;0;Fstrrep-f140-n200;10.142547
totalLATmax;0;Fstrrep-f140-n200;14.989208
totalLATminSTD;0;Fstrrep-f140-n200;4.095980
totalLATmaxSTD;0;Fstrrep-f140-n200;3.621298
totalMSG;0;rep-f150-n200;831746
totalMSGsrcrep;0;rep-f150-n200;815690
totalMSGrepclo;0;rep-f150-n200;16056
totalLATrepclo;0;rep-f150-n200;7.170447
totalLATrepcloSTD;0;rep-f150-n200;nan
totalLATmin;0;rep-f150-n200;11.058699
totalLATmax;0;rep-f150-n200;15.093681
totalLATminSTD;0;rep-f150-n200;4.068588
totalLATmaxSTD;0;rep-f150-n200;4.146669
totalMSG;0;sin-f150-n200;286161
totalMSGsrcrep;0;sin-f150-n200;267995
totalMSGrepclo;0;sin-f150-n200;18166
totalLATrepclo;0;sin-f150-n200;6.126336
totalLATrepcloSTD;0;sin-f150-n200;nan
totalLATmin;0;sin-f150-n200;12.629571
totalLATmax;0;sin-f150-n200;12.629571
totalLATminSTD;0;sin-f150-n200;4.008531
totalLATmaxSTD;0;sin-f150-n200;4.008531
totalMSG;0;Fstrrep-f150-n200;797615
totalMSGsrcrep;0;Fstrrep-f150-n200;780862
totalMSGrepclo;0;Fstrrep-f150-n200;16753
totalLATrepclo;0;Fstrrep-f150-n200;6.808949
totalLATrepcloSTD;0;Fstrrep-f150-n200;nan
totalLATmin;0;Fstrrep-f150-n200;10.017102
totalLATmax;0;Fstrrep-f150-n200;15.018212
totalLATminSTD;0;Fstrrep-f150-n200;4.122557
totalLATmaxSTD;0;Fstrrep-f150-n200;3.555284
totalMSG;0;rep-f160-n200;887058
totalMSGsrcrep;0;rep-f160-n200;869596
totalMSGrepclo;0;rep-f160-n200;17462
totalLATrepclo;0;rep-f160-n200;7.618718
totalLATrepcloSTD;0;rep-f160-n200;1.154648
totalLATmin;0;rep-f160-n200;11.264915
totalLATmax;0;rep-f160-n200;15.311849
totalLATminSTD;0;rep-f160-n200;4.170736
totalLATmaxSTD;0;rep-f160-n200;4.245866
totalMSG;0;sin-f160-n200;306954
totalMSGsrcrep;0;sin-f160-n200;286921
totalMSGrepclo;0;sin-f160-n200;20033
totalLATrepclo;0;sin-f160-n200;6.300851
totalLATrepcloSTD;0;sin-f160-n200;nan
totalLATmin;0;sin-f160-n200;12.840792
totalLATmax;0;sin-f160-n200;12.840792
totalLATminSTD;0;sin-f160-n200;4.052681
totalLATmaxSTD;0;sin-f160-n200;4.052681
totalMSG;0;Fstrrep-f160-n200;845574
totalMSGsrcrep;0;Fstrrep-f160-n200;827445
totalMSGrepclo;0;Fstrrep-f160-n200;18129
totalLATrepclo;0;Fstrrep-f160-n200;6.962373
totalLATrepcloSTD;0;Fstrrep-f160-n200;nan
totalLATmin;0;Fstrrep-f160-n200;10.270214
totalLATmax;0;Fstrrep-f160-n200;15.211842
totalLATminSTD;0;Fstrrep-f160-n200;4.217453
totalLATmaxSTD;0;Fstrrep-f160-n200;3.595334
totalMSG;0;rep-f170-n200;943151
totalMSGsrcrep;0;rep-f170-n200;924102
totalMSGrepclo;0;rep-f170-n200;19049
totalLATrepclo;0;rep-f170-n200;7.876044
totalLATrepcloSTD;0;rep-f170-n200;nan
totalLATmin;0;rep-f170-n200;11.381112
totalLATmax;0;rep-f170-n200;15.290856
totalLATminSTD;0;rep-f170-n200;4.238328
totalLATmaxSTD;0;rep-f170-n200;4.197808
totalMSG;0;sin-f170-n200;324152
totalMSGsrcrep;0;sin-f170-n200;303462
totalMSGrepclo;0;sin-f170-n200;20690
totalLATrepclo;0;sin-f170-n200;6.431597
totalLATrepcloSTD;0;sin-f170-n200;nan
totalLATmin;0;sin-f170-n200;12.859699
totalLATmax;0;sin-f170-n200;12.859699
totalLATminSTD;0;sin-f170-n200;4.080594
totalLATmaxSTD;0;sin-f170-n200;4.080594
totalMSG;0;Fstrrep-f170-n200;897347
totalMSGsrcrep;0;Fstrrep-f170-n200;878615
totalMSGrepclo;0;Fstrrep-f170-n200;18732
totalLATrepclo;0;Fstrrep-f170-n200;7.388962
totalLATrepcloSTD;0;Fstrrep-f170-n200;nan
totalLATmin;0;Fstrrep-f170-n200;10.499711
totalLATmax;0;Fstrrep-f170-n200;15.450521
totalLATminSTD;0;Fstrrep-f170-n200;4.276858
totalLATmaxSTD;0;Fstrrep-f170-n200;3.775470
totalMSG;0;rep-f180-n200;1019111
totalMSGsrcrep;0;rep-f180-n200;998287
totalMSGrepclo;0;rep-f180-n200;20824
totalLATrepclo;0;rep-f180-n200;8.244567
totalLATrepcloSTD;0;rep-f180-n200;nan
totalLATmin;0;rep-f180-n200;11.466276
totalLATmax;0;rep-f180-n200;15.795535
totalLATminSTD;0;rep-f180-n200;4.200281
totalLATmaxSTD;0;rep-f180-n200;4.341144
totalMSG;0;sin-f180-n200;348785
totalMSGsrcrep;0;sin-f180-n200;326527
totalMSGrepclo;0;sin-f180-n200;22258
totalLATrepclo;0;sin-f180-n200;6.333778
totalLATrepcloSTD;0;sin-f180-n200;nan
totalLATmin;0;sin-f180-n200;12.854288
totalLATmax;0;sin-f180-n200;12.854288
totalLATminSTD;0;sin-f180-n200;4.068153
totalLATmaxSTD;0;sin-f180-n200;4.068153
totalMSG;0;Fstrrep-f180-n200;967595
totalMSGsrcrep;0;Fstrrep-f180-n200;946818
totalMSGrepclo;0;Fstrrep-f180-n200;20777
totalLATrepclo;0;Fstrrep-f180-n200;7.594912
totalLATrepcloSTD;0;Fstrrep-f180-n200;nan
totalLATmin;0;Fstrrep-f180-n200;10.710470
totalLATmax;0;Fstrrep-f180-n200;15.308830
totalLATminSTD;0;Fstrrep-f180-n200;4.387092
totalLATmaxSTD;0;Fstrrep-f180-n200;3.730154
totalMSG;0;rep-f190-n200;1070690
totalMSGsrcrep;0;rep-f190-n200;1049093
totalMSGrepclo;0;rep-f190-n200;21597
totalLATrepclo;0;rep-f190-n200;8.734153
totalLATrepcloSTD;0;rep-f190-n200;nan
totalLATmin;0;rep-f190-n200;11.465137
totalLATmax;0;rep-f190-n200;15.692188
totalLATminSTD;0;rep-f190-n200;4.271526
totalLATmaxSTD;0;rep-f190-n200;4.255581
totalMSG;0;sin-f190-n200;368183
totalMSGsrcrep;0;sin-f190-n200;344572
totalMSGrepclo;0;sin-f190-n200;23611
totalLATrepclo;0;sin-f190-n200;6.421019
totalLATrepcloSTD;0;sin-f190-n200;nan
totalLATmin;0;sin-f190-n200;12.923602
totalLATmax;0;sin-f190-n200;12.923602
totalLATminSTD;0;sin-f190-n200;4.123528
totalLATmaxSTD;0;sin-f190-n200;4.123528
totalMSG;0;Fstrrep-f190-n200;1019349
totalMSGsrcrep;0;Fstrrep-f190-n200;997349
totalMSGrepclo;0;Fstrrep-f190-n200;22000
totalLATrepclo;0;Fstrrep-f190-n200;7.572062
totalLATrepcloSTD;0;Fstrrep-f190-n200;nan
totalLATmin;0;Fstrrep-f190-n200;10.722664
totalLATmax;0;Fstrrep-f190-n200;15.296093
totalLATminSTD;0;Fstrrep-f190-n200;4.400634
totalLATmaxSTD;0;Fstrrep-f190-n200;3.664174
totalMSG;0;rep-f200-n200;1129426
totalMSGsrcrep;0;rep-f200-n200;1106535
totalMSGrepclo;0;rep-f200-n200;22891
totalLATrepclo;0;rep-f200-n200;12.761684
totalLATrepcloSTD;0;rep-f200-n200;nan
totalLATmin;0;rep-f200-n200;11.544469
totalLATmax;0;rep-f200-n200;15.846022
totalLATminSTD;0;rep-f200-n200;4.288426
totalLATmaxSTD;0;rep-f200-n200;4.192649
totalMSG;0;sin-f200-n200;389745
totalMSGsrcrep;0;sin-f200-n200;364545
totalMSGrepclo;0;sin-f200-n200;25200
totalLATrepclo;0;sin-f200-n200;6.599460
totalLATrepcloSTD;0;sin-f200-n200;nan
totalLATmin;0;sin-f200-n200;13.058875
totalLATmax;0;sin-f200-n200;13.058875
totalLATminSTD;0;sin-f200-n200;4.149551
totalLATmaxSTD;0;sin-f200-n200;4.149551
totalMSG;0;Fstrrep-f200-n200;1079621
totalMSGsrcrep;0;Fstrrep-f200-n200;1056557
totalMSGrepclo;0;Fstrrep-f200-n200;23064
totalLATrepclo;0;Fstrrep-f200-n200;8.017062
totalLATrepcloSTD;0;Fstrrep-f200-n200;nan
totalLATmin;0;Fstrrep-f200-n200;10.866138
totalLATmax;0;Fstrrep-f200-n200;15.252385
totalLATminSTD;0;Fstrrep-f200-n200;4.399792
totalLATmaxSTD;0;Fstrrep-f200-n200;3.712579
totalMSG;1;rep-f100-n200;529189
totalMSGsrcrep;1;rep-f100-n200;518356
totalMSGrepclo;1;rep-f100-n200;10833
totalLATrepclo;1;rep-f100-n200;6.046484
totalLATrepcloSTD;1;rep-f100-n200;nan
totalLATmin;1;rep-f100-n200;10.889838
totalLATmax;1;rep-f100-n200;14.730960
totalLATminSTD;1;rep-f100-n200;4.314936
totalLATmaxSTD;1;rep-f100-n200;4.165866
totalMSG;1;sin-f100-n200;181935
totalMSGsrcrep;1;sin-f100-n200;170276
totalMSGrepclo;1;sin-f100-n200;11659
totalLATrepclo;1;sin-f100-n200;5.497240
totalLATrepcloSTD;1;sin-f100-n200;0.367061
totalLATmin;1;sin-f100-n200;12.311165
totalLATmax;1;sin-f100-n200;12.311165
totalLATminSTD;1;sin-f100-n200;3.899197
totalLATmaxSTD;1;sin-f100-n200;3.899197
totalMSG;1;Fstrrep-f100-n200;502871
totalMSGsrcrep;1;Fstrrep-f100-n200;491885
totalMSGrepclo;1;Fstrrep-f100-n200;10986
totalLATrepclo;1;Fstrrep-f100-n200;5.950445
totalLATrepcloSTD;1;Fstrrep-f100-n200;0.758190
totalLATmin;1;Fstrrep-f100-n200;9.499386
totalLATmax;1;Fstrrep-f100-n200;14.681574
totalLATminSTD;1;Fstrrep-f100-n200;4.068712
totalLATmaxSTD;1;Fstrrep-f100-n200;3.582110
totalMSG;1;rep-f110-n200;583682
totalMSGsrcrep;1;rep-f110-n200;571452
totalMSGrepclo;1;rep-f110-n200;12230
totalLATrepclo;1;rep-f110-n200;6.289828
totalLATrepcloSTD;1;rep-f110-n200;nan
totalLATmin;1;rep-f110-n200;10.766280
totalLATmax;1;rep-f110-n200;14.657810
totalLATminSTD;1;rep-f110-n200;4.142626
totalLATmaxSTD;1;rep-f110-n200;4.162652
totalMSG;1;sin-f110-n200;196572
totalMSGsrcrep;1;sin-f110-n200;184073
totalMSGrepclo;1;sin-f110-n200;12499
totalLATrepclo;1;sin-f110-n200;5.509878
totalLATrepcloSTD;1;sin-f110-n200;nan
totalLATmin;1;sin-f110-n200;12.263510
totalLATmax;1;sin-f110-n200;12.263510
totalLATminSTD;1;sin-f110-n200;3.994345
totalLATmaxSTD;1;sin-f110-n200;3.994345
totalMSG;1;Fstrrep-f110-n200;552153
totalMSGsrcrep;1;Fstrrep-f110-n200;539575
totalMSGrepclo;1;Fstrrep-f110-n200;12578
totalLATrepclo;1;Fstrrep-f110-n200;6.242004
totalLATrepcloSTD;1;Fstrrep-f110-n200;nan
totalLATmin;1;Fstrrep-f110-n200;9.802680
totalLATmax;1;Fstrrep-f110-n200;14.593378
totalLATminSTD;1;Fstrrep-f110-n200;4.022247
totalLATmaxSTD;1;Fstrrep-f110-n200;3.641590
totalMSG;1;rep-f120-n200;645839
totalMSGsrcrep;1;rep-f120-n200;632639
totalMSGrepclo;1;rep-f120-n200;13200
totalLATrepclo;1;rep-f120-n200;6.895723
totalLATrepcloSTD;1;rep-f120-n200;nan
totalLATmin;1;rep-f120-n200;10.871183
totalLATmax;1;rep-f120-n200;14.865508
totalLATminSTD;1;rep-f120-n200;4.156005
totalLATmaxSTD;1;rep-f120-n200;4.017754
totalMSG;1;sin-f120-n200;217302
totalMSGsrcrep;1;sin-f120-n200;203429
totalMSGrepclo;1;sin-f120-n200;13873
totalLATrepclo;1;sin-f120-n200;5.670179
totalLATrepcloSTD;1;sin-f120-n200;0.414703
totalLATmin;1;sin-f120-n200;12.190496
totalLATmax;1;sin-f120-n200;12.190496
totalLATminSTD;1;sin-f120-n200;3.956966
totalLATmaxSTD;1;sin-f120-n200;3.956966
totalMSG;1;Fstrrep-f120-n200;613023
totalMSGsrcrep;1;Fstrrep-f120-n200;600173
totalMSGrepclo;1;Fstrrep-f120-n200;12850
totalLATrepclo;1;Fstrrep-f120-n200;6.319634
totalLATrepcloSTD;1;Fstrrep-f120-n200;nan
totalLATmin;1;Fstrrep-f120-n200;9.873083
totalLATmax;1;Fstrrep-f120-n200;14.852732
totalLATminSTD;1;Fstrrep-f120-n200;4.189963
totalLATmaxSTD;1;Fstrrep-f120-n200;3.719342
totalMSG;1;rep-f130-n200;698463
totalMSGsrcrep;1;rep-f130-n200;683668
totalMSGrepclo;1;rep-f130-n200;14795
totalLATrepclo;1;rep-f130-n200;6.909418
totalLATrepcloSTD;1;rep-f130-n200;nan
totalLATmin;1;rep-f130-n200;11.168230
totalLATmax;1;rep-f130-n200;15.021036
totalLATminSTD;1;rep-f130-n200;4.306275
totalLATmaxSTD;1;rep-f130-n200;4.043759
totalMSG;1;sin-f130-n200;234325
totalMSGsrcrep;1;sin-f130-n200;219233
totalMSGrepclo;1;sin-f130-n200;15092
totalLATrepclo;1;sin-f130-n200;5.930022
totalLATrepcloSTD;1;sin-f130-n200;nan
totalLATmin;1;sin-f130-n200;12.453293
totalLATmax;1;sin-f130-n200;12.453293
totalLATminSTD;1;sin-f130-n200;4.132159
totalLATmaxSTD;1;sin-f130-n200;4.132159
totalMSG;1;Fstrrep-f130-n200;661421
totalMSGsrcrep;1;Fstrrep-f130-n200;646880
totalMSGrepclo;1;Fstrrep-f130-n200;14541
totalLATrepclo;1;Fstrrep-f130-n200;6.286469
totalLATrepcloSTD;1;Fstrrep-f130-n200;nan
totalLATmin;1;Fstrrep-f130-n200;9.943155
totalLATmax;1;Fstrrep-f130-n200;14.960459
totalLATminSTD;1;Fstrrep-f130-n200;4.213236
totalLATmaxSTD;1;Fstrrep-f130-n200;3.680103
totalMSG;1;rep-f140-n200;747475
totalMSGsrcrep;1;rep-f140-n200;732078
totalMSGrepclo;1;rep-f140-n200;15397
totalLATrepclo;1;rep-f140-n200;7.213384
totalLATrepcloSTD;1;rep-f140-n200;nan
totalLATmin;1;rep-f140-n200;10.967615
totalLATmax;1;rep-f140-n200;14.887667
totalLATminSTD;1;rep-f140-n200;4.066482
totalLATmaxSTD;1;rep-f140-n200;3.963648
totalMSG;1;sin-f140-n200;253335
totalMSGsrcrep;1;sin-f140-n200;236851
totalMSGrepclo;1;sin-f140-n200;16484
totalLATrepclo;1;sin-f140-n200;6.139395
totalLATrepcloSTD;1;sin-f140-n200;nan
totalLATmin;1;sin-f140-n200;12.612238
totalLATmax;1;sin-f140-n200;12.612238
totalLATminSTD;1;sin-f140-n200;4.096984
totalLATmaxSTD;1;sin-f140-n200;4.096984
totalMSG;1;Fstrrep-f140-n200;719212
totalMSGsrcrep;1;Fstrrep-f140-n200;703301
totalMSGrepclo;1;Fstrrep-f140-n200;15911
totalLATrepclo;1;Fstrrep-f140-n200;6.801739
totalLATrepcloSTD;1;Fstrrep-f140-n200;nan
totalLATmin;1;Fstrrep-f140-n200;10.142547
totalLATmax;1;Fstrrep-f140-n200;14.989208
totalLATminSTD;1;Fstrrep-f140-n200;4.095980
totalLATmaxSTD;1;Fstrrep-f140-n200;3.621298
totalMSG;1;rep-f150-n200;818071
totalMSGsrcrep;1;rep-f150-n200;801717
totalMSGrepclo;1;rep-f150-n200;16354
totalLATrepclo;1;rep-f150-n200;7.204648
totalLATrepcloSTD;1;rep-f150-n200;nan
totalLATmin;1;rep-f150-n200;11.058699
totalLATmax;1;rep-f150-n200;15.093681
totalLATminSTD;1;rep-f150-n200;4.068588
totalLATmaxSTD;1;rep-f150-n200;4.146669
totalMSG;1;sin-f150-n200;277059
totalMSGsrcrep;1;sin-f150-n200;259527
totalMSGrepclo;1;sin-f150-n200;17532
totalLATrepclo;1;sin-f150-n200;6.191624
totalLATrepcloSTD;1;sin-f150-n200;nan
totalLATmin;1;sin-f150-n200;12.629571
totalLATmax;1;sin-f150-n200;12.629571
totalLATminSTD;1;sin-f150-n200;4.008531
totalLATmaxSTD;1;sin-f150-n200;4.008531
totalMSG;1;Fstrrep-f150-n200;784439
totalMSGsrcrep;1;Fstrrep-f150-n200;766955
totalMSGrepclo;1;Fstrrep-f150-n200;17484
totalLATrepclo;1;Fstrrep-f150-n200;6.838187
totalLATrepcloSTD;1;Fstrrep-f150-n200;nan
totalLATmin;1;Fstrrep-f150-n200;10.017102
totalLATmax;1;Fstrrep-f150-n200;15.018212
totalLATminSTD;1;Fstrrep-f150-n200;4.122557
totalLATmaxSTD;1;Fstrrep-f150-n200;3.555284
totalMSG;1;rep-f160-n200;872901
totalMSGsrcrep;1;rep-f160-n200;855251
totalMSGrepclo;1;rep-f160-n200;17650
totalLATrepclo;1;rep-f160-n200;7.621355
totalLATrepcloSTD;1;rep-f160-n200;nan
totalLATmin;1;rep-f160-n200;11.264915
totalLATmax;1;rep-f160-n200;15.311849
totalLATminSTD;1;rep-f160-n200;4.170736
totalLATmaxSTD;1;rep-f160-n200;4.245866
totalMSG;1;sin-f160-n200;296483
totalMSGsrcrep;1;sin-f160-n200;277663
totalMSGrepclo;1;sin-f160-n200;18820
totalLATrepclo;1;sin-f160-n200;6.279021
totalLATrepcloSTD;1;sin-f160-n200;0.509495
totalLATmin;1;sin-f160-n200;12.840792
totalLATmax;1;sin-f160-n200;12.840792
totalLATminSTD;1;sin-f160-n200;4.052681
totalLATmaxSTD;1;sin-f160-n200;4.052681
totalMSG;1;Fstrrep-f160-n200;832342
totalMSGsrcrep;1;Fstrrep-f160-n200;813344
totalMSGrepclo;1;Fstrrep-f160-n200;18998
totalLATrepclo;1;Fstrrep-f160-n200;6.919899
totalLATrepcloSTD;1;Fstrrep-f160-n200;nan
totalLATmin;1;Fstrrep-f160-n200;10.270214
totalLATmax;1;Fstrrep-f160-n200;15.211842
totalLATminSTD;1;Fstrrep-f160-n200;4.217453
totalLATmaxSTD;1;Fstrrep-f160-n200;3.595334
totalMSG;1;rep-f170-n200;928268
totalMSGsrcrep;1;rep-f170-n200;908347
totalMSGrepclo;1;rep-f170-n200;19921
totalLATrepclo;1;rep-f170-n200;7.683466
totalLATrepcloSTD;1;rep-f170-n200;nan
totalLATmin;1;rep-f170-n200;11.381112
totalLATmax;1;rep-f170-n200;15.290856
totalLATminSTD;1;rep-f170-n200;4.238328
totalLATmaxSTD;1;rep-f170-n200;4.197808
totalMSG;1;sin-f170-n200;313085
totalMSGsrcrep;1;sin-f170-n200;293455
totalMSGrepclo;1;sin-f170-n200;19630
totalLATrepclo;1;sin-f170-n200;6.410421
totalLATrepcloSTD;1;sin-f170-n200;nan
totalLATmin;1;sin-f170-n200;12.859699
totalLATmax;1;sin-f170-n200;12.859699
totalLATminSTD;1;sin-f170-n200;4.080594
totalLATmaxSTD;1;sin-f170-n200;4.080594
totalMSG;1;Fstrrep-f170-n200;883120
totalMSGsrcrep;1;Fstrrep-f170-n200;863781
totalMSGrepclo;1;Fstrrep-f170-n200;19339
totalLATrepclo;1;Fstrrep-f170-n200;7.380160
totalLATrepcloSTD;1;Fstrrep-f170-n200;nan
totalLATmin;1;Fstrrep-f170-n200;10.499711
totalLATmax;1;Fstrrep-f170-n200;15.450521
totalLATminSTD;1;Fstrrep-f170-n200;4.276858
totalLATmaxSTD;1;Fstrrep-f170-n200;3.775470
totalMSG;1;rep-f180-n200;1001181
totalMSGsrcrep;1;rep-f180-n200;979910
totalMSGrepclo;1;rep-f180-n200;21271
totalLATrepclo;1;rep-f180-n200;8.249729
totalLATrepcloSTD;1;rep-f180-n200;nan
totalLATmin;1;rep-f180-n200;11.466276
totalLATmax;1;rep-f180-n200;15.795535
totalLATminSTD;1;rep-f180-n200;4.200281
totalLATmaxSTD;1;rep-f180-n200;4.341144
totalMSG;1;sin-f180-n200;337395
totalMSGsrcrep;1;sin-f180-n200;315945
totalMSGrepclo;1;sin-f180-n200;21450
totalLATrepclo;1;sin-f180-n200;6.277922
totalLATrepcloSTD;1;sin-f180-n200;nan
totalLATmin;1;sin-f180-n200;12.854288
totalLATmax;1;sin-f180-n200;12.854288
totalLATminSTD;1;sin-f180-n200;4.068153
totalLATmaxSTD;1;sin-f180-n200;4.068153
totalMSG;1;Fstrrep-f180-n200;951651
totalMSGsrcrep;1;Fstrrep-f180-n200;930225
totalMSGrepclo;1;Fstrrep-f180-n200;21426
totalLATrepclo;1;Fstrrep-f180-n200;7.499886
totalLATrepcloSTD;1;Fstrrep-f180-n200;nan
totalLATmin;1;Fstrrep-f180-n200;10.710470
totalLATmax;1;Fstrrep-f180-n200;15.308830
totalLATminSTD;1;Fstrrep-f180-n200;4.387092
totalLATmaxSTD;1;Fstrrep-f180-n200;3.730154
totalMSG;1;rep-f190-n200;1052365
totalMSGsrcrep;1;rep-f190-n200;1029602
totalMSGrepclo;1;rep-f190-n200;22763
totalLATrepclo;1;rep-f190-n200;8.519209
totalLATrepcloSTD;1;rep-f190-n200;nan
totalLATmin;1;rep-f190-n200;11.465137
totalLATmax;1;rep-f190-n200;15.692188
totalLATminSTD;1;rep-f190-n200;4.271526
totalLATmaxSTD;1;rep-f190-n200;4.255581
totalMSG;1;sin-f190-n200;356032
totalMSGsrcrep;1;sin-f190-n200;333315
totalMSGrepclo;1;sin-f190-n200;22717
totalLATrepclo;1;sin-f190-n200;6.451323
totalLATrepcloSTD;1;sin-f190-n200;nan
totalLATmin;1;sin-f190-n200;12.923602
totalLATmax;1;sin-f190-n200;12.923602
totalLATminSTD;1;sin-f190-n200;4.123528
totalLATmaxSTD;1;sin-f190-n200;4.123528
totalMSG;1;Fstrrep-f190-n200;1002997
totalMSGsrcrep;1;Fstrrep-f190-n200;980491
totalMSGrepclo;1;Fstrrep-f190-n200;22506
totalLATrepclo;1;Fstrrep-f190-n200;7.506947
totalLATrepcloSTD;1;Fstrrep-f190-n200;nan
totalLATmin;1;Fstrrep-f190-n200;10.722664
totalLATmax;1;Fstrrep-f190-n200;15.296093
totalLATminSTD;1;Fstrrep-f190-n200;4.400634
totalLATmaxSTD;1;Fstrrep-f190-n200;3.664174
totalMSG;1;rep-f200-n200;1110875
totalMSGsrcrep;1;rep-f200-n200;1087198
totalMSGrepclo;1;rep-f200-n200;23677
totalLATrepclo;1;rep-f200-n200;10.376368
totalLATrepcloSTD;1;rep-f200-n200;nan
totalLATmin;1;rep-f200-n200;11.544469
totalLATmax;1;rep-f200-n200;15.846022
totalLATminSTD;1;rep-f200-n200;4.288426
totalLATmaxSTD;1;rep-f200-n200;4.192649
totalMSG;1;sin-f200-n200;376718
totalMSGsrcrep;1;sin-f200-n200;352709
totalMSGrepclo;1;sin-f200-n200;24009
totalLATrepclo;1;sin-f200-n200;6.573769
totalLATrepcloSTD;1;sin-f200-n200;nan
totalLATmin;1;sin-f200-n200;13.058875
totalLATmax;1;sin-f200-n200;13.058875
totalLATminSTD;1;sin-f200-n200;4.149551
totalLATmaxSTD;1;sin-f200-n200;4.149551
totalMSG;1;Fstrrep-f200-n200;1061776
totalMSGsrcrep;1;Fstrrep-f200-n200;1037985
totalMSGrepclo;1;Fstrrep-f200-n200;23791
totalLATrepclo;1;Fstrrep-f200-n200;7.960846
totalLATrepcloSTD;1;Fstrrep-f200-n200;nan
totalLATmin;1;Fstrrep-f200-n200;10.866138
totalLATmax;1;Fstrrep-f200-n200;15.252385
totalLATminSTD;1;Fstrrep-f200-n200;4.399792
totalLATmaxSTD;1;Fstrrep-f200-n200;3.712579
totalMSG;2;rep-f100-n200;520828
totalMSGsrcrep;2;rep-f100-n200;510393
totalMSGrepclo;2;rep-f100-n200;10435
totalLATrepclo;2;rep-f100-n200;6.038383
totalLATrepcloSTD;2;rep-f100-n200;nan
totalLATmin;2;rep-f100-n200;10.889838
totalLATmax;2;rep-f100-n200;14.730960
totalLATminSTD;2;rep-f100-n200;4.314936
totalLATmaxSTD;2;rep-f100-n200;4.165866
totalMSG;2;sin-f100-n200;171911
totalMSGsrcrep;2;sin-f100-n200;161086
totalMSGrepclo;2;sin-f100-n200;10825
totalLATrepclo;2;sin-f100-n200;5.556580
totalLATrepcloSTD;2;sin-f100-n200;0.360100
totalLATmin;2;sin-f100-n200;12.311165
totalLATmax;2;sin-f100-n200;12.311165
totalLATminSTD;2;sin-f100-n200;3.899197
totalLATmaxSTD;2;sin-f100-n200;3.899197
totalMSG;2;Fstrrep-f100-n200;495651
totalMSGsrcrep;2;Fstrrep-f100-n200;485183
totalMSGrepclo;2;Fstrrep-f100-n200;10468
totalLATrepclo;2;Fstrrep-f100-n200;5.890595
totalLATrepcloSTD;2;Fstrrep-f100-n200;nan
totalLATmin;2;Fstrrep-f100-n200;9.499386
totalLATmax;2;Fstrrep-f100-n200;14.681574
totalLATminSTD;2;Fstrrep-f100-n200;4.068712
totalLATmaxSTD;2;Fstrrep-f100-n200;3.582110
totalMSG;2;rep-f110-n200;574881
totalMSGsrcrep;2;rep-f110-n200;563205
totalMSGrepclo;2;rep-f110-n200;11676
totalLATrepclo;2;rep-f110-n200;6.267896
totalLATrepcloSTD;2;rep-f110-n200;nan
totalLATmin;2;rep-f110-n200;10.766280
totalLATmax;2;rep-f110-n200;14.657810
totalLATminSTD;2;rep-f110-n200;4.142626
totalLATmaxSTD;2;rep-f110-n200;4.162652
totalMSG;2;sin-f110-n200;186238
totalMSGsrcrep;2;sin-f110-n200;174316
totalMSGrepclo;2;sin-f110-n200;11922
totalLATrepclo;2;sin-f110-n200;5.511560
totalLATrepcloSTD;2;sin-f110-n200;nan
totalLATmin;2;sin-f110-n200;12.263510
totalLATmax;2;sin-f110-n200;12.263510
totalLATminSTD;2;sin-f110-n200;3.994345
totalLATmaxSTD;2;sin-f110-n200;3.994345
totalMSG;2;Fstrrep-f110-n200;543563
totalMSGsrcrep;2;Fstrrep-f110-n200;531576
totalMSGrepclo;2;Fstrrep-f110-n200;11987
totalLATrepclo;2;Fstrrep-f110-n200;6.216734
totalLATrepcloSTD;2;Fstrrep-f110-n200;nan
totalLATmin;2;Fstrrep-f110-n200;9.802680
totalLATmax;2;Fstrrep-f110-n200;14.593378
totalLATminSTD;2;Fstrrep-f110-n200;4.022247
totalLATmaxSTD;2;Fstrrep-f110-n200;3.641590
totalMSG;2;rep-f120-n200;636027
totalMSGsrcrep;2;rep-f120-n200;622725
totalMSGrepclo;2;rep-f120-n200;13302
totalLATrepclo;2;rep-f120-n200;6.790911
totalLATrepcloSTD;2;rep-f120-n200;nan
totalLATmin;2;rep-f120-n200;10.871183
totalLATmax;2;rep-f120-n200;14.865508
totalLATminSTD;2;rep-f120-n200;4.156005
totalLATmaxSTD;2;rep-f120-n200;4.017754
totalMSG;2;sin-f120-n200;205470
totalMSGsrcrep;2;sin-f120-n200;192711
totalMSGrepclo;2;sin-f120-n200;12759
totalLATrepclo;2;sin-f120-n200;5.709348
totalLATrepcloSTD;2;sin-f120-n200;nan
totalLATmin;2;sin-f120-n200;12.190496
totalLATmax;2;sin-f120-n200;12.190496
totalLATminSTD;2;sin-f120-n200;3.956966
totalLATmaxSTD;2;sin-f120-n200;3.956966
totalMSG;2;Fstrrep-f120-n200;603366
totalMSGsrcrep;2;Fstrrep-f120-n200;590717
totalMSGrepclo;2;Fstrrep-f120-n200;12649
totalLATrepclo;2;Fstrrep-f120-n200;6.235049
totalLATrepcloSTD;2;Fstrrep-f120-n200;nan
totalLATmin;2;Fstrrep-f120-n200;9.873083
totalLATmax;2;Fstrrep-f120-n200;14.852732
totalLATminSTD;2;Fstrrep-f120-n200;4.189963
totalLATmaxSTD;2;Fstrrep-f120-n200;3.719342
totalMSG;2;rep-f130-n200;686389
totalMSGsrcrep;2;rep-f130-n200;672220
totalMSGrepclo;2;rep-f130-n200;14169
totalLATrepclo;2;rep-f130-n200;6.934317
totalLATrepcloSTD;2;rep-f130-n200;nan
totalLATmin;2;rep-f130-n200;11.168230
totalLATmax;2;rep-f130-n200;15.021036
totalLATminSTD;2;rep-f130-n200;4.306275
totalLATmaxSTD;2;rep-f130-n200;4.043759
totalMSG;2;sin-f130-n200;222212
totalMSGsrcrep;2;sin-f130-n200;207987
totalMSGrepclo;2;sin-f130-n200;14225
totalLATrepclo;2;sin-f130-n200;5.912744
totalLATrepcloSTD;2;sin-f130-n200;nan
totalLATmin;2;sin-f130-n200;12.453293
totalLATmax;2;sin-f130-n200;12.453293
totalLATminSTD;2;sin-f130-n200;4.132159
totalLATmaxSTD;2;sin-f130-n200;4.132159
totalMSG;2;Fstrrep-f130-n200;650770
totalMSGsrcrep;2;Fstrrep-f130-n200;636884
totalMSGrepclo;2;Fstrrep-f130-n200;13886
totalLATrepclo;2;Fstrrep-f130-n200;6.281906
totalLATrepcloSTD;2;Fstrrep-f130-n200;0.910320
totalLATmin;2;Fstrrep-f130-n200;9.943155
totalLATmax;2;Fstrrep-f130-n200;14.960459
totalLATminSTD;2;Fstrrep-f130-n200;4.213236
totalLATmaxSTD;2;Fstrrep-f130-n200;3.680103
totalMSG;2;rep-f140-n200;734690
totalMSGsrcrep;2;rep-f140-n200;719498
totalMSGrepclo;2;rep-f140-n200;15192
totalLATrepclo;2;rep-f140-n200;7.258938
totalLATrepcloSTD;2;rep-f140-n200;nan
totalLATmin;2;rep-f140-n200;10.967615
totalLATmax;2;rep-f140-n200;14.887667
totalLATminSTD;2;rep-f140-n200;4.066482
totalLATmaxSTD;2;rep-f140-n200;3.963648
totalMSG;2;sin-f140-n200;240076
totalMSGsrcrep;2;sin-f140-n200;224771
totalMSGrepclo;2;sin-f140-n200;15305
totalLATrepclo;2;sin-f140-n200;6.143695
totalLATrepcloSTD;2;sin-f140-n200;nan
totalLATmin;2;sin-f140-n200;12.612238
totalLATmax;2;sin-f140-n200;12.612238
totalLATminSTD;2;sin-f140-n200;4.096984
totalLATmaxSTD;2;sin-f140-n200;4.096984
totalMSG;2;Fstrrep-f140-n200;708562
totalMSGsrcrep;2;Fstrrep-f140-n200;692958
totalMSGrepclo;2;Fstrrep-f140-n200;15604
totalLATrepclo;2;Fstrrep-f140-n200;6.801664
totalLATrepcloSTD;2;Fstrrep-f140-n200;nan
totalLATmin;2;Fstrrep-f140-n200;10.142547
totalLATmax;2;Fstrrep-f140-n200;14.989208
totalLATminSTD;2;Fstrrep-f140-n200;4.095980
totalLATmaxSTD;2;Fstrrep-f140-n200;3.621298
totalMSG;2;rep-f150-n200;803818
totalMSGsrcrep;2;rep-f150-n200;787698
totalMSGrepclo;2;rep-f150-n200;16120
totalLATrepclo;2;rep-f150-n200;7.179997
totalLATrepcloSTD;2;rep-f150-n200;nan
totalLATmin;2;rep-f150-n200;11.058699
totalLATmax;2;rep-f150-n200;15.093681
totalLATminSTD;2;rep-f150-n200;4.068588
totalLATmaxSTD;2;rep-f150-n200;4.146669
totalMSG;2;sin-f150-n200;262269
totalMSGsrcrep;2;sin-f150-n200;246044
totalMSGrepclo;2;sin-f150-n200;16225
totalLATrepclo;2;sin-f150-n200;6.134792
totalLATrepcloSTD;2;sin-f150-n200;nan
totalLATmin;2;sin-f150-n200;12.629571
totalLATmax;2;sin-f150-n200;12.629571
totalLATminSTD;2;sin-f150-n200;4.008531
totalLATmaxSTD;2;sin-f150-n200;4.008531
totalMSG;2;Fstrrep-f150-n200;770052
totalMSGsrcrep;2;Fstrrep-f150-n200;753169
totalMSGrepclo;2;Fstrrep-f150-n200;16883
totalLATrepclo;2;Fstrrep-f150-n200;6.746064
totalLATrepcloSTD;2;Fstrrep-f150-n200;nan
totalLATmin;2;Fstrrep-f150-n200;10.017102
totalLATmax;2;Fstrrep-f150-n200;15.018212
totalLATminSTD;2;Fstrrep-f150-n200;4.122557
totalLATmaxSTD;2;Fstrrep-f150-n200;3.555284
totalMSG;2;rep-f160-n200;856937
totalMSGsrcrep;2;rep-f160-n200;839564
totalMSGrepclo;2;rep-f160-n200;17373
totalLATrepclo;2;rep-f160-n200;7.539669
totalLATrepcloSTD;2;rep-f160-n200;nan
totalLATmin;2;rep-f160-n200;11.264915
totalLATmax;2;rep-f160-n200;15.311849
totalLATminSTD;2;rep-f160-n200;4.170736
totalLATmaxSTD;2;rep-f160-n200;4.245866
totalMSG;2;sin-f160-n200;281481
totalMSGsrcrep;2;sin-f160-n200;263727
totalMSGrepclo;2;sin-f160-n200;17754
totalLATrepclo;2;sin-f160-n200;6.262453
totalLATrepcloSTD;2;sin-f160-n200;0.497071
totalLATmin;2;sin-f160-n200;12.840792
totalLATmax;2;sin-f160-n200;12.840792
totalLATminSTD;2;sin-f160-n200;4.052681
totalLATmaxSTD;2;sin-f160-n200;4.052681
totalMSG;2;Fstrrep-f160-n200;817483
totalMSGsrcrep;2;Fstrrep-f160-n200;798701
totalMSGrepclo;2;Fstrrep-f160-n200;18782
totalLATrepclo;2;Fstrrep-f160-n200;7.029760
totalLATrepcloSTD;2;Fstrrep-f160-n200;nan
totalLATmin;2;Fstrrep-f160-n200;10.270214
totalLATmax;2;Fstrrep-f160-n200;15.211842
totalLATminSTD;2;Fstrrep-f160-n200;4.217453
totalLATmaxSTD;2;Fstrrep-f160-n200;3.595334
totalMSG;2;rep-f170-n200;911960
totalMSGsrcrep;2;rep-f170-n200;892898
totalMSGrepclo;2;rep-f170-n200;19062
totalLATrepclo;2;rep-f170-n200;7.711895
totalLATrepcloSTD;2;rep-f170-n200;nan
totalLATmin;2;rep-f170-n200;11.381112
totalLATmax;2;rep-f170-n200;15.290856
totalLATminSTD;2;rep-f170-n200;4.238328
totalLATmaxSTD;2;rep-f170-n200;4.197808
totalMSG;2;sin-f170-n200;297524
totalMSGsrcrep;2;sin-f170-n200;278542
totalMSGrepclo;2;sin-f170-n200;18982
totalLATrepclo;2;sin-f170-n200;6.411881
totalLATrepcloSTD;2;sin-f170-n200;nan
totalLATmin;2;sin-f170-n200;12.859699
totalLATmax;2;sin-f170-n200;12.859699
totalLATminSTD;2;sin-f170-n200;4.080594
totalLATmaxSTD;2;sin-f170-n200;4.080594
totalMSG;2;Fstrrep-f170-n200;867906
totalMSGsrcrep;2;Fstrrep-f170-n200;849326
totalMSGrepclo;2;Fstrrep-f170-n200;18580
totalLATrepclo;2;Fstrrep-f170-n200;7.355272
totalLATrepcloSTD;2;Fstrrep-f170-n200;nan
totalLATmin;2;Fstrrep-f170-n200;10.499711
totalLATmax;2;Fstrrep-f170-n200;15.450521
totalLATminSTD;2;Fstrrep-f170-n200;4.276858
totalLATmaxSTD;2;Fstrrep-f170-n200;3.775470
totalMSG;2;rep-f180-n200;984787
totalMSGsrcrep;2;rep-f180-n200;964414
totalMSGrepclo;2;rep-f180-n200;20373
totalLATrepclo;2;rep-f180-n200;8.126680
totalLATrepcloSTD;2;rep-f180-n200;nan
totalLATmin;2;rep-f180-n200;11.466276
totalLATmax;2;rep-f180-n200;15.795535
totalLATminSTD;2;rep-f180-n200;4.200281
totalLATmaxSTD;2;rep-f180-n200;4.341144
totalMSG;2;sin-f180-n200;320409
totalMSGsrcrep;2;sin-f180-n200;299929
totalMSGrepclo;2;sin-f180-n200;20480
totalLATrepclo;2;sin-f180-n200;6.268049
totalLATrepcloSTD;2;sin-f180-n200;nan
totalLATmin;2;sin-f180-n200;12.854288
totalLATmax;2;sin-f180-n200;12.854288
totalLATminSTD;2;sin-f180-n200;4.068153
totalLATmaxSTD;2;sin-f180-n200;4.068153
totalMSG;2;Fstrrep-f180-n200;937042
totalMSGsrcrep;2;Fstrrep-f180-n200;916427
totalMSGrepclo;2;Fstrrep-f180-n200;20615
totalLATrepclo;2;Fstrrep-f180-n200;7.542211
totalLATrepcloSTD;2;Fstrrep-f180-n200;1.423201
totalLATmin;2;Fstrrep-f180-n200;10.710470
totalLATmax;2;Fstrrep-f180-n200;15.308830
totalLATminSTD;2;Fstrrep-f180-n200;4.387092
totalLATmaxSTD;2;Fstrrep-f180-n200;3.730154
totalMSG;2;rep-f190-n200;1036182
totalMSGsrcrep;2;rep-f190-n200;1014169
totalMSGrepclo;2;rep-f190-n200;22013
totalLATrepclo;2;rep-f190-n200;8.423501
totalLATrepcloSTD;2;rep-f190-n200;nan
totalLATmin;2;rep-f190-n200;11.465137
totalLATmax;2;rep-f190-n200;15.692188
totalLATminSTD;2;rep-f190-n200;4.271526
totalLATmaxSTD;2;rep-f190-n200;4.255581
totalMSG;2;sin-f190-n200;338470
totalMSGsrcrep;2;sin-f190-n200;316806
totalMSGrepclo;2;sin-f190-n200;21664
totalLATrepclo;2;sin-f190-n200;6.434599
totalLATrepcloSTD;2;sin-f190-n200;nan
totalLATmin;2;sin-f190-n200;12.923602
totalLATmax;2;sin-f190-n200;12.923602
totalLATminSTD;2;sin-f190-n200;4.123528
totalLATmaxSTD;2;sin-f190-n200;4.123528
totalMSG;2;Fstrrep-f190-n200;987664
totalMSGsrcrep;2;Fstrrep-f190-n200;965325
totalMSGrepclo;2;Fstrrep-f190-n200;22339
totalLATrepclo;2;Fstrrep-f190-n200;7.538178
totalLATrepcloSTD;2;Fstrrep-f190-n200;nan
totalLATmin;2;Fstrrep-f190-n200;10.722664
totalLATmax;2;Fstrrep-f190-n200;15.296093
totalLATminSTD;2;Fstrrep-f190-n200;4.400634
totalLATmaxSTD;2;Fstrrep-f190-n200;3.664174
totalMSG;2;rep-f200-n200;1092992
totalMSGsrcrep;2;rep-f200-n200;1069959
totalMSGrepclo;2;rep-f200-n200;23033
totalLATrepclo;2;rep-f200-n200;9.371280
totalLATrepcloSTD;2;rep-f200-n200;nan
totalLATmin;2;rep-f200-n200;11.544469
totalLATmax;2;rep-f200-n200;15.846022
totalLATminSTD;2;rep-f200-n200;4.288426
totalLATmaxSTD;2;rep-f200-n200;4.192649
totalMSG;2;sin-f200-n200;357822
totalMSGsrcrep;2;sin-f200-n200;335274
totalMSGrepclo;2;sin-f200-n200;22548
totalLATrepclo;2;sin-f200-n200;6.592039
totalLATrepcloSTD;2;sin-f200-n200;nan
totalLATmin;2;sin-f200-n200;13.058875
totalLATmax;2;sin-f200-n200;13.058875
totalLATminSTD;2;sin-f200-n200;4.149551
totalLATmaxSTD;2;sin-f200-n200;4.149551
totalMSG;2;Fstrrep-f200-n200;1044657
totalMSGsrcrep;2;Fstrrep-f200-n200;1021668
totalMSGrepclo;2;Fstrrep-f200-n200;22989
totalLATrepclo;2;Fstrrep-f200-n200;7.975638
totalLATrepcloSTD;2;Fstrrep-f200-n200;nan
totalLATmin;2;Fstrrep-f200-n200;10.866138
totalLATmax;2;Fstrrep-f200-n200;15.252385
totalLATminSTD;2;Fstrrep-f200-n200;4.399792
totalLATmaxSTD;2;Fstrrep-f200-n200;3.712579
totalMSG;3;rep-f100-n200;509091
totalMSGsrcrep;3;rep-f100-n200;499432
totalMSGrepclo;3;rep-f100-n200;9659
totalLATrepclo;3;rep-f100-n200;6.031297
totalLATrepcloSTD;3;rep-f100-n200;0.445093
totalLATmin;3;rep-f100-n200;10.889838
totalLATmax;3;rep-f100-n200;14.730960
totalLATminSTD;3;rep-f100-n200;4.314936
totalLATmaxSTD;3;rep-f100-n200;4.165866
totalMSG;3;sin-f100-n200;166762
totalMSGsrcrep;3;sin-f100-n200;156416
totalMSGrepclo;3;sin-f100-n200;10346
totalLATrepclo;3;sin-f100-n200;5.479406
totalLATrepcloSTD;3;sin-f100-n200;nan
totalLATmin;3;sin-f100-n200;12.311165
totalLATmax;3;sin-f100-n200;12.311165
totalLATminSTD;3;sin-f100-n200;3.899197
totalLATmaxSTD;3;sin-f100-n200;3.899197
totalMSG;3;Fstrrep-f100-n200;485832
totalMSGsrcrep;3;Fstrrep-f100-n200;476096
totalMSGrepclo;3;Fstrrep-f100-n200;9736
totalLATrepclo;3;Fstrrep-f100-n200;5.853046
totalLATrepcloSTD;3;Fstrrep-f100-n200;0.712171
totalLATmin;3;Fstrrep-f100-n200;9.499386
totalLATmax;3;Fstrrep-f100-n200;14.681574
totalLATminSTD;3;Fstrrep-f100-n200;4.068712
totalLATmaxSTD;3;Fstrrep-f100-n200;3.582110
totalMSG;3;rep-f110-n200;561770
totalMSGsrcrep;3;rep-f110-n200;551109
totalMSGrepclo;3;rep-f110-n200;10661
totalLATrepclo;3;rep-f110-n200;6.271489
totalLATrepcloSTD;3;rep-f110-n200;nan
totalLATmin;3;rep-f110-n200;10.766280
totalLATmax;3;rep-f110-n200;14.657810
totalLATminSTD;3;rep-f110-n200;4.142626
totalLATmaxSTD;3;rep-f110-n200;4.162652
totalMSG;3;sin-f110-n200;180649
totalMSGsrcrep;3;sin-f110-n200;169082
totalMSGrepclo;3;sin-f110-n200;11567
totalLATrepclo;3;sin-f110-n200;5.488307
totalLATrepcloSTD;3;sin-f110-n200;0.324492
totalLATmin;3;sin-f110-n200;12.263510
totalLATmax;3;sin-f110-n200;12.263510
totalLATminSTD;3;sin-f110-n200;3.994345
totalLATmaxSTD;3;sin-f110-n200;3.994345
totalMSG;3;Fstrrep-f110-n200;532396
totalMSGsrcrep;3;Fstrrep-f110-n200;521467
totalMSGrepclo;3;Fstrrep-f110-n200;10929
totalLATrepclo;3;Fstrrep-f110-n200;6.234101
totalLATrepcloSTD;3;Fstrrep-f110-n200;0.907102
totalLATmin;3;Fstrrep-f110-n200;9.802680
totalLATmax;3;Fstrrep-f110-n200;14.593378
totalLATminSTD;3;Fstrrep-f110-n200;4.022247
totalLATmaxSTD;3;Fstrrep-f110-n200;3.641590
totalMSG;3;rep-f120-n200;621112
totalMSGsrcrep;3;rep-f120-n200;609354
totalMSGrepclo;3;rep-f120-n200;11758
totalLATrepclo;3;rep-f120-n200;6.862529
totalLATrepcloSTD;3;rep-f120-n200;0.709704
totalLATmin;3;rep-f120-n200;10.871183
totalLATmax;3;rep-f120-n200;14.865508
totalLATminSTD;3;rep-f120-n200;4.156005
totalLATmaxSTD;3;rep-f120-n200;4.017754
totalMSG;3;sin-f120-n200;199152
totalMSGsrcrep;3;sin-f120-n200;186831
totalMSGrepclo;3;sin-f120-n200;12321
totalLATrepclo;3;sin-f120-n200;5.695359
totalLATrepcloSTD;3;sin-f120-n200;nan
totalLATmin;3;sin-f120-n200;12.190496
totalLATmax;3;sin-f120-n200;12.190496
totalLATminSTD;3;sin-f120-n200;3.956966
totalLATmaxSTD;3;sin-f120-n200;3.956966
totalMSG;3;Fstrrep-f120-n200;592422
totalMSGsrcrep;3;Fstrrep-f120-n200;580828
totalMSGrepclo;3;Fstrrep-f120-n200;11594
totalLATrepclo;3;Fstrrep-f120-n200;6.242012
totalLATrepcloSTD;3;Fstrrep-f120-n200;nan
totalLATmin;3;Fstrrep-f120-n200;9.873083
totalLATmax;3;Fstrrep-f120-n200;14.852732
totalLATminSTD;3;Fstrrep-f120-n200;4.189963
totalLATmaxSTD;3;Fstrrep-f120-n200;3.719342
totalMSG;3;rep-f130-n200;671340
totalMSGsrcrep;3;rep-f130-n200;658240
totalMSGrepclo;3;rep-f130-n200;13100
totalLATrepclo;3;rep-f130-n200;6.937664
totalLATrepcloSTD;3;rep-f130-n200;nan
totalLATmin;3;rep-f130-n200;11.168230
totalLATmax;3;rep-f130-n200;15.021036
totalLATminSTD;3;rep-f130-n200;4.306275
totalLATmaxSTD;3;rep-f130-n200;4.043759
totalMSG;3;sin-f130-n200;215226
totalMSGsrcrep;3;sin-f130-n200;201630
totalMSGrepclo;3;sin-f130-n200;13596
totalLATrepclo;3;sin-f130-n200;6.003097
totalLATrepcloSTD;3;sin-f130-n200;0.465204
totalLATmin;3;sin-f130-n200;12.453293
totalLATmax;3;sin-f130-n200;12.453293
totalLATminSTD;3;sin-f130-n200;4.132159
totalLATmaxSTD;3;sin-f130-n200;4.132159
totalMSG;3;Fstrrep-f130-n200;637804
totalMSGsrcrep;3;Fstrrep-f130-n200;625282
totalMSGrepclo;3;Fstrrep-f130-n200;12522
totalLATrepclo;3;Fstrrep-f130-n200;6.211588
totalLATrepcloSTD;3;Fstrrep-f130-n200;nan
totalLATmin;3;Fstrrep-f130-n200;9.943155
totalLATmax;3;Fstrrep-f130-n200;14.960459
totalLATminSTD;3;Fstrrep-f130-n200;4.213236
totalLATmaxSTD;3;Fstrrep-f130-n200;3.680103
totalMSG;3;rep-f140-n200;718994
totalMSGsrcrep;3;rep-f140-n200;705241
totalMSGrepclo;3;rep-f140-n200;13753
totalLATrepclo;3;rep-f140-n200;7.229581
totalLATrepcloSTD;3;rep-f140-n200;nan
totalLATmin;3;rep-f140-n200;10.967615
totalLATmax;3;rep-f140-n200;14.887667
totalLATminSTD;3;rep-f140-n200;4.066482
totalLATmaxSTD;3;rep-f140-n200;3.963648
totalMSG;3;sin-f140-n200;232690
totalMSGsrcrep;3;sin-f140-n200;218055
totalMSGrepclo;3;sin-f140-n200;14635
totalLATrepclo;3;sin-f140-n200;6.198041
totalLATrepcloSTD;3;sin-f140-n200;0.548066
totalLATmin;3;sin-f140-n200;12.612238
totalLATmax;3;sin-f140-n200;12.612238
totalLATminSTD;3;sin-f140-n200;4.096984
totalLATmaxSTD;3;sin-f140-n200;4.096984
totalMSG;3;Fstrrep-f140-n200;694740
totalMSGsrcrep;3;Fstrrep-f140-n200;680383
totalMSGrepclo;3;Fstrrep-f140-n200;14357
totalLATrepclo;3;Fstrrep-f140-n200;6.802702
totalLATrepcloSTD;3;Fstrrep-f140-n200;nan
totalLATmin;3;Fstrrep-f140-n200;10.142547
totalLATmax;3;Fstrrep-f140-n200;14.989208
totalLATminSTD;3;Fstrrep-f140-n200;4.095980
totalLATmaxSTD;3;Fstrrep-f140-n200;3.621298
totalMSG;3;rep-f150-n200;786503
totalMSGsrcrep;3;rep-f150-n200;771662
totalMSGrepclo;3;rep-f150-n200;14841
totalLATrepclo;3;rep-f150-n200;7.233444
totalLATrepcloSTD;3;rep-f150-n200;nan
totalLATmin;3;rep-f150-n200;11.058699
totalLATmax;3;rep-f150-n200;15.093681
totalLATminSTD;3;rep-f150-n200;4.068588
totalLATmaxSTD;3;rep-f150-n200;4.146669
totalMSG;3;sin-f150-n200;254259
totalMSGsrcrep;3;sin-f150-n200;238633
totalMSGrepclo;3;sin-f150-n200;15626
totalLATrepclo;3;sin-f150-n200;6.109968
totalLATrepcloSTD;3;sin-f150-n200;nan
totalLATmin;3;sin-f150-n200;12.629571
totalLATmax;3;sin-f150-n200;12.629571
totalLATminSTD;3;sin-f150-n200;4.008531
totalLATmaxSTD;3;sin-f150-n200;4.008531
totalMSG;3;Fstrrep-f150-n200;755662
totalMSGsrcrep;3;Fstrrep-f150-n200;740157
totalMSGrepclo;3;Fstrrep-f150-n200;15505
totalLATrepclo;3;Fstrrep-f150-n200;6.808519
totalLATrepcloSTD;3;Fstrrep-f150-n200;nan
totalLATmin;3;Fstrrep-f150-n200;10.017102
totalLATmax;3;Fstrrep-f150-n200;15.018212
totalLATminSTD;3;Fstrrep-f150-n200;4.122557
totalLATmaxSTD;3;Fstrrep-f150-n200;3.555284
totalMSG;3;rep-f160-n200;838815
totalMSGsrcrep;3;rep-f160-n200;822984
totalMSGrepclo;3;rep-f160-n200;15831
totalLATrepclo;3;rep-f160-n200;7.565511
totalLATrepcloSTD;3;rep-f160-n200;nan
totalLATmin;3;rep-f160-n200;11.264915
totalLATmax;3;rep-f160-n200;15.311849
totalLATminSTD;3;rep-f160-n200;4.170736
totalLATmaxSTD;3;rep-f160-n200;4.245866
totalMSG;3;sin-f160-n200;273090
totalMSGsrcrep;3;sin-f160-n200;255739
totalMSGrepclo;3;sin-f160-n200;17351
totalLATrepclo;3;sin-f160-n200;6.296818
totalLATrepcloSTD;3;sin-f160-n200;0.516969
totalLATmin;3;sin-f160-n200;12.840792
totalLATmax;3;sin-f160-n200;12.840792
totalLATminSTD;3;sin-f160-n200;4.052681
totalLATmaxSTD;3;sin-f160-n200;4.052681
totalMSG;3;Fstrrep-f160-n200;800812
totalMSGsrcrep;3;Fstrrep-f160-n200;784559
totalMSGrepclo;3;Fstrrep-f160-n200;16253
totalLATrepclo;3;Fstrrep-f160-n200;6.888148
totalLATrepcloSTD;3;Fstrrep-f160-n200;nan
totalLATmin;3;Fstrrep-f160-n200;10.270214
totalLATmax;3;Fstrrep-f160-n200;15.211842
totalLATminSTD;3;Fstrrep-f160-n200;4.217453
totalLATmaxSTD;3;Fstrrep-f160-n200;3.595334
totalMSG;3;rep-f170-n200;892288
totalMSGsrcrep;3;rep-f170-n200;874982
totalMSGrepclo;3;rep-f170-n200;17306
totalLATrepclo;3;rep-f170-n200;7.588664
totalLATrepcloSTD;3;rep-f170-n200;nan
totalLATmin;3;rep-f170-n200;11.381112
totalLATmax;3;rep-f170-n200;15.290856
totalLATminSTD;3;rep-f170-n200;4.238328
totalLATmaxSTD;3;rep-f170-n200;4.197808
totalMSG;3;sin-f170-n200;288477
totalMSGsrcrep;3;sin-f170-n200;270255
totalMSGrepclo;3;sin-f170-n200;18222
totalLATrepclo;3;sin-f170-n200;6.460619
totalLATrepcloSTD;3;sin-f170-n200;nan
totalLATmin;3;sin-f170-n200;12.859699
totalLATmax;3;sin-f170-n200;12.859699
totalLATminSTD;3;sin-f170-n200;4.080594
totalLATmaxSTD;3;sin-f170-n200;4.080594
totalMSG;3;Fstrrep-f170-n200;849139
totalMSGsrcrep;3;Fstrrep-f170-n200;832227
totalMSGrepclo;3;Fstrrep-f170-n200;16912
totalLATrepclo;3;Fstrrep-f170-n200;7.206805
totalLATrepcloSTD;3;Fstrrep-f170-n200;nan
totalLATmin;3;Fstrrep-f170-n200;10.499711
totalLATmax;3;Fstrrep-f170-n200;15.450521
totalLATminSTD;3;Fstrrep-f170-n200;4.276858
totalLATmaxSTD;3;Fstrrep-f170-n200;3.775470
totalMSG;3;rep-f180-n200;962767
totalMSGsrcrep;3;rep-f180-n200;944089
totalMSGrepclo;3;rep-f180-n200;18678
totalLATrepclo;3;rep-f180-n200;7.988203
totalLATrepcloSTD;3;rep-f180-n200;nan
totalLATmin;3;rep-f180-n200;11.466276
totalLATmax;3;rep-f180-n200;15.795535
totalLATminSTD;3;rep-f180-n200;4.200281
totalLATmaxSTD;3;rep-f180-n200;4.341144
totalMSG;3;sin-f180-n200;310389
totalMSGsrcrep;3;sin-f180-n200;290969
totalMSGrepclo;3;sin-f180-n200;19420
totalLATrepclo;3;sin-f180-n200;6.297200
totalLATrepcloSTD;3;sin-f180-n200;nan
totalLATmin;3;sin-f180-n200;12.854288
totalLATmax;3;sin-f180-n200;12.854288
totalLATminSTD;3;sin-f180-n200;4.068153
totalLATmaxSTD;3;sin-f180-n200;4.068153
totalMSG;3;Fstrrep-f180-n200;916298
totalMSGsrcrep;3;Fstrrep-f180-n200;897389
totalMSGrepclo;3;Fstrrep-f180-n200;18909
totalLATrepclo;3;Fstrrep-f180-n200;7.422321
totalLATrepcloSTD;3;Fstrrep-f180-n200;nan
totalLATmin;3;Fstrrep-f180-n200;10.710470
totalLATmax;3;Fstrrep-f180-n200;15.308830
totalLATminSTD;3;Fstrrep-f180-n200;4.387092
totalLATmaxSTD;3;Fstrrep-f180-n200;3.730154
totalMSG;3;rep-f190-n200;1011274
totalMSGsrcrep;3;rep-f190-n200;991725
totalMSGrepclo;3;rep-f190-n200;19549
totalLATrepclo;3;rep-f190-n200;8.362276
totalLATrepcloSTD;3;rep-f190-n200;nan
totalLATmin;3;rep-f190-n200;11.465137
totalLATmax;3;rep-f190-n200;15.692188
totalLATminSTD;3;rep-f190-n200;4.271526
totalLATmaxSTD;3;rep-f190-n200;4.255581
totalMSG;3;sin-f190-n200;327660
totalMSGsrcrep;3;sin-f190-n200;307208
totalMSGrepclo;3;sin-f190-n200;20452
totalLATrepclo;3;sin-f190-n200;6.491741
totalLATrepcloSTD;3;sin-f190-n200;nan
totalLATmin;3;sin-f190-n200;12.923602
totalLATmax;3;sin-f190-n200;12.923602
totalLATminSTD;3;sin-f190-n200;4.123528
totalLATmaxSTD;3;sin-f190-n200;4.123528
totalMSG;3;Fstrrep-f190-n200;965711
totalMSGsrcrep;3;Fstrrep-f190-n200;945778
totalMSGrepclo;3;Fstrrep-f190-n200;19933
totalLATrepclo;3;Fstrrep-f190-n200;7.532957
totalLATrepcloSTD;3;Fstrrep-f190-n200;nan
totalLATmin;3;Fstrrep-f190-n200;10.722664
totalLATmax;3;Fstrrep-f190-n200;15.296093
totalLATminSTD;3;Fstrrep-f190-n200;4.400634
totalLATmaxSTD;3;Fstrrep-f190-n200;3.664174
totalMSG;3;rep-f200-n200;1068043
totalMSGsrcrep;3;rep-f200-n200;1047302
totalMSGrepclo;3;rep-f200-n200;20741
totalLATrepclo;3;rep-f200-n200;9.242643
totalLATrepcloSTD;3;rep-f200-n200;nan
totalLATmin;3;rep-f200-n200;11.544469
totalLATmax;3;rep-f200-n200;15.846022
totalLATminSTD;3;rep-f200-n200;4.288426
totalLATmaxSTD;3;rep-f200-n200;4.192649
totalMSG;3;sin-f200-n200;346826
totalMSGsrcrep;3;sin-f200-n200;324938
totalMSGrepclo;3;sin-f200-n200;21888
totalLATrepclo;3;sin-f200-n200;6.529715
totalLATrepcloSTD;3;sin-f200-n200;nan
totalLATmin;3;sin-f200-n200;13.058875
totalLATmax;3;sin-f200-n200;13.058875
totalLATminSTD;3;sin-f200-n200;4.149551
totalLATmaxSTD;3;sin-f200-n200;4.149551
totalMSG;3;Fstrrep-f200-n200;1022044
totalMSGsrcrep;3;Fstrrep-f200-n200;1001451
totalMSGrepclo;3;Fstrrep-f200-n200;20593
totalLATrepclo;3;Fstrrep-f200-n200;7.863518
totalLATrepcloSTD;3;Fstrrep-f200-n200;nan
totalLATmin;3;Fstrrep-f200-n200;10.866138
totalLATmax;3;Fstrrep-f200-n200;15.252385
totalLATminSTD;3;Fstrrep-f200-n200;4.399792
totalLATmaxSTD;3;Fstrrep-f200-n200;3.712579
totalMSG;4;rep-f100-n200;518275
totalMSGsrcrep;4;rep-f100-n200;508636
totalMSGrepclo;4;rep-f100-n200;9639
totalLATrepclo;4;rep-f100-n200;6.035960
totalLATrepcloSTD;4;rep-f100-n200;nan
totalLATmin;4;rep-f100-n200;10.889838
totalLATmax;4;rep-f100-n200;14.730960
totalLATminSTD;4;rep-f100-n200;4.314936
totalLATmaxSTD;4;rep-f100-n200;4.165866
totalMSG;4;sin-f100-n200;176776
totalMSGsrcrep;4;sin-f100-n200;165873
totalMSGrepclo;4;sin-f100-n200;10903
totalLATrepclo;4;sin-f100-n200;5.471197
totalLATrepcloSTD;4;sin-f100-n200;0.279258
totalLATmin;4;sin-f100-n200;12.311165
totalLATmax;4;sin-f100-n200;12.311165
totalLATminSTD;4;sin-f100-n200;3.899197
totalLATmaxSTD;4;sin-f100-n200;3.899197
totalMSG;4;Fstrrep-f100-n200;493282
totalMSGsrcrep;4;Fstrrep-f100-n200;483560
totalMSGrepclo;4;Fstrrep-f100-n200;9722
totalLATrepclo;4;Fstrrep-f100-n200;5.859225
totalLATrepcloSTD;4;Fstrrep-f100-n200;nan
totalLATmin;4;Fstrrep-f100-n200;9.499386
totalLATmax;4;Fstrrep-f100-n200;14.681574
totalLATminSTD;4;Fstrrep-f100-n200;4.068712
totalLATmaxSTD;4;Fstrrep-f100-n200;3.582110
totalMSG;4;rep-f110-n200;572328
totalMSGsrcrep;4;rep-f110-n200;561329
totalMSGrepclo;4;rep-f110-n200;10999
totalLATrepclo;4;rep-f110-n200;6.257567
totalLATrepcloSTD;4;rep-f110-n200;0.554275
totalLATmin;4;rep-f110-n200;10.766280
totalLATmax;4;rep-f110-n200;14.657810
totalLATminSTD;4;rep-f110-n200;4.142626
totalLATmaxSTD;4;rep-f110-n200;4.162652
totalMSG;4;sin-f110-n200;191734
totalMSGsrcrep;4;sin-f110-n200;179515
totalMSGrepclo;4;sin-f110-n200;12219
totalLATrepclo;4;sin-f110-n200;5.500934
totalLATrepcloSTD;4;sin-f110-n200;0.358346
totalLATmin;4;sin-f110-n200;12.263510
totalLATmax;4;sin-f110-n200;12.263510
totalLATminSTD;4;sin-f110-n200;3.994345
totalLATmaxSTD;4;sin-f110-n200;3.994345
totalMSG;4;Fstrrep-f110-n200;541522
totalMSGsrcrep;4;Fstrrep-f110-n200;530429
totalMSGrepclo;4;Fstrrep-f110-n200;11093
totalLATrepclo;4;Fstrrep-f110-n200;6.197947
totalLATrepcloSTD;4;Fstrrep-f110-n200;nan
totalLATmin;4;Fstrrep-f110-n200;9.802680
totalLATmax;4;Fstrrep-f110-n200;14.593378
totalLATminSTD;4;Fstrrep-f110-n200;4.022247
totalLATmaxSTD;4;Fstrrep-f110-n200;3.641590
totalMSG;4;rep-f120-n200;633138
totalMSGsrcrep;4;rep-f120-n200;621163
totalMSGrepclo;4;rep-f120-n200;11975
totalLATrepclo;4;rep-f120-n200;6.881111
totalLATrepcloSTD;4;rep-f120-n200;nan
totalLATmin;4;rep-f120-n200;10.871183
totalLATmax;4;rep-f120-n200;14.865508
totalLATminSTD;4;rep-f120-n200;4.156005
totalLATmaxSTD;4;rep-f120-n200;4.017754
totalMSG;4;sin-f120-n200;211647
totalMSGsrcrep;4;sin-f120-n200;198384
totalMSGrepclo;4;sin-f120-n200;13263
totalLATrepclo;4;sin-f120-n200;5.701748
totalLATrepcloSTD;4;sin-f120-n200;nan
totalLATmin;4;sin-f120-n200;12.190496
totalLATmax;4;sin-f120-n200;12.190496
totalLATminSTD;4;sin-f120-n200;3.956966
totalLATmaxSTD;4;sin-f120-n200;3.956966
totalMSG;4;Fstrrep-f120-n200;602385
totalMSGsrcrep;4;Fstrrep-f120-n200;590546
totalMSGrepclo;4;Fstrrep-f120-n200;11839
totalLATrepclo;4;Fstrrep-f120-n200;6.320672
totalLATrepcloSTD;4;Fstrrep-f120-n200;nan
totalLATmin;4;Fstrrep-f120-n200;9.873083
totalLATmax;4;Fstrrep-f120-n200;14.852732
totalLATminSTD;4;Fstrrep-f120-n200;4.189963
totalLATmaxSTD;4;Fstrrep-f120-n200;3.719342
totalMSG;4;rep-f130-n200;684082
totalMSGsrcrep;4;rep-f130-n200;671062
totalMSGrepclo;4;rep-f130-n200;13020
totalLATrepclo;4;rep-f130-n200;6.917624
totalLATrepcloSTD;4;rep-f130-n200;nan
totalLATmin;4;rep-f130-n200;11.168230
totalLATmax;4;rep-f130-n200;15.021036
totalLATminSTD;4;rep-f130-n200;4.306275
totalLATmaxSTD;4;rep-f130-n200;4.043759
totalMSG;4;sin-f130-n200;228637
totalMSGsrcrep;4;sin-f130-n200;214083
totalMSGrepclo;4;sin-f130-n200;14554
totalLATrepclo;4;sin-f130-n200;5.957917
totalLATrepcloSTD;4;sin-f130-n200;nan
totalLATmin;4;sin-f130-n200;12.453293
totalLATmax;4;sin-f130-n200;12.453293
totalLATminSTD;4;sin-f130-n200;4.132159
totalLATmaxSTD;4;sin-f130-n200;4.132159
totalMSG;4;Fstrrep-f130-n200;649669
totalMSGsrcrep;4;Fstrrep-f130-n200;636551
totalMSGrepclo;4;Fstrrep-f130-n200;13118
totalLATrepclo;4;Fstrrep-f130-n200;6.160523
totalLATrepcloSTD;4;Fstrrep-f130-n200;nan
totalLATmin;4;Fstrrep-f130-n200;9.943155
totalLATmax;4;Fstrrep-f130-n200;14.960459
totalLATminSTD;4;Fstrrep-f130-n200;4.213236
totalLATmaxSTD;4;Fstrrep-f130-n200;3.680103
totalMSG;4;rep-f140-n200;732389
totalMSGsrcrep;4;rep-f140-n200;718382
totalMSGrepclo;4;rep-f140-n200;14007
totalLATrepclo;4;rep-f140-n200;7.249251
totalLATrepcloSTD;4;rep-f140-n200;nan
totalLATmin;4;rep-f140-n200;10.967615
totalLATmax;4;rep-f140-n200;14.887667
totalLATminSTD;4;rep-f140-n200;4.066482
totalLATmaxSTD;4;rep-f140-n200;3.963648
totalMSG;4;sin-f140-n200;247002
totalMSGsrcrep;4;sin-f140-n200;231344
totalMSGrepclo;4;sin-f140-n200;15658
totalLATrepclo;4;sin-f140-n200;6.103990
totalLATrepcloSTD;4;sin-f140-n200;nan
totalLATmin;4;sin-f140-n200;12.612238
totalLATmax;4;sin-f140-n200;12.612238
totalLATminSTD;4;sin-f140-n200;4.096984
totalLATmaxSTD;4;sin-f140-n200;4.096984
totalMSG;4;Fstrrep-f140-n200;706375
totalMSGsrcrep;4;Fstrrep-f140-n200;691878
totalMSGrepclo;4;Fstrrep-f140-n200;14497
totalLATrepclo;4;Fstrrep-f140-n200;6.808074
totalLATrepcloSTD;4;Fstrrep-f140-n200;nan
totalLATmin;4;Fstrrep-f140-n200;10.142547
totalLATmax;4;Fstrrep-f140-n200;14.989208
totalLATminSTD;4;Fstrrep-f140-n200;4.095980
totalLATmaxSTD;4;Fstrrep-f140-n200;3.621298
totalMSG;4;rep-f150-n200;801899
totalMSGsrcrep;4;rep-f150-n200;786942
totalMSGrepclo;4;rep-f150-n200;14957
totalLATrepclo;4;rep-f150-n200;7.177681
totalLATrepcloSTD;4;rep-f150-n200;0.897551
totalLATmin;4;rep-f150-n200;11.058699
totalLATmax;4;rep-f150-n200;15.093681
totalLATminSTD;4;rep-f150-n200;4.068588
totalLATmaxSTD;4;rep-f150-n200;4.146669
totalMSG;4;sin-f150-n200;270146
totalMSGsrcrep;4;sin-f150-n200;253137
totalMSGrepclo;4;sin-f150-n200;17009
totalLATrepclo;4;sin-f150-n200;6.108007
totalLATrepcloSTD;4;sin-f150-n200;0.467004
totalLATmin;4;sin-f150-n200;12.629571
totalLATmax;4;sin-f150-n200;12.629571
totalLATminSTD;4;sin-f150-n200;4.008531
totalLATmaxSTD;4;sin-f150-n200;4.008531
totalMSG;4;Fstrrep-f150-n200;768619
totalMSGsrcrep;4;Fstrrep-f150-n200;752925
totalMSGrepclo;4;Fstrrep-f150-n200;15694
totalLATrepclo;4;Fstrrep-f150-n200;6.812177
totalLATrepcloSTD;4;Fstrrep-f150-n200;nan
totalLATmin;4;Fstrrep-f150-n200;10.017102
totalLATmax;4;Fstrrep-f150-n200;15.018212
totalLATminSTD;4;Fstrrep-f150-n200;4.122557
totalLATmaxSTD;4;Fstrrep-f150-n200;3.555284
totalMSG;4;rep-f160-n200;855260
totalMSGsrcrep;4;rep-f160-n200;839053
totalMSGrepclo;4;rep-f160-n200;16207
totalLATrepclo;4;rep-f160-n200;7.570488
totalLATrepcloSTD;4;rep-f160-n200;nan
totalLATmin;4;rep-f160-n200;11.264915
totalLATmax;4;rep-f160-n200;15.311849
totalLATminSTD;4;rep-f160-n200;4.170736
totalLATmaxSTD;4;rep-f160-n200;4.245866
totalMSG;4;sin-f160-n200;289628
totalMSGsrcrep;4;sin-f160-n200;271276
totalMSGrepclo;4;sin-f160-n200;18352
totalLATrepclo;4;sin-f160-n200;6.277924
totalLATrepcloSTD;4;sin-f160-n200;nan
totalLATmin;4;sin-f160-n200;12.840792
totalLATmax;4;sin-f160-n200;12.840792
totalLATminSTD;4;sin-f160-n200;4.052681
totalLATmaxSTD;4;sin-f160-n200;4.052681
totalMSG;4;Fstrrep-f160-n200;815446
totalMSGsrcrep;4;Fstrrep-f160-n200;798303
totalMSGrepclo;4;Fstrrep-f160-n200;17143
totalLATrepclo;4;Fstrrep-f160-n200;6.953780
totalLATrepcloSTD;4;Fstrrep-f160-n200;nan
totalLATmin;4;Fstrrep-f160-n200;10.270214
totalLATmax;4;Fstrrep-f160-n200;15.211842
totalLATminSTD;4;Fstrrep-f160-n200;4.217453
totalLATmaxSTD;4;Fstrrep-f160-n200;3.595334
totalMSG;4;rep-f170-n200;910240
totalMSGsrcrep;4;rep-f170-n200;892601
totalMSGrepclo;4;rep-f170-n200;17639
totalLATrepclo;4;rep-f170-n200;7.676959
totalLATrepcloSTD;4;rep-f170-n200;nan
totalLATmin;4;rep-f170-n200;11.381112
totalLATmax;4;rep-f170-n200;15.290856
totalLATminSTD;4;rep-f170-n200;4.238328
totalLATmaxSTD;4;rep-f170-n200;4.197808
totalMSG;4;sin-f170-n200;305865
totalMSGsrcrep;4;sin-f170-n200;286678
totalMSGrepclo;4;sin-f170-n200;19187
totalLATrepclo;4;sin-f170-n200;6.468527
totalLATrepcloSTD;4;sin-f170-n200;nan
totalLATmin;4;sin-f170-n200;12.859699
totalLATmax;4;sin-f170-n200;12.859699
totalLATminSTD;4;sin-f170-n200;4.080594
totalLATmaxSTD;4;sin-f170-n200;4.080594
totalMSG;4;Fstrrep-f170-n200;865629
totalMSGsrcrep;4;Fstrrep-f170-n200;848188
totalMSGrepclo;4;Fstrrep-f170-n200;17441
totalLATrepclo;4;Fstrrep-f170-n200;7.334573
totalLATrepcloSTD;4;Fstrrep-f170-n200;nan
totalLATmin;4;Fstrrep-f170-n200;10.499711
totalLATmax;4;Fstrrep-f170-n200;15.450521
totalLATminSTD;4;Fstrrep-f170-n200;4.276858
totalLATmaxSTD;4;Fstrrep-f170-n200;3.775470
totalMSG;4;rep-f180-n200;982964
totalMSGsrcrep;4;rep-f180-n200;963520
totalMSGrepclo;4;rep-f180-n200;19444
totalLATrepclo;4;rep-f180-n200;8.003297
totalLATrepcloSTD;4;rep-f180-n200;nan
totalLATmin;4;rep-f180-n200;11.466276
totalLATmax;4;rep-f180-n200;15.795535
totalLATminSTD;4;rep-f180-n200;4.200281
totalLATmaxSTD;4;rep-f180-n200;4.341144
totalMSG;4;sin-f180-n200;329597
totalMSGsrcrep;4;sin-f180-n200;308912
totalMSGrepclo;4;sin-f180-n200;20685
totalLATrepclo;4;sin-f180-n200;6.280714
totalLATrepcloSTD;4;sin-f180-n200;nan
totalLATmin;4;sin-f180-n200;12.854288
totalLATmax;4;sin-f180-n200;12.854288
totalLATminSTD;4;sin-f180-n200;4.068153
totalLATmaxSTD;4;sin-f180-n200;4.068153
totalMSG;4;Fstrrep-f180-n200;933939
totalMSGsrcrep;4;Fstrrep-f180-n200;914958
totalMSGrepclo;4;Fstrrep-f180-n200;18981
totalLATrepclo;4;Fstrrep-f180-n200;7.358913
totalLATrepcloSTD;4;Fstrrep-f180-n200;nan
totalLATmin;4;Fstrrep-f180-n200;10.710470
totalLATmax;4;Fstrrep-f180-n200;15.308830
totalLATminSTD;4;Fstrrep-f180-n200;4.387092
totalLATmaxSTD;4;Fstrrep-f180-n200;3.730154
totalMSG;4;rep-f190-n200;1032875
totalMSGsrcrep;4;rep-f190-n200;1012477
totalMSGrepclo;4;rep-f190-n200;20398
totalLATrepclo;4;rep-f190-n200;8.339535
totalLATrepcloSTD;4;rep-f190-n200;nan
totalLATmin;4;rep-f190-n200;11.465137
totalLATmax;4;rep-f190-n200;15.692188
totalLATminSTD;4;rep-f190-n200;4.271526
totalLATmaxSTD;4;rep-f190-n200;4.255581
totalMSG;4;sin-f190-n200;348128
totalMSGsrcrep;4;sin-f190-n200;326195
totalMSGrepclo;4;sin-f190-n200;21933
totalLATrepclo;4;sin-f190-n200;6.419376
totalLATrepcloSTD;4;sin-f190-n200;0.539474
totalLATmin;4;sin-f190-n200;12.923602
totalLATmax;4;sin-f190-n200;12.923602
totalLATminSTD;4;sin-f190-n200;4.123528
totalLATmaxSTD;4;sin-f190-n200;4.123528
totalMSG;4;Fstrrep-f190-n200;984576
totalMSGsrcrep;4;Fstrrep-f190-n200;963684
totalMSGrepclo;4;Fstrrep-f190-n200;20892
totalLATrepclo;4;Fstrrep-f190-n200;7.470739
totalLATrepcloSTD;4;Fstrrep-f190-n200;nan
totalLATmin;4;Fstrrep-f190-n200;10.722664
totalLATmax;4;Fstrrep-f190-n200;15.296093
totalLATminSTD;4;Fstrrep-f190-n200;4.400634
totalLATmaxSTD;4;Fstrrep-f190-n200;3.664174
totalMSG;4;rep-f200-n200;1090592
totalMSGsrcrep;4;rep-f200-n200;1069117
totalMSGrepclo;4;rep-f200-n200;21475
totalLATrepclo;4;rep-f200-n200;8.959558
totalLATrepcloSTD;4;rep-f200-n200;nan
totalLATmin;4;rep-f200-n200;11.544469
totalLATmax;4;rep-f200-n200;15.846022
totalLATminSTD;4;rep-f200-n200;4.288426
totalLATmaxSTD;4;rep-f200-n200;4.192649
totalMSG;4;sin-f200-n200;368479
totalMSGsrcrep;4;sin-f200-n200;345281
totalMSGrepclo;4;sin-f200-n200;23198
totalLATrepclo;4;sin-f200-n200;6.580299
totalLATrepcloSTD;4;sin-f200-n200;nan
totalLATmin;4;sin-f200-n200;13.058875
totalLATmax;4;sin-f200-n200;13.058875
totalLATminSTD;4;sin-f200-n200;4.149551
totalLATmaxSTD;4;sin-f200-n200;4.149551
totalMSG;4;Fstrrep-f200-n200;1042415
totalMSGsrcrep;4;Fstrrep-f200-n200;1021364
totalMSGrepclo;4;Fstrrep-f200-n200;21051
totalLATrepclo;4;Fstrrep-f200-n200;7.872097
totalLATrepcloSTD;4;Fstrrep-f200-n200;nan
totalLATmin;4;Fstrrep-f200-n200;10.866138
totalLATmax;4;Fstrrep-f200-n200;15.252385
totalLATminSTD;4;Fstrrep-f200-n200;4.399792
totalLATmaxSTD;4;Fstrrep-f200-n200;3.712579
