totalMSG;0;rep-f100-n100;240750
totalMSGsrcrep;0;rep-f100-n100;235261
totalMSGrepclo;0;rep-f100-n100;5489
totalLATrepclo;0;rep-f100-n100;5.870191
totalLATrepcloSTD;0;rep-f100-n100;0.478859
totalLATmin;0;rep-f100-n100;7.591527
totalLATmax;0;rep-f100-n100;11.682244
totalLATminSTD;0;rep-f100-n100;3.633437
totalLATmaxSTD;0;rep-f100-n100;3.556405
totalMSG;0;sin-f100-n100;91507
totalMSGsrcrep;0;sin-f100-n100;83880
totalMSGrepclo;0;sin-f100-n100;7627
totalLATrepclo;0;sin-f100-n100;5.954952
totalLATrepcloSTD;0;sin-f100-n100;nan
totalLATmin;0;sin-f100-n100;9.084888
totalLATmax;0;sin-f100-n100;9.084888
totalLATminSTD;0;sin-f100-n100;3.751266
totalLATmaxSTD;0;sin-f100-n100;3.751266
totalMSG;0;Fstrrep-f100-n100;248793
totalMSGsrcrep;0;Fstrrep-f100-n100;243617
totalMSGrepclo;0;Fstrrep-f100-n100;5176
totalLATrepclo;0;Fstrrep-f100-n100;6.256307
totalLATrepcloSTD;0;Fstrrep-f100-n100;nan
totalLATmin;0;Fstrrep-f100-n100;7.670277
totalLATmax;0;Fstrrep-f100-n100;11.936339
totalLATminSTD;0;Fstrrep-f100-n100;3.699521
totalLATmaxSTD;0;Fstrrep-f100-n100;3.662672
totalMSG;0;rep-f100-n120;296761
totalMSGsrcrep;0;rep-f100-n120;291037
totalMSGrepclo;0;rep-f100-n120;5724
totalLATrepclo;0;rep-f100-n120;5.459611
totalLATrepcloSTD;0;rep-f100-n120;nan
totalLATmin;0;rep-f100-n120;8.530791
totalLATmax;0;rep-f100-n120;12.598259
totalLATminSTD;0;rep-f100-n120;4.133422
totalLATmaxSTD;0;rep-f100-n120;4.161907
totalMSG;0;sin-f100-n120;105295
totalMSGsrcrep;0;sin-f100-n120;97567
totalMSGrepclo;0;sin-f100-n120;7728
totalLATrepclo;0;sin-f100-n120;7.149289
totalLATrepcloSTD;0;sin-f100-n120;nan
totalLATmin;0;sin-f100-n120;9.859250
totalLATmax;0;sin-f100-n120;9.859250
totalLATminSTD;0;sin-f100-n120;4.167608
totalLATmaxSTD;0;sin-f100-n120;4.167608
totalMSG;0;Fstrrep-f100-n120;325416
totalMSGsrcrep;0;Fstrrep-f100-n120;319155
totalMSGrepclo;0;Fstrrep-f100-n120;6261
totalLATrepclo;0;Fstrrep-f100-n120;5.790502
totalLATrepcloSTD;0;Fstrrep-f100-n120;nan
totalLATmin;0;Fstrrep-f100-n120;8.784476
totalLATmax;0;Fstrrep-f100-n120;14.195098
totalLATminSTD;0;Fstrrep-f100-n120;3.942648
totalLATmaxSTD;0;Fstrrep-f100-n120;4.039056
totalMSG;0;rep-f100-n140;340355
totalMSGsrcrep;0;rep-f100-n140;333252
totalMSGrepclo;0;rep-f100-n140;7103
totalLATrepclo;0;rep-f100-n140;5.510541
totalLATrepcloSTD;0;rep-f100-n140;nan
totalLATmin;0;rep-f100-n140;8.940892
totalLATmax;0;rep-f100-n140;12.092902
totalLATminSTD;0;rep-f100-n140;3.954759
totalLATmaxSTD;0;rep-f100-n140;3.911496
totalMSG;0;sin-f100-n140;114873
totalMSGsrcrep;0;sin-f100-n140;105887
totalMSGrepclo;0;sin-f100-n140;8986
totalLATrepclo;0;sin-f100-n140;5.200248
totalLATrepcloSTD;0;sin-f100-n140;nan
totalLATmin;0;sin-f100-n140;8.925823
totalLATmax;0;sin-f100-n140;8.925823
totalLATminSTD;0;sin-f100-n140;3.816948
totalLATmaxSTD;0;sin-f100-n140;3.816948
totalMSG;0;Fstrrep-f100-n140;365002
totalMSGsrcrep;0;Fstrrep-f100-n140;357493
totalMSGrepclo;0;Fstrrep-f100-n140;7509
totalLATrepclo;0;Fstrrep-f100-n140;5.250954
totalLATrepcloSTD;0;Fstrrep-f100-n140;nan
totalLATmin;0;Fstrrep-f100-n140;8.749081
totalLATmax;0;Fstrrep-f100-n140;13.196373
totalLATminSTD;0;Fstrrep-f100-n140;3.718369
totalLATmaxSTD;0;Fstrrep-f100-n140;3.607411
totalMSG;0;rep-f100-n160;382254
totalMSGsrcrep;0;rep-f100-n160;374610
totalMSGrepclo;0;rep-f100-n160;7644
totalLATrepclo;0;rep-f100-n160;4.999562
totalLATrepcloSTD;0;rep-f100-n160;nan
totalLATmin;0;rep-f100-n160;9.388882
totalLATmax;0;rep-f100-n160;13.170287
totalLATminSTD;0;rep-f100-n160;4.362456
totalLATmaxSTD;0;rep-f100-n160;4.204160
totalMSG;0;sin-f100-n160;136354
totalMSGsrcrep;0;sin-f100-n160;125952
totalMSGrepclo;0;sin-f100-n160;10402
totalLATrepclo;0;sin-f100-n160;6.891141
totalLATrepcloSTD;0;sin-f100-n160;nan
totalLATmin;0;sin-f100-n160;11.002127
totalLATmax;0;sin-f100-n160;11.002127
totalLATminSTD;0;sin-f100-n160;4.408498
totalLATmaxSTD;0;sin-f100-n160;4.408498
totalMSG;0;Fstrrep-f100-n160;424207
totalMSGsrcrep;0;Fstrrep-f100-n160;415228
totalMSGrepclo;0;Fstrrep-f100-n160;8979
totalLATrepclo;0;Fstrrep-f100-n160;5.681532
totalLATrepcloSTD;0;Fstrrep-f100-n160;nan
totalLATmin;0;Fstrrep-f100-n160;9.576450
totalLATmax;0;Fstrrep-f100-n160;14.501706
totalLATminSTD;0;Fstrrep-f100-n160;4.315056
totalLATmaxSTD;0;Fstrrep-f100-n160;4.096683
totalMSG;0;rep-f100-n180;478871
totalMSGsrcrep;0;rep-f100-n180;469413
totalMSGrepclo;0;rep-f100-n180;9458
totalLATrepclo;0;rep-f100-n180;7.142758
totalLATrepcloSTD;0;rep-f100-n180;nan
totalLATmin;0;rep-f100-n180;10.090168
totalLATmax;0;rep-f100-n180;14.618419
totalLATminSTD;0;rep-f100-n180;4.440996
totalLATmaxSTD;0;rep-f100-n180;4.081696
totalMSG;0;sin-f100-n180;161811
totalMSGsrcrep;0;sin-f100-n180;150227
totalMSGrepclo;0;sin-f100-n180;11584
totalLATrepclo;0;sin-f100-n180;8.447463
totalLATrepcloSTD;0;sin-f100-n180;0.472593
totalLATmin;0;sin-f100-n180;11.898431
totalLATmax;0;sin-f100-n180;11.898431
totalLATminSTD;0;sin-f100-n180;4.667880
totalLATmaxSTD;0;sin-f100-n180;4.667880
totalMSG;0;Fstrrep-f100-n180;519527
totalMSGsrcrep;0;Fstrrep-f100-n180;508773
totalMSGrepclo;0;Fstrrep-f100-n180;10754
totalLATrepclo;0;Fstrrep-f100-n180;6.862912
totalLATrepcloSTD;0;Fstrrep-f100-n180;nan
totalLATmin;0;Fstrrep-f100-n180;10.419024
totalLATmax;0;Fstrrep-f100-n180;15.572171
totalLATminSTD;0;Fstrrep-f100-n180;4.044525
totalLATmaxSTD;0;Fstrrep-f100-n180;3.813059
totalMSG;0;rep-f100-n200;526245
totalMSGsrcrep;0;rep-f100-n200;515876
totalMSGrepclo;0;rep-f100-n200;10369
totalLATrepclo;0;rep-f100-n200;6.775820
totalLATrepcloSTD;0;rep-f100-n200;nan
totalLATmin;0;rep-f100-n200;10.710826
totalLATmax;0;rep-f100-n200;14.885274
totalLATminSTD;0;rep-f100-n200;3.917057
totalLATmaxSTD;0;rep-f100-n200;4.054049
totalMSG;0;sin-f100-n200;187701
totalMSGsrcrep;0;sin-f100-n200;175785
totalMSGrepclo;0;sin-f100-n200;11916
totalLATrepclo;0;sin-f100-n200;5.503819
totalLATrepcloSTD;0;sin-f100-n200;0.322213
totalLATmin;0;sin-f100-n200;12.311165
totalLATmax;0;sin-f100-n200;12.311165
totalLATminSTD;0;sin-f100-n200;3.899197
totalLATmaxSTD;0;sin-f100-n200;3.899197
totalMSG;0;Fstrrep-f100-n200;600035
totalMSGsrcrep;0;Fstrrep-f100-n200;588287
totalMSGrepclo;0;Fstrrep-f100-n200;11748
totalLATrepclo;0;Fstrrep-f100-n200;7.406036
totalLATrepcloSTD;0;Fstrrep-f100-n200;nan
totalLATmin;0;Fstrrep-f100-n200;12.055748
totalLATmax;0;Fstrrep-f100-n200;16.565090
totalLATminSTD;0;Fstrrep-f100-n200;4.254853
totalLATmaxSTD;0;Fstrrep-f100-n200;4.103481
totalMSG;0;rep-f100-n220;612435
totalMSGsrcrep;0;rep-f100-n220;600327
totalMSGrepclo;0;rep-f100-n220;12108
totalLATrepclo;0;rep-f100-n220;6.649906
totalLATrepcloSTD;0;rep-f100-n220;nan
totalLATmin;0;rep-f100-n220;9.810122
totalLATmax;0;rep-f100-n220;13.886902
totalLATminSTD;0;rep-f100-n220;4.608773
totalLATmaxSTD;0;rep-f100-n220;4.455090
totalMSG;0;sin-f100-n220;223568
totalMSGsrcrep;0;sin-f100-n220;209003
totalMSGrepclo;0;sin-f100-n220;14565
totalLATrepclo;0;sin-f100-n220;7.173214
totalLATrepcloSTD;0;sin-f100-n220;nan
totalLATmin;0;sin-f100-n220;12.325023
totalLATmax;0;sin-f100-n220;12.325023
totalLATminSTD;0;sin-f100-n220;4.853925
totalLATmaxSTD;0;sin-f100-n220;4.853925
totalMSG;0;Fstrrep-f100-n220;688327
totalMSGsrcrep;0;Fstrrep-f100-n220;674384
totalMSGrepclo;0;Fstrrep-f100-n220;13943
totalLATrepclo;0;Fstrrep-f100-n220;7.543560
totalLATrepcloSTD;0;Fstrrep-f100-n220;nan
totalLATmin;0;Fstrrep-f100-n220;10.722369
totalLATmax;0;Fstrrep-f100-n220;15.816437
totalLATminSTD;0;Fstrrep-f100-n220;4.435899
totalLATmaxSTD;0;Fstrrep-f100-n220;4.406394
totalMSG;0;rep-f100-n240;649795
totalMSGsrcrep;0;rep-f100-n240;637416
totalMSGrepclo;0;rep-f100-n240;12379
totalLATrepclo;0;rep-f100-n240;6.698404
totalLATrepcloSTD;0;rep-f100-n240;nan
totalLATmin;0;rep-f100-n240;10.214185
totalLATmax;0;rep-f100-n240;14.690900
totalLATminSTD;0;rep-f100-n240;4.296694
totalLATmaxSTD;0;rep-f100-n240;3.998013
totalMSG;0;sin-f100-n240;195559
totalMSGsrcrep;0;sin-f100-n240;183181
totalMSGrepclo;0;sin-f100-n240;12378
totalLATrepclo;0;sin-f100-n240;5.435459
totalLATrepcloSTD;0;sin-f100-n240;nan
totalLATmin;0;sin-f100-n240;10.850555
totalLATmax;0;sin-f100-n240;10.850555
totalLATminSTD;0;sin-f100-n240;4.102080
totalLATmaxSTD;0;sin-f100-n240;4.102080
totalMSG;0;Fstrrep-f100-n240;742769
totalMSGsrcrep;0;Fstrrep-f100-n240;727925
totalMSGrepclo;0;Fstrrep-f100-n240;14844
totalLATrepclo;0;Fstrrep-f100-n240;8.074252
totalLATrepcloSTD;0;Fstrrep-f100-n240;nan
totalLATmin;0;Fstrrep-f100-n240;11.517865
totalLATmax;0;Fstrrep-f100-n240;16.517954
totalLATminSTD;0;Fstrrep-f100-n240;4.513320
totalLATmaxSTD;0;Fstrrep-f100-n240;4.149957
totalMSG;0;rep-f100-n260;679736
totalMSGsrcrep;0;rep-f100-n260;665763
totalMSGrepclo;0;rep-f100-n260;13973
totalLATrepclo;0;rep-f100-n260;396.658999
totalLATrepcloSTD;0;rep-f100-n260;212.675293
totalLATmin;0;rep-f100-n260;9.744092
totalLATmax;0;rep-f100-n260;13.888934
totalLATminSTD;0;rep-f100-n260;4.409121
totalLATmaxSTD;0;rep-f100-n260;4.081230
totalMSG;0;sin-f100-n260;216727
totalMSGsrcrep;0;sin-f100-n260;203089
totalMSGrepclo;0;sin-f100-n260;13638
totalLATrepclo;0;sin-f100-n260;5.780359
totalLATrepcloSTD;0;sin-f100-n260;nan
totalLATmin;0;sin-f100-n260;10.598730
totalLATmax;0;sin-f100-n260;10.598730
totalLATminSTD;0;sin-f100-n260;3.561201
totalLATmaxSTD;0;sin-f100-n260;3.561201
totalMSG;0;Fstrrep-f100-n260;760317
totalMSGsrcrep;0;Fstrrep-f100-n260;744507
totalMSGrepclo;0;Fstrrep-f100-n260;15810
totalLATrepclo;0;Fstrrep-f100-n260;182.528901
totalLATrepcloSTD;0;Fstrrep-f100-n260;nan
totalLATmin;0;Fstrrep-f100-n260;10.518435
totalLATmax;0;Fstrrep-f100-n260;15.500273
totalLATminSTD;0;Fstrrep-f100-n260;4.211497
totalLATmaxSTD;0;Fstrrep-f100-n260;3.640757
totalMSG;0;rep-f100-n280;722724
totalMSGsrcrep;0;rep-f100-n280;708242
totalMSGrepclo;0;rep-f100-n280;14482
totalLATrepclo;0;rep-f100-n280;5.473251
totalLATrepcloSTD;0;rep-f100-n280;0.887526
totalLATmin;0;rep-f100-n280;10.031411
totalLATmax;0;rep-f100-n280;14.248002
totalLATminSTD;0;rep-f100-n280;4.030358
totalLATmaxSTD;0;rep-f100-n280;4.034900
totalMSG;0;sin-f100-n280;228570
totalMSGsrcrep;0;sin-f100-n280;212950
totalMSGrepclo;0;sin-f100-n280;15620
totalLATrepclo;0;sin-f100-n280;6.316941
totalLATrepcloSTD;0;sin-f100-n280;nan
totalLATmin;0;sin-f100-n280;11.224511
totalLATmax;0;sin-f100-n280;11.224511
totalLATminSTD;0;sin-f100-n280;4.503511
totalLATmaxSTD;0;sin-f100-n280;4.503511
totalMSG;0;Fstrrep-f100-n280;839997
totalMSGsrcrep;0;Fstrrep-f100-n280;822377
totalMSGrepclo;0;Fstrrep-f100-n280;17620
totalLATrepclo;0;Fstrrep-f100-n280;6.742824
totalLATrepcloSTD;0;Fstrrep-f100-n280;0.933582
totalLATmin;0;Fstrrep-f100-n280;11.059334
totalLATmax;0;Fstrrep-f100-n280;16.366343
totalLATminSTD;0;Fstrrep-f100-n280;4.154813
totalLATmaxSTD;0;Fstrrep-f100-n280;4.275949
totalMSG;0;rep-f100-n300;762366
totalMSGsrcrep;0;rep-f100-n300;746942
totalMSGrepclo;0;rep-f100-n300;15424
totalLATrepclo;0;rep-f100-n300;4.968680
totalLATrepcloSTD;0;rep-f100-n300;nan
totalLATmin;0;rep-f100-n300;9.343136
totalLATmax;0;rep-f100-n300;12.614113
totalLATminSTD;0;rep-f100-n300;4.402371
totalLATmaxSTD;0;rep-f100-n300;4.569134
totalMSG;0;sin-f100-n300;237684
totalMSGsrcrep;0;sin-f100-n300;219297
totalMSGrepclo;0;sin-f100-n300;18387
totalLATrepclo;0;sin-f100-n300;5.320195
totalLATrepcloSTD;0;sin-f100-n300;nan
totalLATmin;0;sin-f100-n300;9.633522
totalLATmax;0;sin-f100-n300;9.633522
totalLATminSTD;0;sin-f100-n300;4.508808
totalLATmaxSTD;0;sin-f100-n300;4.508808
totalMSG;0;Fstrrep-f100-n300;901956
totalMSGsrcrep;0;Fstrrep-f100-n300;882203
totalMSGrepclo;0;Fstrrep-f100-n300;19753
totalLATrepclo;0;Fstrrep-f100-n300;7.022120
totalLATrepcloSTD;0;Fstrrep-f100-n300;nan
totalLATmin;0;Fstrrep-f100-n300;10.625119
totalLATmax;0;Fstrrep-f100-n300;15.233829
totalLATminSTD;0;Fstrrep-f100-n300;4.493624
totalLATmaxSTD;0;Fstrrep-f100-n300;4.915112
totalMSG;1;rep-f100-n100;238728
totalMSGsrcrep;1;rep-f100-n100;233142
totalMSGrepclo;1;rep-f100-n100;5586
totalLATrepclo;1;rep-f100-n100;5.900917
totalLATrepcloSTD;1;rep-f100-n100;nan
totalLATmin;1;rep-f100-n100;7.591527
totalLATmax;1;rep-f100-n100;11.682244
totalLATminSTD;1;rep-f100-n100;3.633437
totalLATmaxSTD;1;rep-f100-n100;3.556405
totalMSG;1;sin-f100-n100;85226
totalMSGsrcrep;1;sin-f100-n100;78065
totalMSGrepclo;1;sin-f100-n100;7161
totalLATrepclo;1;sin-f100-n100;5.948750
totalLATrepcloSTD;1;sin-f100-n100;nan
totalLATmin;1;sin-f100-n100;9.084888
totalLATmax;1;sin-f100-n100;9.084888
totalLATminSTD;1;sin-f100-n100;3.751266
totalLATmaxSTD;1;sin-f100-n100;3.751266
totalMSG;1;Fstrrep-f100-n100;246934
totalMSGsrcrep;1;Fstrrep-f100-n100;241398
totalMSGrepclo;1;Fstrrep-f100-n100;5536
totalLATrepclo;1;Fstrrep-f100-n100;6.266953
totalLATrepcloSTD;1;Fstrrep-f100-n100;nan
totalLATmin;1;Fstrrep-f100-n100;7.670277
totalLATmax;1;Fstrrep-f100-n100;11.936339
totalLATminSTD;1;Fstrrep-f100-n100;3.699521
totalLATmaxSTD;1;Fstrrep-f100-n100;3.662672
totalMSG;1;rep-f100-n120;297144
totalMSGsrcrep;1;rep-f100-n120;291057
totalMSGrepclo;1;rep-f100-n120;6087
totalLATrepclo;1;rep-f100-n120;5.460537
totalLATrepcloSTD;1;rep-f100-n120;nan
totalLATmin;1;rep-f100-n120;8.530791
totalLATmax;1;rep-f100-n120;12.598259
totalLATminSTD;1;rep-f100-n120;4.133422
totalLATmaxSTD;1;rep-f100-n120;4.161907
totalMSG;1;sin-f100-n120;98869
totalMSGsrcrep;1;sin-f100-n120;91578
totalMSGrepclo;1;sin-f100-n120;7291
totalLATrepclo;1;sin-f100-n120;7.002616
totalLATrepcloSTD;1;sin-f100-n120;nan
totalLATmin;1;sin-f100-n120;9.859250
totalLATmax;1;sin-f100-n120;9.859250
totalLATminSTD;1;sin-f100-n120;4.167608
totalLATmaxSTD;1;sin-f100-n120;4.167608
totalMSG;1;Fstrrep-f100-n120;325575
totalMSGsrcrep;1;Fstrrep-f100-n120;318805
totalMSGrepclo;1;Fstrrep-f100-n120;6770
totalLATrepclo;1;Fstrrep-f100-n120;5.720876
totalLATrepcloSTD;1;Fstrrep-f100-n120;nan
totalLATmin;1;Fstrrep-f100-n120;8.784476
totalLATmax;1;Fstrrep-f100-n120;14.195098
totalLATminSTD;1;Fstrrep-f100-n120;3.942648
totalLATmaxSTD;1;Fstrrep-f100-n120;4.039056
totalMSG;1;rep-f100-n140;341311
totalMSGsrcrep;1;rep-f100-n140;333567
totalMSGrepclo;1;rep-f100-n140;7744
totalLATrepclo;1;rep-f100-n140;5.590219
totalLATrepcloSTD;1;rep-f100-n140;nan
totalLATmin;1;rep-f100-n140;8.940892
totalLATmax;1;rep-f100-n140;12.092902
totalLATminSTD;1;rep-f100-n140;3.954759
totalLATmaxSTD;1;rep-f100-n140;3.911496
totalMSG;1;sin-f100-n140;107332
totalMSGsrcrep;1;sin-f100-n140;98909
totalMSGrepclo;1;sin-f100-n140;8423
totalLATrepclo;1;sin-f100-n140;5.214537
totalLATrepcloSTD;1;sin-f100-n140;nan
totalLATmin;1;sin-f100-n140;8.925823
totalLATmax;1;sin-f100-n140;8.925823
totalLATminSTD;1;sin-f100-n140;3.816948
totalLATmaxSTD;1;sin-f100-n140;3.816948
totalMSG;1;Fstrrep-f100-n140;365246
totalMSGsrcrep;1;Fstrrep-f100-n140;357673
totalMSGrepclo;1;Fstrrep-f100-n140;7573
totalLATrepclo;1;Fstrrep-f100-n140;5.256769
totalLATrepcloSTD;1;Fstrrep-f100-n140;nan
totalLATmin;1;Fstrrep-f100-n140;8.749081
totalLATmax;1;Fstrrep-f100-n140;13.196373
totalLATminSTD;1;Fstrrep-f100-n140;3.718369
totalLATmaxSTD;1;Fstrrep-f100-n140;3.607411
totalMSG;1;rep-f100-n160;379766
totalMSGsrcrep;1;rep-f100-n160;371544
totalMSGrepclo;1;rep-f100-n160;8222
totalLATrepclo;1;rep-f100-n160;5.092458
totalLATrepcloSTD;1;rep-f100-n160;nan
totalLATmin;1;rep-f100-n160;9.388882
totalLATmax;1;rep-f100-n160;13.170287
totalLATminSTD;1;rep-f100-n160;4.362456
totalLATmaxSTD;1;rep-f100-n160;4.204160
totalMSG;1;sin-f100-n160;129562
totalMSGsrcrep;1;sin-f100-n160;119444
totalMSGrepclo;1;sin-f100-n160;10118
totalLATrepclo;1;sin-f100-n160;6.889751
totalLATrepcloSTD;1;sin-f100-n160;nan
totalLATmin;1;sin-f100-n160;11.002127
totalLATmax;1;sin-f100-n160;11.002127
totalLATminSTD;1;sin-f100-n160;4.408498
totalLATmaxSTD;1;sin-f100-n160;4.408498
totalMSG;1;Fstrrep-f100-n160;420192
totalMSGsrcrep;1;Fstrrep-f100-n160;410417
totalMSGrepclo;1;Fstrrep-f100-n160;9775
totalLATrepclo;1;Fstrrep-f100-n160;5.612972
totalLATrepcloSTD;1;Fstrrep-f100-n160;nan
totalLATmin;1;Fstrrep-f100-n160;9.576450
totalLATmax;1;Fstrrep-f100-n160;14.501706
totalLATminSTD;1;Fstrrep-f100-n160;4.315056
totalLATmaxSTD;1;Fstrrep-f100-n160;4.096683
totalMSG;1;rep-f100-n180;474020
totalMSGsrcrep;1;rep-f100-n180;463836
totalMSGrepclo;1;rep-f100-n180;10184
totalLATrepclo;1;rep-f100-n180;7.131886
totalLATrepcloSTD;1;rep-f100-n180;nan
totalLATmin;1;rep-f100-n180;10.090168
totalLATmax;1;rep-f100-n180;14.618419
totalLATminSTD;1;rep-f100-n180;4.440996
totalLATmaxSTD;1;rep-f100-n180;4.081696
totalMSG;1;sin-f100-n180;156219
totalMSGsrcrep;1;sin-f100-n180;144876
totalMSGrepclo;1;sin-f100-n180;11343
totalLATrepclo;1;sin-f100-n180;8.442305
totalLATrepcloSTD;1;sin-f100-n180;nan
totalLATmin;1;sin-f100-n180;11.898431
totalLATmax;1;sin-f100-n180;11.898431
totalLATminSTD;1;sin-f100-n180;4.667880
totalLATmaxSTD;1;sin-f100-n180;4.667880
totalMSG;1;Fstrrep-f100-n180;512474
totalMSGsrcrep;1;Fstrrep-f100-n180;501384
totalMSGrepclo;1;Fstrrep-f100-n180;11090
totalLATrepclo;1;Fstrrep-f100-n180;6.844523
totalLATrepcloSTD;1;Fstrrep-f100-n180;nan
totalLATmin;1;Fstrrep-f100-n180;10.419024
totalLATmax;1;Fstrrep-f100-n180;15.572171
totalLATminSTD;1;Fstrrep-f100-n180;4.044525
totalLATmaxSTD;1;Fstrrep-f100-n180;3.813059
totalMSG;1;rep-f100-n200;517420
totalMSGsrcrep;1;rep-f100-n200;506805
totalMSGrepclo;1;rep-f100-n200;10615
totalLATrepclo;1;rep-f100-n200;6.758699
totalLATrepcloSTD;1;rep-f100-n200;nan
totalLATmin;1;rep-f100-n200;10.710826
totalLATmax;1;rep-f100-n200;14.885274
totalLATminSTD;1;rep-f100-n200;3.917057
totalLATmaxSTD;1;rep-f100-n200;4.054049
totalMSG;1;sin-f100-n200;181935
totalMSGsrcrep;1;sin-f100-n200;170276
totalMSGrepclo;1;sin-f100-n200;11659
totalLATrepclo;1;sin-f100-n200;5.497240
totalLATrepcloSTD;1;sin-f100-n200;0.367061
totalLATmin;1;sin-f100-n200;12.311165
totalLATmax;1;sin-f100-n200;12.311165
totalLATminSTD;1;sin-f100-n200;3.899197
totalLATmaxSTD;1;sin-f100-n200;3.899197
totalMSG;1;Fstrrep-f100-n200;588107
totalMSGsrcrep;1;Fstrrep-f100-n200;575742
totalMSGrepclo;1;Fstrrep-f100-n200;12365
totalLATrepclo;1;Fstrrep-f100-n200;7.456066
totalLATrepcloSTD;1;Fstrrep-f100-n200;nan
totalLATmin;1;Fstrrep-f100-n200;12.055748
totalLATmax;1;Fstrrep-f100-n200;16.565090
totalLATminSTD;1;Fstrrep-f100-n200;4.254853
totalLATmaxSTD;1;Fstrrep-f100-n200;4.103481
totalMSG;1;rep-f100-n220;597940
totalMSGsrcrep;1;rep-f100-n220;585426
totalMSGrepclo;1;rep-f100-n220;12514
totalLATrepclo;1;rep-f100-n220;6.636048
totalLATrepcloSTD;1;rep-f100-n220;0.875961
totalLATmin;1;rep-f100-n220;9.810122
totalLATmax;1;rep-f100-n220;13.886902
totalLATminSTD;1;rep-f100-n220;4.608773
totalLATmaxSTD;1;rep-f100-n220;4.455090
totalMSG;1;sin-f100-n220;220014
totalMSGsrcrep;1;sin-f100-n220;206043
totalMSGrepclo;1;sin-f100-n220;13971
totalLATrepclo;1;sin-f100-n220;7.201210
totalLATrepcloSTD;1;sin-f100-n220;nan
totalLATmin;1;sin-f100-n220;12.325023
totalLATmax;1;sin-f100-n220;12.325023
totalLATminSTD;1;sin-f100-n220;4.853925
totalLATmaxSTD;1;sin-f100-n220;4.853925
totalMSG;1;Fstrrep-f100-n220;671482
totalMSGsrcrep;1;Fstrrep-f100-n220;657334
totalMSGrepclo;1;Fstrrep-f100-n220;14148
totalLATrepclo;1;Fstrrep-f100-n220;7.577921
totalLATrepcloSTD;1;Fstrrep-f100-n220;0.988897
totalLATmin;1;Fstrrep-f100-n220;10.722369
totalLATmax;1;Fstrrep-f100-n220;15.816437
totalLATminSTD;1;Fstrrep-f100-n220;4.435899
totalLATmaxSTD;1;Fstrrep-f100-n220;4.406394
totalMSG;1;rep-f100-n240;634973
totalMSGsrcrep;1;rep-f100-n240;622546
totalMSGrepclo;1;rep-f100-n240;12427
totalLATrepclo;1;rep-f100-n240;6.676083
totalLATrepcloSTD;1;rep-f100-n240;1.924655
totalLATmin;1;rep-f100-n240;10.214185
totalLATmax;1;rep-f100-n240;14.690900
totalLATminSTD;1;rep-f100-n240;4.296694
totalLATmaxSTD;1;rep-f100-n240;3.998013
totalMSG;1;sin-f100-n240;191632
totalMSGsrcrep;1;sin-f100-n240;179496
totalMSGrepclo;1;sin-f100-n240;12136
totalLATrepclo;1;sin-f100-n240;5.431977
totalLATrepcloSTD;1;sin-f100-n240;0.549745
totalLATmin;1;sin-f100-n240;10.850555
totalLATmax;1;sin-f100-n240;10.850555
totalLATminSTD;1;sin-f100-n240;4.102080
totalLATmaxSTD;1;sin-f100-n240;4.102080
totalMSG;1;Fstrrep-f100-n240;726471
totalMSGsrcrep;1;Fstrrep-f100-n240;711714
totalMSGrepclo;1;Fstrrep-f100-n240;14757
totalLATrepclo;1;Fstrrep-f100-n240;7.799518
totalLATrepcloSTD;1;Fstrrep-f100-n240;nan
totalLATmin;1;Fstrrep-f100-n240;11.517865
totalLATmax;1;Fstrrep-f100-n240;16.517954
totalLATminSTD;1;Fstrrep-f100-n240;4.513320
totalLATmaxSTD;1;Fstrrep-f100-n240;4.149957
totalMSG;1;rep-f100-n260;663805
totalMSGsrcrep;1;rep-f100-n260;649667
totalMSGrepclo;1;rep-f100-n260;14138
totalLATrepclo;1;rep-f100-n260;358.221543
totalLATrepcloSTD;1;rep-f100-n260;185.985169
totalLATmin;1;rep-f100-n260;9.744092
totalLATmax;1;rep-f100-n260;13.888934
totalLATminSTD;1;rep-f100-n260;4.409121
totalLATmaxSTD;1;rep-f100-n260;4.081230
totalMSG;1;sin-f100-n260;215091
totalMSGsrcrep;1;sin-f100-n260;201478
totalMSGrepclo;1;sin-f100-n260;13613
totalLATrepclo;1;sin-f100-n260;5.777216
totalLATrepcloSTD;1;sin-f100-n260;0.635087
totalLATmin;1;sin-f100-n260;10.598730
totalLATmax;1;sin-f100-n260;10.598730
totalLATminSTD;1;sin-f100-n260;3.561201
totalLATmaxSTD;1;sin-f100-n260;3.561201
totalMSG;1;Fstrrep-f100-n260;741925
totalMSGsrcrep;1;Fstrrep-f100-n260;726025
totalMSGrepclo;1;Fstrrep-f100-n260;15900
totalLATrepclo;1;Fstrrep-f100-n260;146.499656
totalLATrepcloSTD;1;Fstrrep-f100-n260;74.046002
totalLATmin;1;Fstrrep-f100-n260;10.518435
totalLATmax;1;Fstrrep-f100-n260;15.500273
totalLATminSTD;1;Fstrrep-f100-n260;4.211497
totalLATmaxSTD;1;Fstrrep-f100-n260;3.640757
totalMSG;1;rep-f100-n280;706649
totalMSGsrcrep;1;rep-f100-n280;692383
totalMSGrepclo;1;rep-f100-n280;14266
totalLATrepclo;1;rep-f100-n280;5.446387
totalLATrepcloSTD;1;rep-f100-n280;0.832961
totalLATmin;1;rep-f100-n280;10.031411
totalLATmax;1;rep-f100-n280;14.248002
totalLATminSTD;1;rep-f100-n280;4.030358
totalLATmaxSTD;1;rep-f100-n280;4.034900
totalMSG;1;sin-f100-n280;225864
totalMSGsrcrep;1;sin-f100-n280;210442
totalMSGrepclo;1;sin-f100-n280;15422
totalLATrepclo;1;sin-f100-n280;6.409450
totalLATrepcloSTD;1;sin-f100-n280;0.558478
totalLATmin;1;sin-f100-n280;11.224511
totalLATmax;1;sin-f100-n280;11.224511
totalLATminSTD;1;sin-f100-n280;4.503511
totalLATmaxSTD;1;sin-f100-n280;4.503511
totalMSG;1;Fstrrep-f100-n280;820614
totalMSGsrcrep;1;Fstrrep-f100-n280;803566
totalMSGrepclo;1;Fstrrep-f100-n280;17048
totalLATrepclo;1;Fstrrep-f100-n280;6.736766
totalLATrepcloSTD;1;Fstrrep-f100-n280;0.897008
totalLATmin;1;Fstrrep-f100-n280;11.059334
totalLATmax;1;Fstrrep-f100-n280;16.366343
totalLATminSTD;1;Fstrrep-f100-n280;4.154813
totalLATmaxSTD;1;Fstrrep-f100-n280;4.275949
totalMSG;1;rep-f100-n300;744668
totalMSGsrcrep;1;rep-f100-n300;729228
totalMSGrepclo;1;rep-f100-n300;15440
totalLATrepclo;1;rep-f100-n300;4.945398
totalLATrepcloSTD;1;rep-f100-n300;nan
totalLATmin;1;rep-f100-n300;9.343136
totalLATmax;1;rep-f100-n300;12.614113
totalLATminSTD;1;rep-f100-n300;4.402371
totalLATmaxSTD;1;rep-f100-n300;4.569134
totalMSG;1;sin-f100-n300;236465
totalMSGsrcrep;1;sin-f100-n300;218143
totalMSGrepclo;1;sin-f100-n300;18322
totalLATrepclo;1;sin-f100-n300;5.245713
totalLATrepcloSTD;1;sin-f100-n300;0.400174
totalLATmin;1;sin-f100-n300;9.633522
totalLATmax;1;sin-f100-n300;9.633522
totalLATminSTD;1;sin-f100-n300;4.508808
totalLATmaxSTD;1;sin-f100-n300;4.508808
totalMSG;1;Fstrrep-f100-n300;881262
totalMSGsrcrep;1;Fstrrep-f100-n300;861731
totalMSGrepclo;1;Fstrrep-f100-n300;19531
totalLATrepclo;1;Fstrrep-f100-n300;7.031751
totalLATrepcloSTD;1;Fstrrep-f100-n300;nan
totalLATmin;1;Fstrrep-f100-n300;10.625119
totalLATmax;1;Fstrrep-f100-n300;15.233829
totalLATminSTD;1;Fstrrep-f100-n300;4.493624
totalLATmaxSTD;1;Fstrrep-f100-n300;4.915112
totalMSG;2;rep-f100-n100;228617
totalMSGsrcrep;2;rep-f100-n100;222776
totalMSGrepclo;2;rep-f100-n100;5841
totalLATrepclo;2;rep-f100-n100;5.878805
totalLATrepcloSTD;2;rep-f100-n100;nan
totalLATmin;2;rep-f100-n100;7.591527
totalLATmax;2;rep-f100-n100;11.682244
totalLATminSTD;2;rep-f100-n100;3.633437
totalLATmaxSTD;2;rep-f100-n100;3.556405
totalMSG;2;sin-f100-n100;82810
totalMSGsrcrep;2;sin-f100-n100;75970
totalMSGrepclo;2;sin-f100-n100;6840
totalLATrepclo;2;sin-f100-n100;5.947566
totalLATrepcloSTD;2;sin-f100-n100;nan
totalLATmin;2;sin-f100-n100;9.084888
totalLATmax;2;sin-f100-n100;9.084888
totalLATminSTD;2;sin-f100-n100;3.751266
totalLATmaxSTD;2;sin-f100-n100;3.751266
totalMSG;2;Fstrrep-f100-n100;236742
totalMSGsrcrep;2;Fstrrep-f100-n100;231090
totalMSGrepclo;2;Fstrrep-f100-n100;5652
totalLATrepclo;2;Fstrrep-f100-n100;6.219266
totalLATrepcloSTD;2;Fstrrep-f100-n100;nan
totalLATmin;2;Fstrrep-f100-n100;7.670277
totalLATmax;2;Fstrrep-f100-n100;11.936339
totalLATminSTD;2;Fstrrep-f100-n100;3.699521
totalLATmaxSTD;2;Fstrrep-f100-n100;3.662672
totalMSG;2;rep-f100-n120;284233
totalMSGsrcrep;2;rep-f100-n120;278297
totalMSGrepclo;2;rep-f100-n120;5936
totalLATrepclo;2;rep-f100-n120;5.458766
totalLATrepcloSTD;2;rep-f100-n120;nan
totalLATmin;2;rep-f100-n120;8.530791
totalLATmax;2;rep-f100-n120;12.598259
totalLATminSTD;2;rep-f100-n120;4.133422
totalLATmaxSTD;2;rep-f100-n120;4.161907
totalMSG;2;sin-f100-n120;95980
totalMSGsrcrep;2;sin-f100-n120;88887
totalMSGrepclo;2;sin-f100-n120;7093
totalLATrepclo;2;sin-f100-n120;6.999409
totalLATrepcloSTD;2;sin-f100-n120;nan
totalLATmin;2;sin-f100-n120;9.859250
totalLATmax;2;sin-f100-n120;9.859250
totalLATminSTD;2;sin-f100-n120;4.167608
totalLATmaxSTD;2;sin-f100-n120;4.167608
totalMSG;2;Fstrrep-f100-n120;312778
totalMSGsrcrep;2;Fstrrep-f100-n120;306068
totalMSGrepclo;2;Fstrrep-f100-n120;6710
totalLATrepclo;2;Fstrrep-f100-n120;5.780919
totalLATrepcloSTD;2;Fstrrep-f100-n120;nan
totalLATmin;2;Fstrrep-f100-n120;8.784476
totalLATmax;2;Fstrrep-f100-n120;14.195098
totalLATminSTD;2;Fstrrep-f100-n120;3.942648
totalLATmaxSTD;2;Fstrrep-f100-n120;4.039056
totalMSG;2;rep-f100-n140;329542
totalMSGsrcrep;2;rep-f100-n140;322081
totalMSGrepclo;2;rep-f100-n140;7461
totalLATrepclo;2;rep-f100-n140;5.592006
totalLATrepcloSTD;2;rep-f100-n140;nan
totalLATmin;2;rep-f100-n140;8.940892
totalLATmax;2;rep-f100-n140;12.092902
totalLATminSTD;2;rep-f100-n140;3.954759
totalLATmaxSTD;2;rep-f100-n140;3.911496
totalMSG;2;sin-f100-n140;103766
totalMSGsrcrep;2;sin-f100-n140;95539
totalMSGrepclo;2;sin-f100-n140;8227
totalLATrepclo;2;sin-f100-n140;5.215781
totalLATrepcloSTD;2;sin-f100-n140;0.243382
totalLATmin;2;sin-f100-n140;8.925823
totalLATmax;2;sin-f100-n140;8.925823
totalLATminSTD;2;sin-f100-n140;3.816948
totalLATmaxSTD;2;sin-f100-n140;3.816948
totalMSG;2;Fstrrep-f100-n140;353621
totalMSGsrcrep;2;Fstrrep-f100-n140;346176
totalMSGrepclo;2;Fstrrep-f100-n140;7445
totalLATrepclo;2;Fstrrep-f100-n140;5.217575
totalLATrepcloSTD;2;Fstrrep-f100-n140;nan
totalLATmin;2;Fstrrep-f100-n140;8.749081
totalLATmax;2;Fstrrep-f100-n140;13.196373
totalLATminSTD;2;Fstrrep-f100-n140;3.718369
totalLATmaxSTD;2;Fstrrep-f100-n140;3.607411
totalMSG;2;rep-f100-n160;371517
totalMSGsrcrep;2;rep-f100-n160;363564
totalMSGrepclo;2;rep-f100-n160;7953
totalLATrepclo;2;rep-f100-n160;4.965655
totalLATrepcloSTD;2;rep-f100-n160;nan
totalLATmin;2;rep-f100-n160;9.388882
totalLATmax;2;rep-f100-n160;13.170287
totalLATminSTD;2;rep-f100-n160;4.362456
totalLATmaxSTD;2;rep-f100-n160;4.204160
totalMSG;2;sin-f100-n160;122908
totalMSGsrcrep;2;sin-f100-n160;113485
totalMSGrepclo;2;sin-f100-n160;9423
totalLATrepclo;2;sin-f100-n160;6.876519
totalLATrepcloSTD;2;sin-f100-n160;0.316709
totalLATmin;2;sin-f100-n160;11.002127
totalLATmax;2;sin-f100-n160;11.002127
totalLATminSTD;2;sin-f100-n160;4.408498
totalLATmaxSTD;2;sin-f100-n160;4.408498
totalMSG;2;Fstrrep-f100-n160;412487
totalMSGsrcrep;2;Fstrrep-f100-n160;403049
totalMSGrepclo;2;Fstrrep-f100-n160;9438
totalLATrepclo;2;Fstrrep-f100-n160;5.652918
totalLATrepcloSTD;2;Fstrrep-f100-n160;nan
totalLATmin;2;Fstrrep-f100-n160;9.576450
totalLATmax;2;Fstrrep-f100-n160;14.501706
totalLATminSTD;2;Fstrrep-f100-n160;4.315056
totalLATmaxSTD;2;Fstrrep-f100-n160;4.096683
totalMSG;2;rep-f100-n180;464153
totalMSGsrcrep;2;rep-f100-n180;454489
totalMSGrepclo;2;rep-f100-n180;9664
totalLATrepclo;2;rep-f100-n180;7.179214
totalLATrepcloSTD;2;rep-f100-n180;nan
totalLATmin;2;rep-f100-n180;10.090168
totalLATmax;2;rep-f100-n180;14.618419
totalLATminSTD;2;rep-f100-n180;4.440996
totalLATmaxSTD;2;rep-f100-n180;4.081696
totalMSG;2;sin-f100-n180;147877
totalMSGsrcrep;2;sin-f100-n180;137585
totalMSGrepclo;2;sin-f100-n180;10292
totalLATrepclo;2;sin-f100-n180;8.437430
totalLATrepcloSTD;2;sin-f100-n180;0.477309
totalLATmin;2;sin-f100-n180;11.898431
totalLATmax;2;sin-f100-n180;11.898431
totalLATminSTD;2;sin-f100-n180;4.667880
totalLATmaxSTD;2;sin-f100-n180;4.667880
totalMSG;2;Fstrrep-f100-n180;503001
totalMSGsrcrep;2;Fstrrep-f100-n180;492168
totalMSGrepclo;2;Fstrrep-f100-n180;10833
totalLATrepclo;2;Fstrrep-f100-n180;6.839101
totalLATrepcloSTD;2;Fstrrep-f100-n180;nan
totalLATmin;2;Fstrrep-f100-n180;10.419024
totalLATmax;2;Fstrrep-f100-n180;15.572171
totalLATminSTD;2;Fstrrep-f100-n180;4.044525
totalLATmaxSTD;2;Fstrrep-f100-n180;3.813059
totalMSG;2;rep-f100-n200;509001
totalMSGsrcrep;2;rep-f100-n200;498691
totalMSGrepclo;2;rep-f100-n200;10310
totalLATrepclo;2;rep-f100-n200;6.761354
totalLATrepcloSTD;2;rep-f100-n200;0.723769
totalLATmin;2;rep-f100-n200;10.710826
totalLATmax;2;rep-f100-n200;14.885274
totalLATminSTD;2;rep-f100-n200;3.917057
totalLATmaxSTD;2;rep-f100-n200;4.054049
totalMSG;2;sin-f100-n200;171911
totalMSGsrcrep;2;sin-f100-n200;161086
totalMSGrepclo;2;sin-f100-n200;10825
totalLATrepclo;2;sin-f100-n200;5.556580
totalLATrepcloSTD;2;sin-f100-n200;0.360100
totalLATmin;2;sin-f100-n200;12.311165
totalLATmax;2;sin-f100-n200;12.311165
totalLATminSTD;2;sin-f100-n200;3.899197
totalLATmaxSTD;2;sin-f100-n200;3.899197
totalMSG;2;Fstrrep-f100-n200;580048
totalMSGsrcrep;2;Fstrrep-f100-n200;568323
totalMSGrepclo;2;Fstrrep-f100-n200;11725
totalLATrepclo;2;Fstrrep-f100-n200;7.437263
totalLATrepcloSTD;2;Fstrrep-f100-n200;0.750369
totalLATmin;2;Fstrrep-f100-n200;12.055748
totalLATmax;2;Fstrrep-f100-n200;16.565090
totalLATminSTD;2;Fstrrep-f100-n200;4.254853
totalLATmaxSTD;2;Fstrrep-f100-n200;4.103481
totalMSG;2;rep-f100-n220;591023
totalMSGsrcrep;2;rep-f100-n220;578917
totalMSGrepclo;2;rep-f100-n220;12106
totalLATrepclo;2;rep-f100-n220;6.644475
totalLATrepcloSTD;2;rep-f100-n220;0.894633
totalLATmin;2;rep-f100-n220;9.810122
totalLATmax;2;rep-f100-n220;13.886902
totalLATminSTD;2;rep-f100-n220;4.608773
totalLATmaxSTD;2;rep-f100-n220;4.455090
totalMSG;2;sin-f100-n220;205027
totalMSGsrcrep;2;sin-f100-n220;191980
totalMSGrepclo;2;sin-f100-n220;13047
totalLATrepclo;2;sin-f100-n220;7.167469
totalLATrepcloSTD;2;sin-f100-n220;nan
totalLATmin;2;sin-f100-n220;12.325023
totalLATmax;2;sin-f100-n220;12.325023
totalLATminSTD;2;sin-f100-n220;4.853925
totalLATmaxSTD;2;sin-f100-n220;4.853925
totalMSG;2;Fstrrep-f100-n220;663700
totalMSGsrcrep;2;Fstrrep-f100-n220;650096
totalMSGrepclo;2;Fstrrep-f100-n220;13604
totalLATrepclo;2;Fstrrep-f100-n220;7.573441
totalLATrepcloSTD;2;Fstrrep-f100-n220;0.964109
totalLATmin;2;Fstrrep-f100-n220;10.722369
totalLATmax;2;Fstrrep-f100-n220;15.816437
totalLATminSTD;2;Fstrrep-f100-n220;4.435899
totalLATmaxSTD;2;Fstrrep-f100-n220;4.406394
totalMSG;2;rep-f100-n240;630601
totalMSGsrcrep;2;rep-f100-n240;618623
totalMSGrepclo;2;rep-f100-n240;11978
totalLATrepclo;2;rep-f100-n240;6.633660
totalLATrepcloSTD;2;rep-f100-n240;1.783111
totalLATmin;2;rep-f100-n240;10.214185
totalLATmax;2;rep-f100-n240;14.690900
totalLATminSTD;2;rep-f100-n240;4.296694
totalLATmaxSTD;2;rep-f100-n240;3.998013
totalMSG;2;sin-f100-n240;182489
totalMSGsrcrep;2;sin-f100-n240;171165
totalMSGrepclo;2;sin-f100-n240;11324
totalLATrepclo;2;sin-f100-n240;5.392253
totalLATrepcloSTD;2;sin-f100-n240;nan
totalLATmin;2;sin-f100-n240;10.850555
totalLATmax;2;sin-f100-n240;10.850555
totalLATminSTD;2;sin-f100-n240;4.102080
totalLATmaxSTD;2;sin-f100-n240;4.102080
totalMSG;2;Fstrrep-f100-n240;719427
totalMSGsrcrep;2;Fstrrep-f100-n240;704775
totalMSGrepclo;2;Fstrrep-f100-n240;14652
totalLATrepclo;2;Fstrrep-f100-n240;7.759305
totalLATrepcloSTD;2;Fstrrep-f100-n240;nan
totalLATmin;2;Fstrrep-f100-n240;11.517865
totalLATmax;2;Fstrrep-f100-n240;16.517954
totalLATminSTD;2;Fstrrep-f100-n240;4.513320
totalLATmaxSTD;2;Fstrrep-f100-n240;4.149957
totalMSG;2;rep-f100-n260;655271
totalMSGsrcrep;2;rep-f100-n260;641411
totalMSGrepclo;2;rep-f100-n260;13860
totalLATrepclo;2;rep-f100-n260;295.147672
totalLATrepcloSTD;2;rep-f100-n260;nan
totalLATmin;2;rep-f100-n260;9.744092
totalLATmax;2;rep-f100-n260;13.888934
totalLATminSTD;2;rep-f100-n260;4.409121
totalLATmaxSTD;2;rep-f100-n260;4.081230
totalMSG;2;sin-f100-n260;202389
totalMSGsrcrep;2;sin-f100-n260;189651
totalMSGrepclo;2;sin-f100-n260;12738
totalLATrepclo;2;sin-f100-n260;5.715920
totalLATrepcloSTD;2;sin-f100-n260;nan
totalLATmin;2;sin-f100-n260;10.598730
totalLATmax;2;sin-f100-n260;10.598730
totalLATminSTD;2;sin-f100-n260;3.561201
totalLATmaxSTD;2;sin-f100-n260;3.561201
totalMSG;2;Fstrrep-f100-n260;734815
totalMSGsrcrep;2;Fstrrep-f100-n260;718914
totalMSGrepclo;2;Fstrrep-f100-n260;15901
totalLATrepclo;2;Fstrrep-f100-n260;130.912508
totalLATrepcloSTD;2;Fstrrep-f100-n260;nan
totalLATmin;2;Fstrrep-f100-n260;10.518435
totalLATmax;2;Fstrrep-f100-n260;15.500273
totalLATminSTD;2;Fstrrep-f100-n260;4.211497
totalLATmaxSTD;2;Fstrrep-f100-n260;3.640757
totalMSG;2;rep-f100-n280;697630
totalMSGsrcrep;2;rep-f100-n280;683603
totalMSGrepclo;2;rep-f100-n280;14027
totalLATrepclo;2;rep-f100-n280;5.432193
totalLATrepcloSTD;2;rep-f100-n280;0.877369
totalLATmin;2;rep-f100-n280;10.031411
totalLATmax;2;rep-f100-n280;14.248002
totalLATminSTD;2;rep-f100-n280;4.030358
totalLATmaxSTD;2;rep-f100-n280;4.034900
totalMSG;2;sin-f100-n280;216694
totalMSGsrcrep;2;sin-f100-n280;201892
totalMSGrepclo;2;sin-f100-n280;14802
totalLATrepclo;2;sin-f100-n280;6.438950
totalLATrepcloSTD;2;sin-f100-n280;nan
totalLATmin;2;sin-f100-n280;11.224511
totalLATmax;2;sin-f100-n280;11.224511
totalLATminSTD;2;sin-f100-n280;4.503511
totalLATmaxSTD;2;sin-f100-n280;4.503511
totalMSG;2;Fstrrep-f100-n280;811305
totalMSGsrcrep;2;Fstrrep-f100-n280;794270
totalMSGrepclo;2;Fstrrep-f100-n280;17035
totalLATrepclo;2;Fstrrep-f100-n280;6.740871
totalLATrepcloSTD;2;Fstrrep-f100-n280;nan
totalLATmin;2;Fstrrep-f100-n280;11.059334
totalLATmax;2;Fstrrep-f100-n280;16.366343
totalLATminSTD;2;Fstrrep-f100-n280;4.154813
totalLATmaxSTD;2;Fstrrep-f100-n280;4.275949
totalMSG;2;rep-f100-n300;735752
totalMSGsrcrep;2;rep-f100-n300;720447
totalMSGrepclo;2;rep-f100-n300;15305
totalLATrepclo;2;rep-f100-n300;4.974080
totalLATrepcloSTD;2;rep-f100-n300;nan
totalLATmin;2;rep-f100-n300;9.343136
totalLATmax;2;rep-f100-n300;12.614113
totalLATminSTD;2;rep-f100-n300;4.402371
totalLATmaxSTD;2;rep-f100-n300;4.569134
totalMSG;2;sin-f100-n300;225560
totalMSGsrcrep;2;sin-f100-n300;208311
totalMSGrepclo;2;sin-f100-n300;17249
totalLATrepclo;2;sin-f100-n300;5.331258
totalLATrepcloSTD;2;sin-f100-n300;nan
totalLATmin;2;sin-f100-n300;9.633522
totalLATmax;2;sin-f100-n300;9.633522
totalLATminSTD;2;sin-f100-n300;4.508808
totalLATmaxSTD;2;sin-f100-n300;4.508808
totalMSG;2;Fstrrep-f100-n300;869104
totalMSGsrcrep;2;Fstrrep-f100-n300;850005
totalMSGrepclo;2;Fstrrep-f100-n300;19099
totalLATrepclo;2;Fstrrep-f100-n300;6.975556
totalLATrepcloSTD;2;Fstrrep-f100-n300;0.989855
totalLATmin;2;Fstrrep-f100-n300;10.625119
totalLATmax;2;Fstrrep-f100-n300;15.233829
totalLATminSTD;2;Fstrrep-f100-n300;4.493624
totalLATmaxSTD;2;Fstrrep-f100-n300;4.915112
totalMSG;3;rep-f100-n100;221412
totalMSGsrcrep;3;rep-f100-n100;216572
totalMSGrepclo;3;rep-f100-n100;4840
totalLATrepclo;3;rep-f100-n100;5.866740
totalLATrepcloSTD;3;rep-f100-n100;nan
totalLATmin;3;rep-f100-n100;7.591527
totalLATmax;3;rep-f100-n100;11.682244
totalLATminSTD;3;rep-f100-n100;3.633437
totalLATmaxSTD;3;rep-f100-n100;3.556405
totalMSG;3;sin-f100-n100;80218
totalMSGsrcrep;3;sin-f100-n100;73739
totalMSGrepclo;3;sin-f100-n100;6479
totalLATrepclo;3;sin-f100-n100;5.934084
totalLATrepcloSTD;3;sin-f100-n100;nan
totalLATmin;3;sin-f100-n100;9.084888
totalLATmax;3;sin-f100-n100;9.084888
totalLATminSTD;3;sin-f100-n100;3.751266
totalLATmaxSTD;3;sin-f100-n100;3.751266
totalMSG;3;Fstrrep-f100-n100;229771
totalMSGsrcrep;3;Fstrrep-f100-n100;224925
totalMSGrepclo;3;Fstrrep-f100-n100;4846
totalLATrepclo;3;Fstrrep-f100-n100;6.242029
totalLATrepcloSTD;3;Fstrrep-f100-n100;nan
totalLATmin;3;Fstrrep-f100-n100;7.670277
totalLATmax;3;Fstrrep-f100-n100;11.936339
totalLATminSTD;3;Fstrrep-f100-n100;3.699521
totalLATmaxSTD;3;Fstrrep-f100-n100;3.662672
totalMSG;3;rep-f100-n120;277781
totalMSGsrcrep;3;rep-f100-n120;272590
totalMSGrepclo;3;rep-f100-n120;5191
totalLATrepclo;3;rep-f100-n120;5.502651
totalLATrepcloSTD;3;rep-f100-n120;nan
totalLATmin;3;rep-f100-n120;8.530791
totalLATmax;3;rep-f100-n120;12.598259
totalLATminSTD;3;rep-f100-n120;4.133422
totalLATmaxSTD;3;rep-f100-n120;4.161907
totalMSG;3;sin-f100-n120;92565
totalMSGsrcrep;3;sin-f100-n120;86002
totalMSGrepclo;3;sin-f100-n120;6563
totalLATrepclo;3;sin-f100-n120;7.052069
totalLATrepcloSTD;3;sin-f100-n120;nan
totalLATmin;3;sin-f100-n120;9.859250
totalLATmax;3;sin-f100-n120;9.859250
totalLATminSTD;3;sin-f100-n120;4.167608
totalLATmaxSTD;3;sin-f100-n120;4.167608
totalMSG;3;Fstrrep-f100-n120;305952
totalMSGsrcrep;3;Fstrrep-f100-n120;300157
totalMSGrepclo;3;Fstrrep-f100-n120;5795
totalLATrepclo;3;Fstrrep-f100-n120;5.800349
totalLATrepcloSTD;3;Fstrrep-f100-n120;nan
totalLATmin;3;Fstrrep-f100-n120;8.784476
totalLATmax;3;Fstrrep-f100-n120;14.195098
totalLATminSTD;3;Fstrrep-f100-n120;3.942648
totalLATmaxSTD;3;Fstrrep-f100-n120;4.039056
totalMSG;3;rep-f100-n140;323862
totalMSGsrcrep;3;rep-f100-n140;317002
totalMSGrepclo;3;rep-f100-n140;6860
totalLATrepclo;3;rep-f100-n140;5.527740
totalLATrepcloSTD;3;rep-f100-n140;nan
totalLATmin;3;rep-f100-n140;8.940892
totalLATmax;3;rep-f100-n140;12.092902
totalLATminSTD;3;rep-f100-n140;3.954759
totalLATmaxSTD;3;rep-f100-n140;3.911496
totalMSG;3;sin-f100-n140;100075
totalMSGsrcrep;3;sin-f100-n140;92206
totalMSGrepclo;3;sin-f100-n140;7869
totalLATrepclo;3;sin-f100-n140;5.260162
totalLATrepcloSTD;3;sin-f100-n140;nan
totalLATmin;3;sin-f100-n140;8.925823
totalLATmax;3;sin-f100-n140;8.925823
totalLATminSTD;3;sin-f100-n140;3.816948
totalLATmaxSTD;3;sin-f100-n140;3.816948
totalMSG;3;Fstrrep-f100-n140;347703
totalMSGsrcrep;3;Fstrrep-f100-n140;340707
totalMSGrepclo;3;Fstrrep-f100-n140;6996
totalLATrepclo;3;Fstrrep-f100-n140;5.289827
totalLATrepcloSTD;3;Fstrrep-f100-n140;nan
totalLATmin;3;Fstrrep-f100-n140;8.749081
totalLATmax;3;Fstrrep-f100-n140;13.196373
totalLATminSTD;3;Fstrrep-f100-n140;3.718369
totalLATmaxSTD;3;Fstrrep-f100-n140;3.607411
totalMSG;3;rep-f100-n160;361082
totalMSGsrcrep;3;rep-f100-n160;353572
totalMSGrepclo;3;rep-f100-n160;7510
totalLATrepclo;3;rep-f100-n160;4.997886
totalLATrepcloSTD;3;rep-f100-n160;nan
totalLATmin;3;rep-f100-n160;9.388882
totalLATmax;3;rep-f100-n160;13.170287
totalLATminSTD;3;rep-f100-n160;4.362456
totalLATmaxSTD;3;rep-f100-n160;4.204160
totalMSG;3;sin-f100-n160;119913
totalMSGsrcrep;3;sin-f100-n160;110800
totalMSGrepclo;3;sin-f100-n160;9113
totalLATrepclo;3;sin-f100-n160;6.873110
totalLATrepcloSTD;3;sin-f100-n160;nan
totalLATmin;3;sin-f100-n160;11.002127
totalLATmax;3;sin-f100-n160;11.002127
totalLATminSTD;3;sin-f100-n160;4.408498
totalLATmaxSTD;3;sin-f100-n160;4.408498
totalMSG;3;Fstrrep-f100-n160;400544
totalMSGsrcrep;3;Fstrrep-f100-n160;391924
totalMSGrepclo;3;Fstrrep-f100-n160;8620
totalLATrepclo;3;Fstrrep-f100-n160;5.665606
totalLATrepcloSTD;3;Fstrrep-f100-n160;nan
totalLATmin;3;Fstrrep-f100-n160;9.576450
totalLATmax;3;Fstrrep-f100-n160;14.501706
totalLATminSTD;3;Fstrrep-f100-n160;4.315056
totalLATmaxSTD;3;Fstrrep-f100-n160;4.096683
totalMSG;3;rep-f100-n180;453995
totalMSGsrcrep;3;rep-f100-n180;445188
totalMSGrepclo;3;rep-f100-n180;8807
totalLATrepclo;3;rep-f100-n180;7.107759
totalLATrepcloSTD;3;rep-f100-n180;nan
totalLATmin;3;rep-f100-n180;10.090168
totalLATmax;3;rep-f100-n180;14.618419
totalLATminSTD;3;rep-f100-n180;4.440996
totalLATmaxSTD;3;rep-f100-n180;4.081696
totalMSG;3;sin-f100-n180;142519
totalMSGsrcrep;3;sin-f100-n180;132666
totalMSGrepclo;3;sin-f100-n180;9853
totalLATrepclo;3;sin-f100-n180;8.432353
totalLATrepcloSTD;3;sin-f100-n180;0.384097
totalLATmin;3;sin-f100-n180;11.898431
totalLATmax;3;sin-f100-n180;11.898431
totalLATminSTD;3;sin-f100-n180;4.667880
totalLATmaxSTD;3;sin-f100-n180;4.667880
totalMSG;3;Fstrrep-f100-n180;491913
totalMSGsrcrep;3;Fstrrep-f100-n180;482004
totalMSGrepclo;3;Fstrrep-f100-n180;9909
totalLATrepclo;3;Fstrrep-f100-n180;6.848732
totalLATrepcloSTD;3;Fstrrep-f100-n180;0.615716
totalLATmin;3;Fstrrep-f100-n180;10.419024
totalLATmax;3;Fstrrep-f100-n180;15.572171
totalLATminSTD;3;Fstrrep-f100-n180;4.044525
totalLATmaxSTD;3;Fstrrep-f100-n180;3.813059
totalMSG;3;rep-f100-n200;497657
totalMSGsrcrep;3;rep-f100-n200;488418
totalMSGrepclo;3;rep-f100-n200;9239
totalLATrepclo;3;rep-f100-n200;6.711252
totalLATrepcloSTD;3;rep-f100-n200;nan
totalLATmin;3;rep-f100-n200;10.710826
totalLATmax;3;rep-f100-n200;14.885274
totalLATminSTD;3;rep-f100-n200;3.917057
totalLATmaxSTD;3;rep-f100-n200;4.054049
totalMSG;3;sin-f100-n200;166762
totalMSGsrcrep;3;sin-f100-n200;156416
totalMSGrepclo;3;sin-f100-n200;10346
totalLATrepclo;3;sin-f100-n200;5.479406
totalLATrepcloSTD;3;sin-f100-n200;nan
totalLATmin;3;sin-f100-n200;12.311165
totalLATmax;3;sin-f100-n200;12.311165
totalLATminSTD;3;sin-f100-n200;3.899197
totalLATmaxSTD;3;sin-f100-n200;3.899197
totalMSG;3;Fstrrep-f100-n200;568094
totalMSGsrcrep;3;Fstrrep-f100-n200;557122
totalMSGrepclo;3;Fstrrep-f100-n200;10972
totalLATrepclo;3;Fstrrep-f100-n200;7.434551
totalLATrepcloSTD;3;Fstrrep-f100-n200;nan
totalLATmin;3;Fstrrep-f100-n200;12.055748
totalLATmax;3;Fstrrep-f100-n200;16.565090
totalLATminSTD;3;Fstrrep-f100-n200;4.254853
totalLATmaxSTD;3;Fstrrep-f100-n200;4.103481
totalMSG;3;rep-f100-n220;580194
totalMSGsrcrep;3;rep-f100-n220;568823
totalMSGrepclo;3;rep-f100-n220;11371
totalLATrepclo;3;rep-f100-n220;6.597447
totalLATrepcloSTD;3;rep-f100-n220;0.865906
totalLATmin;3;rep-f100-n220;9.810122
totalLATmax;3;rep-f100-n220;13.886902
totalLATminSTD;3;rep-f100-n220;4.608773
totalLATmaxSTD;3;rep-f100-n220;4.455090
totalMSG;3;sin-f100-n220;200134
totalMSGsrcrep;3;sin-f100-n220;187264
totalMSGrepclo;3;sin-f100-n220;12870
totalLATrepclo;3;sin-f100-n220;7.179142
totalLATrepcloSTD;3;sin-f100-n220;0.473931
totalLATmin;3;sin-f100-n220;12.325023
totalLATmax;3;sin-f100-n220;12.325023
totalLATminSTD;3;sin-f100-n220;4.853925
totalLATmaxSTD;3;sin-f100-n220;4.853925
totalMSG;3;Fstrrep-f100-n220;651883
totalMSGsrcrep;3;Fstrrep-f100-n220;639374
totalMSGrepclo;3;Fstrrep-f100-n220;12509
totalLATrepclo;3;Fstrrep-f100-n220;7.454537
totalLATrepcloSTD;3;Fstrrep-f100-n220;nan
totalLATmin;3;Fstrrep-f100-n220;10.722369
totalLATmax;3;Fstrrep-f100-n220;15.816437
totalLATminSTD;3;Fstrrep-f100-n220;4.435899
totalLATmaxSTD;3;Fstrrep-f100-n220;4.406394
totalMSG;3;rep-f100-n240;615739
totalMSGsrcrep;3;rep-f100-n240;604447
totalMSGrepclo;3;rep-f100-n240;11292
totalLATrepclo;3;rep-f100-n240;6.493827
totalLATrepcloSTD;3;rep-f100-n240;nan
totalLATmin;3;rep-f100-n240;10.214185
totalLATmax;3;rep-f100-n240;14.690900
totalLATminSTD;3;rep-f100-n240;4.296694
totalLATmaxSTD;3;rep-f100-n240;3.998013
totalMSG;3;sin-f100-n240;178363
totalMSGsrcrep;3;sin-f100-n240;167123
totalMSGrepclo;3;sin-f100-n240;11240
totalLATrepclo;3;sin-f100-n240;5.432548
totalLATrepcloSTD;3;sin-f100-n240;nan
totalLATmin;3;sin-f100-n240;10.850555
totalLATmax;3;sin-f100-n240;10.850555
totalLATminSTD;3;sin-f100-n240;4.102080
totalLATmaxSTD;3;sin-f100-n240;4.102080
totalMSG;3;Fstrrep-f100-n240;704216
totalMSGsrcrep;3;Fstrrep-f100-n240;690532
totalMSGrepclo;3;Fstrrep-f100-n240;13684
totalLATrepclo;3;Fstrrep-f100-n240;7.597418
totalLATrepcloSTD;3;Fstrrep-f100-n240;1.462345
totalLATmin;3;Fstrrep-f100-n240;11.517865
totalLATmax;3;Fstrrep-f100-n240;16.517954
totalLATminSTD;3;Fstrrep-f100-n240;4.513320
totalLATmaxSTD;3;Fstrrep-f100-n240;4.149957
totalMSG;3;rep-f100-n260;644776
totalMSGsrcrep;3;rep-f100-n260;631968
totalMSGrepclo;3;rep-f100-n260;12808
totalLATrepclo;3;rep-f100-n260;236.238144
totalLATrepcloSTD;3;rep-f100-n260;112.341758
totalLATmin;3;rep-f100-n260;9.744092
totalLATmax;3;rep-f100-n260;13.888934
totalLATminSTD;3;rep-f100-n260;4.409121
totalLATmaxSTD;3;rep-f100-n260;4.081230
totalMSG;3;sin-f100-n260;198304
totalMSGsrcrep;3;sin-f100-n260;185771
totalMSGrepclo;3;sin-f100-n260;12533
totalLATrepclo;3;sin-f100-n260;5.724233
totalLATrepcloSTD;3;sin-f100-n260;0.582908
totalLATmin;3;sin-f100-n260;10.598730
totalLATmax;3;sin-f100-n260;10.598730
totalLATminSTD;3;sin-f100-n260;3.561201
totalLATmaxSTD;3;sin-f100-n260;3.561201
totalMSG;3;Fstrrep-f100-n260;721548
totalMSGsrcrep;3;Fstrrep-f100-n260;706909
totalMSGrepclo;3;Fstrrep-f100-n260;14639
totalLATrepclo;3;Fstrrep-f100-n260;89.059825
totalLATrepcloSTD;3;Fstrrep-f100-n260;nan
totalLATmin;3;Fstrrep-f100-n260;10.518435
totalLATmax;3;Fstrrep-f100-n260;15.500273
totalLATminSTD;3;Fstrrep-f100-n260;4.211497
totalLATmaxSTD;3;Fstrrep-f100-n260;3.640757
totalMSG;3;rep-f100-n280;685437
totalMSGsrcrep;3;rep-f100-n280;672742
totalMSGrepclo;3;rep-f100-n280;12695
totalLATrepclo;3;rep-f100-n280;5.381583
totalLATrepcloSTD;3;rep-f100-n280;0.754321
totalLATmin;3;rep-f100-n280;10.031411
totalLATmax;3;rep-f100-n280;14.248002
totalLATminSTD;3;rep-f100-n280;4.030358
totalLATmaxSTD;3;rep-f100-n280;4.034900
totalMSG;3;sin-f100-n280;210109
totalMSGsrcrep;3;sin-f100-n280;196019
totalMSGrepclo;3;sin-f100-n280;14090
totalLATrepclo;3;sin-f100-n280;6.376232
totalLATrepcloSTD;3;sin-f100-n280;nan
totalLATmin;3;sin-f100-n280;11.224511
totalLATmax;3;sin-f100-n280;11.224511
totalLATminSTD;3;sin-f100-n280;4.503511
totalLATmaxSTD;3;sin-f100-n280;4.503511
totalMSG;3;Fstrrep-f100-n280;796818
totalMSGsrcrep;3;Fstrrep-f100-n280;781512
totalMSGrepclo;3;Fstrrep-f100-n280;15306
totalLATrepclo;3;Fstrrep-f100-n280;6.634813
totalLATrepcloSTD;3;Fstrrep-f100-n280;nan
totalLATmin;3;Fstrrep-f100-n280;11.059334
totalLATmax;3;Fstrrep-f100-n280;16.366343
totalLATminSTD;3;Fstrrep-f100-n280;4.154813
totalLATmaxSTD;3;Fstrrep-f100-n280;4.275949
totalMSG;3;rep-f100-n300;721626
totalMSGsrcrep;3;rep-f100-n300;707846
totalMSGrepclo;3;rep-f100-n300;13780
totalLATrepclo;3;rep-f100-n300;4.885785
totalLATrepcloSTD;3;rep-f100-n300;nan
totalLATmin;3;rep-f100-n300;9.343136
totalLATmax;3;rep-f100-n300;12.614113
totalLATminSTD;3;rep-f100-n300;4.402371
totalLATmaxSTD;3;rep-f100-n300;4.569134
totalMSG;3;sin-f100-n300;219151
totalMSGsrcrep;3;sin-f100-n300;202452
totalMSGrepclo;3;sin-f100-n300;16699
totalLATrepclo;3;sin-f100-n300;5.301481
totalLATrepcloSTD;3;sin-f100-n300;nan
totalLATmin;3;sin-f100-n300;9.633522
totalLATmax;3;sin-f100-n300;9.633522
totalLATminSTD;3;sin-f100-n300;4.508808
totalLATmaxSTD;3;sin-f100-n300;4.508808
totalMSG;3;Fstrrep-f100-n300;854248
totalMSGsrcrep;3;Fstrrep-f100-n300;836818
totalMSGrepclo;3;Fstrrep-f100-n300;17430
totalLATrepclo;3;Fstrrep-f100-n300;6.880840
totalLATrepcloSTD;3;Fstrrep-f100-n300;nan
totalLATmin;3;Fstrrep-f100-n300;10.625119
totalLATmax;3;Fstrrep-f100-n300;15.233829
totalLATminSTD;3;Fstrrep-f100-n300;4.493624
totalLATmaxSTD;3;Fstrrep-f100-n300;4.915112
totalMSG;4;rep-f100-n100;232344
totalMSGsrcrep;4;rep-f100-n100;227029
totalMSGrepclo;4;rep-f100-n100;5315
totalLATrepclo;4;rep-f100-n100;5.894011
totalLATrepcloSTD;4;rep-f100-n100;nan
totalLATmin;4;rep-f100-n100;7.591527
totalLATmax;4;rep-f100-n100;11.682244
totalLATminSTD;4;rep-f100-n100;3.633437
totalLATmaxSTD;4;rep-f100-n100;3.556405
totalMSG;4;sin-f100-n100;84618
totalMSGsrcrep;4;sin-f100-n100;77794
totalMSGrepclo;4;sin-f100-n100;6824
totalLATrepclo;4;sin-f100-n100;5.946555
totalLATrepcloSTD;4;sin-f100-n100;0.183268
totalLATmin;4;sin-f100-n100;9.084888
totalLATmax;4;sin-f100-n100;9.084888
totalLATminSTD;4;sin-f100-n100;3.751266
totalLATmaxSTD;4;sin-f100-n100;3.751266
totalMSG;4;Fstrrep-f100-n100;240540
totalMSGsrcrep;4;Fstrrep-f100-n100;235485
totalMSGrepclo;4;Fstrrep-f100-n100;5055
totalLATrepclo;4;Fstrrep-f100-n100;6.266316
totalLATrepcloSTD;4;Fstrrep-f100-n100;nan
totalLATmin;4;Fstrrep-f100-n100;7.670277
totalLATmax;4;Fstrrep-f100-n100;11.936339
totalLATminSTD;4;Fstrrep-f100-n100;3.699521
totalLATmaxSTD;4;Fstrrep-f100-n100;3.662672
totalMSG;4;rep-f100-n120;290358
totalMSGsrcrep;4;rep-f100-n120;284827
totalMSGrepclo;4;rep-f100-n120;5531
totalLATrepclo;4;rep-f100-n120;5.394665
totalLATrepcloSTD;4;rep-f100-n120;nan
totalLATmin;4;rep-f100-n120;8.530791
totalLATmax;4;rep-f100-n120;12.598259
totalLATminSTD;4;rep-f100-n120;4.133422
totalLATmaxSTD;4;rep-f100-n120;4.161907
totalMSG;4;sin-f100-n120;98527
totalMSGsrcrep;4;sin-f100-n120;91605
totalMSGrepclo;4;sin-f100-n120;6922
totalLATrepclo;4;sin-f100-n120;6.968999
totalLATrepcloSTD;4;sin-f100-n120;nan
totalLATmin;4;sin-f100-n120;9.859250
totalLATmax;4;sin-f100-n120;9.859250
totalLATminSTD;4;sin-f100-n120;4.167608
totalLATmaxSTD;4;sin-f100-n120;4.167608
totalMSG;4;Fstrrep-f100-n120;318900
totalMSGsrcrep;4;Fstrrep-f100-n120;312676
totalMSGrepclo;4;Fstrrep-f100-n120;6224
totalLATrepclo;4;Fstrrep-f100-n120;5.736542
totalLATrepcloSTD;4;Fstrrep-f100-n120;nan
totalLATmin;4;Fstrrep-f100-n120;8.784476
totalLATmax;4;Fstrrep-f100-n120;14.195098
totalLATminSTD;4;Fstrrep-f100-n120;3.942648
totalLATmaxSTD;4;Fstrrep-f100-n120;4.039056
totalMSG;4;rep-f100-n140;334410
totalMSGsrcrep;4;rep-f100-n140;327478
totalMSGrepclo;4;rep-f100-n140;6932
totalLATrepclo;4;rep-f100-n140;5.534869
totalLATrepcloSTD;4;rep-f100-n140;nan
totalLATmin;4;rep-f100-n140;8.940892
totalLATmax;4;rep-f100-n140;12.092902
totalLATminSTD;4;rep-f100-n140;3.954759
totalLATmaxSTD;4;rep-f100-n140;3.911496
totalMSG;4;sin-f100-n140;106616
totalMSGsrcrep;4;sin-f100-n140;98255
totalMSGrepclo;4;sin-f100-n140;8361
totalLATrepclo;4;sin-f100-n140;5.247964
totalLATrepcloSTD;4;sin-f100-n140;nan
totalLATmin;4;sin-f100-n140;8.925823
totalLATmax;4;sin-f100-n140;8.925823
totalLATminSTD;4;sin-f100-n140;3.816948
totalLATmaxSTD;4;sin-f100-n140;3.816948
totalMSG;4;Fstrrep-f100-n140;358081
totalMSGsrcrep;4;Fstrrep-f100-n140;350751
totalMSGrepclo;4;Fstrrep-f100-n140;7330
totalLATrepclo;4;Fstrrep-f100-n140;5.263359
totalLATrepcloSTD;4;Fstrrep-f100-n140;nan
totalLATmin;4;Fstrrep-f100-n140;8.749081
totalLATmax;4;Fstrrep-f100-n140;13.196373
totalLATminSTD;4;Fstrrep-f100-n140;3.718369
totalLATmaxSTD;4;Fstrrep-f100-n140;3.607411
totalMSG;4;rep-f100-n160;372487
totalMSGsrcrep;4;rep-f100-n160;364811
totalMSGrepclo;4;rep-f100-n160;7676
totalLATrepclo;4;rep-f100-n160;4.972159
totalLATrepcloSTD;4;rep-f100-n160;nan
totalLATmin;4;rep-f100-n160;9.388882
totalLATmax;4;rep-f100-n160;13.170287
totalLATminSTD;4;rep-f100-n160;4.362456
totalLATmaxSTD;4;rep-f100-n160;4.204160
totalMSG;4;sin-f100-n160;125949
totalMSGsrcrep;4;sin-f100-n160;116521
totalMSGrepclo;4;sin-f100-n160;9428
totalLATrepclo;4;sin-f100-n160;6.899767
totalLATrepcloSTD;4;sin-f100-n160;nan
totalLATmin;4;sin-f100-n160;11.002127
totalLATmax;4;sin-f100-n160;11.002127
totalLATminSTD;4;sin-f100-n160;4.408498
totalLATmaxSTD;4;sin-f100-n160;4.408498
totalMSG;4;Fstrrep-f100-n160;412614
totalMSGsrcrep;4;Fstrrep-f100-n160;404010
totalMSGrepclo;4;Fstrrep-f100-n160;8604
totalLATrepclo;4;Fstrrep-f100-n160;5.630621
totalLATrepcloSTD;4;Fstrrep-f100-n160;0.418454
totalLATmin;4;Fstrrep-f100-n160;9.576450
totalLATmax;4;Fstrrep-f100-n160;14.501706
totalLATminSTD;4;Fstrrep-f100-n160;4.315056
totalLATmaxSTD;4;Fstrrep-f100-n160;4.096683
totalMSG;4;rep-f100-n180;464672
totalMSGsrcrep;4;rep-f100-n180;455596
totalMSGrepclo;4;rep-f100-n180;9076
totalLATrepclo;4;rep-f100-n180;7.130287
totalLATrepcloSTD;4;rep-f100-n180;nan
totalLATmin;4;rep-f100-n180;10.090168
totalLATmax;4;rep-f100-n180;14.618419
totalLATminSTD;4;rep-f100-n180;4.440996
totalLATmaxSTD;4;rep-f100-n180;4.081696
totalMSG;4;sin-f100-n180;151362
totalMSGsrcrep;4;sin-f100-n180;140864
totalMSGrepclo;4;sin-f100-n180;10498
totalLATrepclo;4;sin-f100-n180;8.393737
totalLATrepcloSTD;4;sin-f100-n180;nan
totalLATmin;4;sin-f100-n180;11.898431
totalLATmax;4;sin-f100-n180;11.898431
totalLATminSTD;4;sin-f100-n180;4.667880
totalLATmaxSTD;4;sin-f100-n180;4.667880
totalMSG;4;Fstrrep-f100-n180;503626
totalMSGsrcrep;4;Fstrrep-f100-n180;493532
totalMSGrepclo;4;Fstrrep-f100-n180;10094
totalLATrepclo;4;Fstrrep-f100-n180;6.881298
totalLATrepcloSTD;4;Fstrrep-f100-n180;nan
totalLATmin;4;Fstrrep-f100-n180;10.419024
totalLATmax;4;Fstrrep-f100-n180;15.572171
totalLATminSTD;4;Fstrrep-f100-n180;4.044525
totalLATmaxSTD;4;Fstrrep-f100-n180;3.813059
totalMSG;4;rep-f100-n200;507510
totalMSGsrcrep;4;rep-f100-n200;497946
totalMSGrepclo;4;rep-f100-n200;9564
totalLATrepclo;4;rep-f100-n200;6.735073
totalLATrepcloSTD;4;rep-f100-n200;nan
totalLATmin;4;rep-f100-n200;10.710826
totalLATmax;4;rep-f100-n200;14.885274
totalLATminSTD;4;rep-f100-n200;3.917057
totalLATmaxSTD;4;rep-f100-n200;4.054049
totalMSG;4;sin-f100-n200;176776
totalMSGsrcrep;4;sin-f100-n200;165873
totalMSGrepclo;4;sin-f100-n200;10903
totalLATrepclo;4;sin-f100-n200;5.471197
totalLATrepcloSTD;4;sin-f100-n200;0.279258
totalLATmin;4;sin-f100-n200;12.311165
totalLATmax;4;sin-f100-n200;12.311165
totalLATminSTD;4;sin-f100-n200;3.899197
totalLATmaxSTD;4;sin-f100-n200;3.899197
totalMSG;4;Fstrrep-f100-n200;577857
totalMSGsrcrep;4;Fstrrep-f100-n200;566740
totalMSGrepclo;4;Fstrrep-f100-n200;11117
totalLATrepclo;4;Fstrrep-f100-n200;7.396450
totalLATrepcloSTD;4;Fstrrep-f100-n200;nan
totalLATmin;4;Fstrrep-f100-n200;12.055748
totalLATmax;4;Fstrrep-f100-n200;16.565090
totalLATminSTD;4;Fstrrep-f100-n200;4.254853
totalLATmaxSTD;4;Fstrrep-f100-n200;4.103481
totalMSG;4;rep-f100-n220;589815
totalMSGsrcrep;4;rep-f100-n220;578774
totalMSGrepclo;4;rep-f100-n220;11041
totalLATrepclo;4;rep-f100-n220;6.581485
totalLATrepcloSTD;4;rep-f100-n220;nan
totalLATmin;4;rep-f100-n220;9.810122
totalLATmax;4;rep-f100-n220;13.886902
totalLATminSTD;4;rep-f100-n220;4.608773
totalLATmaxSTD;4;rep-f100-n220;4.455090
totalMSG;4;sin-f100-n220;211279
totalMSGsrcrep;4;sin-f100-n220;198029
totalMSGrepclo;4;sin-f100-n220;13250
totalLATrepclo;4;sin-f100-n220;7.192588
totalLATrepcloSTD;4;sin-f100-n220;0.581810
totalLATmin;4;sin-f100-n220;12.325023
totalLATmax;4;sin-f100-n220;12.325023
totalLATminSTD;4;sin-f100-n220;4.853925
totalLATmaxSTD;4;sin-f100-n220;4.853925
totalMSG;4;Fstrrep-f100-n220;663925
totalMSGsrcrep;4;Fstrrep-f100-n220;650911
totalMSGrepclo;4;Fstrrep-f100-n220;13014
totalLATrepclo;4;Fstrrep-f100-n220;7.481697
totalLATrepcloSTD;4;Fstrrep-f100-n220;0.892195
totalLATmin;4;Fstrrep-f100-n220;10.722369
totalLATmax;4;Fstrrep-f100-n220;15.816437
totalLATminSTD;4;Fstrrep-f100-n220;4.435899
totalLATmaxSTD;4;Fstrrep-f100-n220;4.406394
totalMSG;4;rep-f100-n240;625162
totalMSGsrcrep;4;rep-f100-n240;613962
totalMSGrepclo;4;rep-f100-n240;11200
totalLATrepclo;4;rep-f100-n240;6.453830
totalLATrepcloSTD;4;rep-f100-n240;nan
totalLATmin;4;rep-f100-n240;10.214185
totalLATmax;4;rep-f100-n240;14.690900
totalLATminSTD;4;rep-f100-n240;4.296694
totalLATmaxSTD;4;rep-f100-n240;3.998013
totalMSG;4;sin-f100-n240;187455
totalMSGsrcrep;4;sin-f100-n240;175719
totalMSGrepclo;4;sin-f100-n240;11736
totalLATrepclo;4;sin-f100-n240;5.429363
totalLATrepcloSTD;4;sin-f100-n240;nan
totalLATmin;4;sin-f100-n240;10.850555
totalLATmax;4;sin-f100-n240;10.850555
totalLATminSTD;4;sin-f100-n240;4.102080
totalLATmaxSTD;4;sin-f100-n240;4.102080
totalMSG;4;Fstrrep-f100-n240;715890
totalMSGsrcrep;4;Fstrrep-f100-n240;702509
totalMSGrepclo;4;Fstrrep-f100-n240;13381
totalLATrepclo;4;Fstrrep-f100-n240;7.611618
totalLATrepcloSTD;4;Fstrrep-f100-n240;nan
totalLATmin;4;Fstrrep-f100-n240;11.517865
totalLATmax;4;Fstrrep-f100-n240;16.517954
totalLATminSTD;4;Fstrrep-f100-n240;4.513320
totalLATmaxSTD;4;Fstrrep-f100-n240;4.149957
totalMSG;4;rep-f100-n260;654170
totalMSGsrcrep;4;rep-f100-n260;641437
totalMSGrepclo;4;rep-f100-n260;12733
totalLATrepclo;4;rep-f100-n260;259.589159
totalLATrepcloSTD;4;rep-f100-n260;127.681129
totalLATmin;4;rep-f100-n260;9.744092
totalLATmax;4;rep-f100-n260;13.888934
totalLATminSTD;4;rep-f100-n260;4.409121
totalLATmaxSTD;4;rep-f100-n260;4.081230
totalMSG;4;sin-f100-n260;207962
totalMSGsrcrep;4;sin-f100-n260;194612
totalMSGrepclo;4;sin-f100-n260;13350
totalLATrepclo;4;sin-f100-n260;5.742802
totalLATrepcloSTD;4;sin-f100-n260;0.620802
totalLATmin;4;sin-f100-n260;10.598730
totalLATmax;4;sin-f100-n260;10.598730
totalLATminSTD;4;sin-f100-n260;3.561201
totalLATmaxSTD;4;sin-f100-n260;3.561201
totalMSG;4;Fstrrep-f100-n260;732175
totalMSGsrcrep;4;Fstrrep-f100-n260;717766
totalMSGrepclo;4;Fstrrep-f100-n260;14409
totalLATrepclo;4;Fstrrep-f100-n260;96.979609
totalLATrepcloSTD;4;Fstrrep-f100-n260;nan
totalLATmin;4;Fstrrep-f100-n260;10.518435
totalLATmax;4;Fstrrep-f100-n260;15.500273
totalLATminSTD;4;Fstrrep-f100-n260;4.211497
totalLATmaxSTD;4;Fstrrep-f100-n260;3.640757
totalMSG;4;rep-f100-n280;694584
totalMSGsrcrep;4;rep-f100-n280;681669
totalMSGrepclo;4;rep-f100-n280;12915
totalLATrepclo;4;rep-f100-n280;5.436088
totalLATrepcloSTD;4;rep-f100-n280;0.792429
totalLATmin;4;rep-f100-n280;10.031411
totalLATmax;4;rep-f100-n280;14.248002
totalLATminSTD;4;rep-f100-n280;4.030358
totalLATmaxSTD;4;rep-f100-n280;4.034900
totalMSG;4;sin-f100-n280;220229
totalMSGsrcrep;4;sin-f100-n280;205204
totalMSGrepclo;4;sin-f100-n280;15025
totalLATrepclo;4;sin-f100-n280;6.369534
totalLATrepcloSTD;4;sin-f100-n280;nan
totalLATmin;4;sin-f100-n280;11.224511
totalLATmax;4;sin-f100-n280;11.224511
totalLATminSTD;4;sin-f100-n280;4.503511
totalLATmaxSTD;4;sin-f100-n280;4.503511
totalMSG;4;Fstrrep-f100-n280;806704
totalMSGsrcrep;4;Fstrrep-f100-n280;791120
totalMSGrepclo;4;Fstrrep-f100-n280;15584
totalLATrepclo;4;Fstrrep-f100-n280;6.695152
totalLATrepcloSTD;4;Fstrrep-f100-n280;nan
totalLATmin;4;Fstrrep-f100-n280;11.059334
totalLATmax;4;Fstrrep-f100-n280;16.366343
totalLATminSTD;4;Fstrrep-f100-n280;4.154813
totalLATmaxSTD;4;Fstrrep-f100-n280;4.275949
totalMSG;4;rep-f100-n300;730141
totalMSGsrcrep;4;rep-f100-n300;716176
totalMSGrepclo;4;rep-f100-n300;13965
totalLATrepclo;4;rep-f100-n300;4.966407
totalLATrepcloSTD;4;rep-f100-n300;0.656529
totalLATmin;4;rep-f100-n300;9.343136
totalLATmax;4;rep-f100-n300;12.614113
totalLATminSTD;4;rep-f100-n300;4.402371
totalLATmaxSTD;4;rep-f100-n300;4.569134
totalMSG;4;sin-f100-n300;229781
totalMSGsrcrep;4;sin-f100-n300;212417
totalMSGrepclo;4;sin-f100-n300;17364
totalLATrepclo;4;sin-f100-n300;5.309432
totalLATrepcloSTD;4;sin-f100-n300;nan
totalLATmin;4;sin-f100-n300;9.633522
totalLATmax;4;sin-f100-n300;9.633522
totalLATminSTD;4;sin-f100-n300;4.508808
totalLATmaxSTD;4;sin-f100-n300;4.508808
totalMSG;4;Fstrrep-f100-n300;864422
totalMSGsrcrep;4;Fstrrep-f100-n300;846475
totalMSGrepclo;4;Fstrrep-f100-n300;17947
totalLATrepclo;4;Fstrrep-f100-n300;6.928704
totalLATrepcloSTD;4;Fstrrep-f100-n300;0.893537
totalLATmin;4;Fstrrep-f100-n300;10.625119
totalLATmax;4;Fstrrep-f100-n300;15.233829
totalLATminSTD;4;Fstrrep-f100-n300;4.493624
totalLATmaxSTD;4;Fstrrep-f100-n300;4.915112
