totalMSG;0;rep-f100-n200;526245
totalMSGsrcrep;0;rep-f100-n200;515876
totalMSGrepclo;0;rep-f100-n200;10369
totalLATrepclo;0;rep-f100-n200;6.775820
totalLATrepcloSTD;0;rep-f100-n200;nan
totalLATmin;0;rep-f100-n200;10.710826
totalLATmax;0;rep-f100-n200;14.885274
totalLATminSTD;0;rep-f100-n200;3.917057
totalLATmaxSTD;0;rep-f100-n200;4.054049
totalMSG;0;sin-f100-n200;187701
totalMSGsrcrep;0;sin-f100-n200;175785
totalMSGrepclo;0;sin-f100-n200;11916
totalLATrepclo;0;sin-f100-n200;5.503819
totalLATrepcloSTD;0;sin-f100-n200;0.322213
totalLATmin;0;sin-f100-n200;12.311165
totalLATmax;0;sin-f100-n200;12.311165
totalLATminSTD;0;sin-f100-n200;3.899197
totalLATmaxSTD;0;sin-f100-n200;3.899197
totalMSG;0;Fstrrep-f100-n200;600035
totalMSGsrcrep;0;Fstrrep-f100-n200;588287
totalMSGrepclo;0;Fstrrep-f100-n200;11748
totalLATrepclo;0;Fstrrep-f100-n200;7.406036
totalLATrepcloSTD;0;Fstrrep-f100-n200;nan
totalLATmin;0;Fstrrep-f100-n200;12.055748
totalLATmax;0;Fstrrep-f100-n200;16.565090
totalLATminSTD;0;Fstrrep-f100-n200;4.254853
totalLATmaxSTD;0;Fstrrep-f100-n200;4.103481
totalMSG;0;rep-f110-n200;584137
totalMSGsrcrep;0;rep-f110-n200;572162
totalMSGrepclo;0;rep-f110-n200;11975
totalLATrepclo;0;rep-f110-n200;6.760837
totalLATrepcloSTD;0;rep-f110-n200;nan
totalLATmin;0;rep-f110-n200;10.874827
totalLATmax;0;rep-f110-n200;14.774753
totalLATminSTD;0;rep-f110-n200;4.136089
totalLATmaxSTD;0;rep-f110-n200;4.013092
totalMSG;0;sin-f110-n200;202913
totalMSGsrcrep;0;sin-f110-n200;190025
totalMSGrepclo;0;sin-f110-n200;12888
totalLATrepclo;0;sin-f110-n200;5.534131
totalLATrepcloSTD;0;sin-f110-n200;0.382484
totalLATmin;0;sin-f110-n200;12.263510
totalLATmax;0;sin-f110-n200;12.263510
totalLATminSTD;0;sin-f110-n200;3.994345
totalLATmaxSTD;0;sin-f110-n200;3.994345
totalMSG;0;Fstrrep-f110-n200;653185
totalMSGsrcrep;0;Fstrrep-f110-n200;639318
totalMSGrepclo;0;Fstrrep-f110-n200;13867
totalLATrepclo;0;Fstrrep-f110-n200;7.584161
totalLATrepcloSTD;0;Fstrrep-f110-n200;0.975980
totalLATmin;0;Fstrrep-f110-n200;11.923157
totalLATmax;0;Fstrrep-f110-n200;16.595510
totalLATminSTD;0;Fstrrep-f110-n200;4.298892
totalLATmaxSTD;0;Fstrrep-f110-n200;3.959917
totalMSG;0;rep-f120-n200;650623
totalMSGsrcrep;0;rep-f120-n200;637708
totalMSGrepclo;0;rep-f120-n200;12915
totalLATrepclo;0;rep-f120-n200;7.014615
totalLATrepcloSTD;0;rep-f120-n200;0.794326
totalLATmin;0;rep-f120-n200;10.949090
totalLATmax;0;rep-f120-n200;15.249286
totalLATminSTD;0;rep-f120-n200;3.975532
totalLATmaxSTD;0;rep-f120-n200;4.071613
totalMSG;0;sin-f120-n200;224173
totalMSGsrcrep;0;sin-f120-n200;209711
totalMSGrepclo;0;sin-f120-n200;14462
totalLATrepclo;0;sin-f120-n200;5.716633
totalLATrepcloSTD;0;sin-f120-n200;nan
totalLATmin;0;sin-f120-n200;12.190496
totalLATmax;0;sin-f120-n200;12.190496
totalLATminSTD;0;sin-f120-n200;3.956966
totalLATmaxSTD;0;sin-f120-n200;3.956966
totalMSG;0;Fstrrep-f120-n200;724013
totalMSGsrcrep;0;Fstrrep-f120-n200;709082
totalMSGrepclo;0;Fstrrep-f120-n200;14931
totalLATrepclo;0;Fstrrep-f120-n200;7.848341
totalLATrepcloSTD;0;Fstrrep-f120-n200;0.973620
totalLATmin;0;Fstrrep-f120-n200;11.954850
totalLATmax;0;Fstrrep-f120-n200;16.652250
totalLATminSTD;0;Fstrrep-f120-n200;4.224872
totalLATmaxSTD;0;Fstrrep-f120-n200;4.101658
totalMSG;0;rep-f130-n200;705997
totalMSGsrcrep;0;rep-f130-n200;690866
totalMSGrepclo;0;rep-f130-n200;15131
totalLATrepclo;0;rep-f130-n200;7.190444
totalLATrepcloSTD;0;rep-f130-n200;0.957018
totalLATmin;0;rep-f130-n200;11.222272
totalLATmax;0;rep-f130-n200;15.197993
totalLATminSTD;0;rep-f130-n200;4.123649
totalLATmaxSTD;0;rep-f130-n200;3.985088
totalMSG;0;sin-f130-n200;242090
totalMSGsrcrep;0;sin-f130-n200;226416
totalMSGrepclo;0;sin-f130-n200;15674
totalLATrepclo;0;sin-f130-n200;5.943124
totalLATrepcloSTD;0;sin-f130-n200;nan
totalLATmin;0;sin-f130-n200;12.453293
totalLATmax;0;sin-f130-n200;12.453293
totalLATminSTD;0;sin-f130-n200;4.132159
totalLATmaxSTD;0;sin-f130-n200;4.132159
totalMSG;0;Fstrrep-f130-n200;772427
totalMSGsrcrep;0;Fstrrep-f130-n200;756779
totalMSGrepclo;0;Fstrrep-f130-n200;15648
totalLATrepclo;0;Fstrrep-f130-n200;7.658536
totalLATrepcloSTD;0;Fstrrep-f130-n200;nan
totalLATmin;0;Fstrrep-f130-n200;11.890331
totalLATmax;0;Fstrrep-f130-n200;16.753835
totalLATminSTD;0;Fstrrep-f130-n200;4.241189
totalLATmaxSTD;0;Fstrrep-f130-n200;4.139864
totalMSG;0;rep-f140-n200;762948
totalMSGsrcrep;0;rep-f140-n200;746685
totalMSGrepclo;0;rep-f140-n200;16263
totalLATrepclo;0;rep-f140-n200;7.639927
totalLATrepcloSTD;0;rep-f140-n200;nan
totalLATmin;0;rep-f140-n200;11.219827
totalLATmax;0;rep-f140-n200;15.461066
totalLATminSTD;0;rep-f140-n200;4.148009
totalLATmaxSTD;0;rep-f140-n200;4.103968
totalMSG;0;sin-f140-n200;261664
totalMSGsrcrep;0;sin-f140-n200;244754
totalMSGrepclo;0;sin-f140-n200;16910
totalLATrepclo;0;sin-f140-n200;6.113453
totalLATrepcloSTD;0;sin-f140-n200;nan
totalLATmin;0;sin-f140-n200;12.612238
totalLATmax;0;sin-f140-n200;12.612238
totalLATminSTD;0;sin-f140-n200;4.096984
totalLATmaxSTD;0;sin-f140-n200;4.096984
totalMSG;0;Fstrrep-f140-n200;830753
totalMSGsrcrep;0;Fstrrep-f140-n200;813673
totalMSGrepclo;0;Fstrrep-f140-n200;17080
totalLATrepclo;0;Fstrrep-f140-n200;7.697714
totalLATrepcloSTD;0;Fstrrep-f140-n200;nan
totalLATmin;0;Fstrrep-f140-n200;12.029988
totalLATmax;0;Fstrrep-f140-n200;16.627752
totalLATminSTD;0;Fstrrep-f140-n200;4.373496
totalLATmaxSTD;0;Fstrrep-f140-n200;4.036116
totalMSG;0;rep-f150-n200;836845
totalMSGsrcrep;0;rep-f150-n200;818737
totalMSGrepclo;0;rep-f150-n200;18108
totalLATrepclo;0;rep-f150-n200;7.787916
totalLATrepcloSTD;0;rep-f150-n200;nan
totalLATmin;0;rep-f150-n200;11.411374
totalLATmax;0;rep-f150-n200;15.525404
totalLATminSTD;0;rep-f150-n200;4.269324
totalLATmaxSTD;0;rep-f150-n200;4.158823
totalMSG;0;sin-f150-n200;286161
totalMSGsrcrep;0;sin-f150-n200;267995
totalMSGrepclo;0;sin-f150-n200;18166
totalLATrepclo;0;sin-f150-n200;6.126336
totalLATrepcloSTD;0;sin-f150-n200;nan
totalLATmin;0;sin-f150-n200;12.629571
totalLATmax;0;sin-f150-n200;12.629571
totalLATminSTD;0;sin-f150-n200;4.008531
totalLATmaxSTD;0;sin-f150-n200;4.008531
totalMSG;0;Fstrrep-f150-n200;900226
totalMSGsrcrep;0;Fstrrep-f150-n200;882178
totalMSGrepclo;0;Fstrrep-f150-n200;18048
totalLATrepclo;0;Fstrrep-f150-n200;7.808252
totalLATrepcloSTD;0;Fstrrep-f150-n200;nan
totalLATmin;0;Fstrrep-f150-n200;11.907273
totalLATmax;0;Fstrrep-f150-n200;16.612692
totalLATminSTD;0;Fstrrep-f150-n200;4.289870
totalLATmaxSTD;0;Fstrrep-f150-n200;4.121412
totalMSG;0;rep-f160-n200;884274
totalMSGsrcrep;0;rep-f160-n200;865325
totalMSGrepclo;0;rep-f160-n200;18949
totalLATrepclo;0;rep-f160-n200;7.939515
totalLATrepcloSTD;0;rep-f160-n200;nan
totalLATmin;0;rep-f160-n200;11.357189
totalLATmax;0;rep-f160-n200;15.518129
totalLATminSTD;0;rep-f160-n200;4.161475
totalLATmaxSTD;0;rep-f160-n200;4.131732
totalMSG;0;sin-f160-n200;306954
totalMSGsrcrep;0;sin-f160-n200;286921
totalMSGrepclo;0;sin-f160-n200;20033
totalLATrepclo;0;sin-f160-n200;6.300851
totalLATrepcloSTD;0;sin-f160-n200;nan
totalLATmin;0;sin-f160-n200;12.840792
totalLATmax;0;sin-f160-n200;12.840792
totalLATminSTD;0;sin-f160-n200;4.052681
totalLATmaxSTD;0;sin-f160-n200;4.052681
totalMSG;0;Fstrrep-f160-n200;946620
totalMSGsrcrep;0;Fstrrep-f160-n200;927790
totalMSGrepclo;0;Fstrrep-f160-n200;18830
totalLATrepclo;0;Fstrrep-f160-n200;7.909527
totalLATrepcloSTD;0;Fstrrep-f160-n200;nan
totalLATmin;0;Fstrrep-f160-n200;11.788111
totalLATmax;0;Fstrrep-f160-n200;16.625391
totalLATminSTD;0;Fstrrep-f160-n200;4.163952
totalLATmaxSTD;0;Fstrrep-f160-n200;4.054794
totalMSG;0;rep-f170-n200;940097
totalMSGsrcrep;0;rep-f170-n200;919830
totalMSGrepclo;0;rep-f170-n200;20267
totalLATrepclo;0;rep-f170-n200;8.303275
totalLATrepcloSTD;0;rep-f170-n200;nan
totalLATmin;0;rep-f170-n200;11.394344
totalLATmax;0;rep-f170-n200;15.626166
totalLATminSTD;0;rep-f170-n200;4.202574
totalLATmaxSTD;0;rep-f170-n200;4.149022
totalMSG;0;sin-f170-n200;324152
totalMSGsrcrep;0;sin-f170-n200;303462
totalMSGrepclo;0;sin-f170-n200;20690
totalLATrepclo;0;sin-f170-n200;6.431597
totalLATrepcloSTD;0;sin-f170-n200;nan
totalLATmin;0;sin-f170-n200;12.859699
totalLATmax;0;sin-f170-n200;12.859699
totalLATminSTD;0;sin-f170-n200;4.080594
totalLATmaxSTD;0;sin-f170-n200;4.080594
totalMSG;0;Fstrrep-f170-n200;1003070
totalMSGsrcrep;0;Fstrrep-f170-n200;983523
totalMSGrepclo;0;Fstrrep-f170-n200;19547
totalLATrepclo;0;Fstrrep-f170-n200;8.111445
totalLATrepcloSTD;0;Fstrrep-f170-n200;nan
totalLATmin;0;Fstrrep-f170-n200;11.844621
totalLATmax;0;Fstrrep-f170-n200;16.499813
totalLATminSTD;0;Fstrrep-f170-n200;4.175480
totalLATmaxSTD;0;Fstrrep-f170-n200;3.989634
totalMSG;0;rep-f180-n200;1008580
totalMSGsrcrep;0;rep-f180-n200;985781
totalMSGrepclo;0;rep-f180-n200;22799
totalLATrepclo;0;rep-f180-n200;8.630113
totalLATrepcloSTD;0;rep-f180-n200;nan
totalLATmin;0;rep-f180-n200;11.424646
totalLATmax;0;rep-f180-n200;15.780940
totalLATminSTD;0;rep-f180-n200;4.268868
totalLATmaxSTD;0;rep-f180-n200;4.112559
totalMSG;0;sin-f180-n200;348785
totalMSGsrcrep;0;sin-f180-n200;326527
totalMSGrepclo;0;sin-f180-n200;22258
totalLATrepclo;0;sin-f180-n200;6.333778
totalLATrepcloSTD;0;sin-f180-n200;nan
totalLATmin;0;sin-f180-n200;12.854288
totalLATmax;0;sin-f180-n200;12.854288
totalLATminSTD;0;sin-f180-n200;4.068153
totalLATmaxSTD;0;sin-f180-n200;4.068153
totalMSG;0;Fstrrep-f180-n200;1075751
totalMSGsrcrep;0;Fstrrep-f180-n200;1054248
totalMSGrepclo;0;Fstrrep-f180-n200;21503
totalLATrepclo;0;Fstrrep-f180-n200;10.466418
totalLATrepcloSTD;0;Fstrrep-f180-n200;nan
totalLATmin;0;Fstrrep-f180-n200;11.811344
totalLATmax;0;Fstrrep-f180-n200;16.532456
totalLATminSTD;0;Fstrrep-f180-n200;4.204522
totalLATmaxSTD;0;Fstrrep-f180-n200;4.107282
totalMSG;0;rep-f190-n200;1066743
totalMSGsrcrep;0;rep-f190-n200;1043775
totalMSGrepclo;0;rep-f190-n200;22968
totalLATrepclo;0;rep-f190-n200;9.325227
totalLATrepcloSTD;0;rep-f190-n200;nan
totalLATmin;0;rep-f190-n200;11.569050
totalLATmax;0;rep-f190-n200;15.874744
totalLATminSTD;0;rep-f190-n200;4.339825
totalLATmaxSTD;0;rep-f190-n200;4.050111
totalMSG;0;sin-f190-n200;368183
totalMSGsrcrep;0;sin-f190-n200;344572
totalMSGrepclo;0;sin-f190-n200;23611
totalLATrepclo;0;sin-f190-n200;6.421019
totalLATrepcloSTD;0;sin-f190-n200;nan
totalLATmin;0;sin-f190-n200;12.923602
totalLATmax;0;sin-f190-n200;12.923602
totalLATminSTD;0;sin-f190-n200;4.123528
totalLATmaxSTD;0;sin-f190-n200;4.123528
totalMSG;0;Fstrrep-f190-n200;1128175
totalMSGsrcrep;0;Fstrrep-f190-n200;1106741
totalMSGrepclo;0;Fstrrep-f190-n200;21434
totalLATrepclo;0;Fstrrep-f190-n200;20.141675
totalLATrepcloSTD;0;Fstrrep-f190-n200;nan
totalLATmin;0;Fstrrep-f190-n200;11.856746
totalLATmax;0;Fstrrep-f190-n200;16.355605
totalLATminSTD;0;Fstrrep-f190-n200;4.192026
totalLATmaxSTD;0;Fstrrep-f190-n200;4.013764
totalMSG;0;rep-f200-n200;1124554
totalMSGsrcrep;0;rep-f200-n200;1100412
totalMSGrepclo;0;rep-f200-n200;24142
totalLATrepclo;0;rep-f200-n200;9.707404
totalLATrepcloSTD;0;rep-f200-n200;nan
totalLATmin;0;rep-f200-n200;11.561953
totalLATmax;0;rep-f200-n200;15.782305
totalLATminSTD;0;rep-f200-n200;4.380539
totalLATmaxSTD;0;rep-f200-n200;3.962302
totalMSG;0;sin-f200-n200;389745
totalMSGsrcrep;0;sin-f200-n200;364545
totalMSGrepclo;0;sin-f200-n200;25200
totalLATrepclo;0;sin-f200-n200;6.599460
totalLATrepcloSTD;0;sin-f200-n200;nan
totalLATmin;0;sin-f200-n200;13.058875
totalLATmax;0;sin-f200-n200;13.058875
totalLATminSTD;0;sin-f200-n200;4.149551
totalLATmaxSTD;0;sin-f200-n200;4.149551
totalMSG;0;Fstrrep-f200-n200;1174727
totalMSGsrcrep;0;Fstrrep-f200-n200;1152277
totalMSGrepclo;0;Fstrrep-f200-n200;22450
totalLATrepclo;0;Fstrrep-f200-n200;125.569839
totalLATrepcloSTD;0;Fstrrep-f200-n200;nan
totalLATmin;0;Fstrrep-f200-n200;11.675397
totalLATmax;0;Fstrrep-f200-n200;16.403527
totalLATminSTD;0;Fstrrep-f200-n200;4.176069
totalLATmaxSTD;0;Fstrrep-f200-n200;4.070089
totalMSG;1;rep-f100-n200;517420
totalMSGsrcrep;1;rep-f100-n200;506805
totalMSGrepclo;1;rep-f100-n200;10615
totalLATrepclo;1;rep-f100-n200;6.758699
totalLATrepcloSTD;1;rep-f100-n200;nan
totalLATmin;1;rep-f100-n200;10.710826
totalLATmax;1;rep-f100-n200;14.885274
totalLATminSTD;1;rep-f100-n200;3.917057
totalLATmaxSTD;1;rep-f100-n200;4.054049
totalMSG;1;sin-f100-n200;181935
totalMSGsrcrep;1;sin-f100-n200;170276
totalMSGrepclo;1;sin-f100-n200;11659
totalLATrepclo;1;sin-f100-n200;5.497240
totalLATrepcloSTD;1;sin-f100-n200;0.367061
totalLATmin;1;sin-f100-n200;12.311165
totalLATmax;1;sin-f100-n200;12.311165
totalLATminSTD;1;sin-f100-n200;3.899197
totalLATmaxSTD;1;sin-f100-n200;3.899197
totalMSG;1;Fstrrep-f100-n200;588107
totalMSGsrcrep;1;Fstrrep-f100-n200;575742
totalMSGrepclo;1;Fstrrep-f100-n200;12365
totalLATrepclo;1;Fstrrep-f100-n200;7.456066
totalLATrepcloSTD;1;Fstrrep-f100-n200;nan
totalLATmin;1;Fstrrep-f100-n200;12.055748
totalLATmax;1;Fstrrep-f100-n200;16.565090
totalLATminSTD;1;Fstrrep-f100-n200;4.254853
totalLATmaxSTD;1;Fstrrep-f100-n200;4.103481
totalMSG;1;rep-f110-n200;574349
totalMSGsrcrep;1;rep-f110-n200;562017
totalMSGrepclo;1;rep-f110-n200;12332
totalLATrepclo;1;rep-f110-n200;6.811317
totalLATrepcloSTD;1;rep-f110-n200;0.764285
totalLATmin;1;rep-f110-n200;10.874827
totalLATmax;1;rep-f110-n200;14.774753
totalLATminSTD;1;rep-f110-n200;4.136089
totalLATmaxSTD;1;rep-f110-n200;4.013092
totalMSG;1;sin-f110-n200;196572
totalMSGsrcrep;1;sin-f110-n200;184073
totalMSGrepclo;1;sin-f110-n200;12499
totalLATrepclo;1;sin-f110-n200;5.509878
totalLATrepcloSTD;1;sin-f110-n200;nan
totalLATmin;1;sin-f110-n200;12.263510
totalLATmax;1;sin-f110-n200;12.263510
totalLATminSTD;1;sin-f110-n200;3.994345
totalLATmaxSTD;1;sin-f110-n200;3.994345
totalMSG;1;Fstrrep-f110-n200;640063
totalMSGsrcrep;1;Fstrrep-f110-n200;625923
totalMSGrepclo;1;Fstrrep-f110-n200;14140
totalLATrepclo;1;Fstrrep-f110-n200;7.485295
totalLATrepcloSTD;1;Fstrrep-f110-n200;0.919995
totalLATmin;1;Fstrrep-f110-n200;11.923157
totalLATmax;1;Fstrrep-f110-n200;16.595510
totalLATminSTD;1;Fstrrep-f110-n200;4.298892
totalLATmaxSTD;1;Fstrrep-f110-n200;3.959917
totalMSG;1;rep-f120-n200;638345
totalMSGsrcrep;1;rep-f120-n200;625135
totalMSGrepclo;1;rep-f120-n200;13210
totalLATrepclo;1;rep-f120-n200;6.991264
totalLATrepcloSTD;1;rep-f120-n200;0.730388
totalLATmin;1;rep-f120-n200;10.949090
totalLATmax;1;rep-f120-n200;15.249286
totalLATminSTD;1;rep-f120-n200;3.975532
totalLATmaxSTD;1;rep-f120-n200;4.071613
totalMSG;1;sin-f120-n200;217302
totalMSGsrcrep;1;sin-f120-n200;203429
totalMSGrepclo;1;sin-f120-n200;13873
totalLATrepclo;1;sin-f120-n200;5.670179
totalLATrepcloSTD;1;sin-f120-n200;0.414703
totalLATmin;1;sin-f120-n200;12.190496
totalLATmax;1;sin-f120-n200;12.190496
totalLATminSTD;1;sin-f120-n200;3.956966
totalLATmaxSTD;1;sin-f120-n200;3.956966
totalMSG;1;Fstrrep-f120-n200;708982
totalMSGsrcrep;1;Fstrrep-f120-n200;693906
totalMSGrepclo;1;Fstrrep-f120-n200;15076
totalLATrepclo;1;Fstrrep-f120-n200;7.764292
totalLATrepcloSTD;1;Fstrrep-f120-n200;nan
totalLATmin;1;Fstrrep-f120-n200;11.954850
totalLATmax;1;Fstrrep-f120-n200;16.652250
totalLATminSTD;1;Fstrrep-f120-n200;4.224872
totalLATmaxSTD;1;Fstrrep-f120-n200;4.101658
totalMSG;1;rep-f130-n200;693080
totalMSGsrcrep;1;rep-f130-n200;678023
totalMSGrepclo;1;rep-f130-n200;15057
totalLATrepclo;1;rep-f130-n200;7.135779
totalLATrepcloSTD;1;rep-f130-n200;nan
totalLATmin;1;rep-f130-n200;11.222272
totalLATmax;1;rep-f130-n200;15.197993
totalLATminSTD;1;rep-f130-n200;4.123649
totalLATmaxSTD;1;rep-f130-n200;3.985088
totalMSG;1;sin-f130-n200;234325
totalMSGsrcrep;1;sin-f130-n200;219233
totalMSGrepclo;1;sin-f130-n200;15092
totalLATrepclo;1;sin-f130-n200;5.930022
totalLATrepcloSTD;1;sin-f130-n200;nan
totalLATmin;1;sin-f130-n200;12.453293
totalLATmax;1;sin-f130-n200;12.453293
totalLATminSTD;1;sin-f130-n200;4.132159
totalLATmaxSTD;1;sin-f130-n200;4.132159
totalMSG;1;Fstrrep-f130-n200;757832
totalMSGsrcrep;1;Fstrrep-f130-n200;741548
totalMSGrepclo;1;Fstrrep-f130-n200;16284
totalLATrepclo;1;Fstrrep-f130-n200;7.643309
totalLATrepcloSTD;1;Fstrrep-f130-n200;nan
totalLATmin;1;Fstrrep-f130-n200;11.890331
totalLATmax;1;Fstrrep-f130-n200;16.753835
totalLATminSTD;1;Fstrrep-f130-n200;4.241189
totalLATmaxSTD;1;Fstrrep-f130-n200;4.139864
totalMSG;1;rep-f140-n200;749676
totalMSGsrcrep;1;rep-f140-n200;733348
totalMSGrepclo;1;rep-f140-n200;16328
totalLATrepclo;1;rep-f140-n200;7.593693
totalLATrepcloSTD;1;rep-f140-n200;nan
totalLATmin;1;rep-f140-n200;11.219827
totalLATmax;1;rep-f140-n200;15.461066
totalLATminSTD;1;rep-f140-n200;4.148009
totalLATmaxSTD;1;rep-f140-n200;4.103968
totalMSG;1;sin-f140-n200;253335
totalMSGsrcrep;1;sin-f140-n200;236851
totalMSGrepclo;1;sin-f140-n200;16484
totalLATrepclo;1;sin-f140-n200;6.139395
totalLATrepcloSTD;1;sin-f140-n200;nan
totalLATmin;1;sin-f140-n200;12.612238
totalLATmax;1;sin-f140-n200;12.612238
totalLATminSTD;1;sin-f140-n200;4.096984
totalLATmaxSTD;1;sin-f140-n200;4.096984
totalMSG;1;Fstrrep-f140-n200;815665
totalMSGsrcrep;1;Fstrrep-f140-n200;798249
totalMSGrepclo;1;Fstrrep-f140-n200;17416
totalLATrepclo;1;Fstrrep-f140-n200;7.642936
totalLATrepcloSTD;1;Fstrrep-f140-n200;nan
totalLATmin;1;Fstrrep-f140-n200;12.029988
totalLATmax;1;Fstrrep-f140-n200;16.627752
totalLATminSTD;1;Fstrrep-f140-n200;4.373496
totalLATmaxSTD;1;Fstrrep-f140-n200;4.036116
totalMSG;1;rep-f150-n200;821961
totalMSGsrcrep;1;rep-f150-n200;803797
totalMSGrepclo;1;rep-f150-n200;18164
totalLATrepclo;1;rep-f150-n200;7.700503
totalLATrepcloSTD;1;rep-f150-n200;nan
totalLATmin;1;rep-f150-n200;11.411374
totalLATmax;1;rep-f150-n200;15.525404
totalLATminSTD;1;rep-f150-n200;4.269324
totalLATmaxSTD;1;rep-f150-n200;4.158823
totalMSG;1;sin-f150-n200;277059
totalMSGsrcrep;1;sin-f150-n200;259527
totalMSGrepclo;1;sin-f150-n200;17532
totalLATrepclo;1;sin-f150-n200;6.191624
totalLATrepcloSTD;1;sin-f150-n200;nan
totalLATmin;1;sin-f150-n200;12.629571
totalLATmax;1;sin-f150-n200;12.629571
totalLATminSTD;1;sin-f150-n200;4.008531
totalLATmaxSTD;1;sin-f150-n200;4.008531
totalMSG;1;Fstrrep-f150-n200;882110
totalMSGsrcrep;1;Fstrrep-f150-n200;863654
totalMSGrepclo;1;Fstrrep-f150-n200;18456
totalLATrepclo;1;Fstrrep-f150-n200;7.792158
totalLATrepcloSTD;1;Fstrrep-f150-n200;1.098824
totalLATmin;1;Fstrrep-f150-n200;11.907273
totalLATmax;1;Fstrrep-f150-n200;16.612692
totalLATminSTD;1;Fstrrep-f150-n200;4.289870
totalLATmaxSTD;1;Fstrrep-f150-n200;4.121412
totalMSG;1;rep-f160-n200;870071
totalMSGsrcrep;1;rep-f160-n200;850568
totalMSGrepclo;1;rep-f160-n200;19503
totalLATrepclo;1;rep-f160-n200;7.972604
totalLATrepcloSTD;1;rep-f160-n200;nan
totalLATmin;1;rep-f160-n200;11.357189
totalLATmax;1;rep-f160-n200;15.518129
totalLATminSTD;1;rep-f160-n200;4.161475
totalLATmaxSTD;1;rep-f160-n200;4.131732
totalMSG;1;sin-f160-n200;296483
totalMSGsrcrep;1;sin-f160-n200;277663
totalMSGrepclo;1;sin-f160-n200;18820
totalLATrepclo;1;sin-f160-n200;6.279021
totalLATrepcloSTD;1;sin-f160-n200;0.509495
totalLATmin;1;sin-f160-n200;12.840792
totalLATmax;1;sin-f160-n200;12.840792
totalLATminSTD;1;sin-f160-n200;4.052681
totalLATmaxSTD;1;sin-f160-n200;4.052681
totalMSG;1;Fstrrep-f160-n200;930061
totalMSGsrcrep;1;Fstrrep-f160-n200;910252
totalMSGrepclo;1;Fstrrep-f160-n200;19809
totalLATrepclo;1;Fstrrep-f160-n200;7.937119
totalLATrepcloSTD;1;Fstrrep-f160-n200;nan
totalLATmin;1;Fstrrep-f160-n200;11.788111
totalLATmax;1;Fstrrep-f160-n200;16.625391
totalLATminSTD;1;Fstrrep-f160-n200;4.163952
totalLATmaxSTD;1;Fstrrep-f160-n200;4.054794
totalMSG;1;rep-f170-n200;924602
totalMSGsrcrep;1;rep-f170-n200;903747
totalMSGrepclo;1;rep-f170-n200;20855
totalLATrepclo;1;rep-f170-n200;8.283126
totalLATrepcloSTD;1;rep-f170-n200;nan
totalLATmin;1;rep-f170-n200;11.394344
totalLATmax;1;rep-f170-n200;15.626166
totalLATminSTD;1;rep-f170-n200;4.202574
totalLATmaxSTD;1;rep-f170-n200;4.149022
totalMSG;1;sin-f170-n200;313085
totalMSGsrcrep;1;sin-f170-n200;293455
totalMSGrepclo;1;sin-f170-n200;19630
totalLATrepclo;1;sin-f170-n200;6.410421
totalLATrepcloSTD;1;sin-f170-n200;nan
totalLATmin;1;sin-f170-n200;12.859699
totalLATmax;1;sin-f170-n200;12.859699
totalLATminSTD;1;sin-f170-n200;4.080594
totalLATmaxSTD;1;sin-f170-n200;4.080594
totalMSG;1;Fstrrep-f170-n200;984278
totalMSGsrcrep;1;Fstrrep-f170-n200;964413
totalMSGrepclo;1;Fstrrep-f170-n200;19865
totalLATrepclo;1;Fstrrep-f170-n200;7.989671
totalLATrepcloSTD;1;Fstrrep-f170-n200;nan
totalLATmin;1;Fstrrep-f170-n200;11.844621
totalLATmax;1;Fstrrep-f170-n200;16.499813
totalLATminSTD;1;Fstrrep-f170-n200;4.175480
totalLATmaxSTD;1;Fstrrep-f170-n200;3.989634
totalMSG;1;rep-f180-n200;991089
totalMSGsrcrep;1;rep-f180-n200;967544
totalMSGrepclo;1;rep-f180-n200;23545
totalLATrepclo;1;rep-f180-n200;8.729168
totalLATrepcloSTD;1;rep-f180-n200;nan
totalLATmin;1;rep-f180-n200;11.424646
totalLATmax;1;rep-f180-n200;15.780940
totalLATminSTD;1;rep-f180-n200;4.268868
totalLATmaxSTD;1;rep-f180-n200;4.112559
totalMSG;1;sin-f180-n200;337395
totalMSGsrcrep;1;sin-f180-n200;315945
totalMSGrepclo;1;sin-f180-n200;21450
totalLATrepclo;1;sin-f180-n200;6.277922
totalLATrepcloSTD;1;sin-f180-n200;nan
totalLATmin;1;sin-f180-n200;12.854288
totalLATmax;1;sin-f180-n200;12.854288
totalLATminSTD;1;sin-f180-n200;4.068153
totalLATmaxSTD;1;sin-f180-n200;4.068153
totalMSG;1;Fstrrep-f180-n200;1054883
totalMSGsrcrep;1;Fstrrep-f180-n200;1033064
totalMSGrepclo;1;Fstrrep-f180-n200;21819
totalLATrepclo;1;Fstrrep-f180-n200;9.129334
totalLATrepcloSTD;1;Fstrrep-f180-n200;nan
totalLATmin;1;Fstrrep-f180-n200;11.811344
totalLATmax;1;Fstrrep-f180-n200;16.532456
totalLATminSTD;1;Fstrrep-f180-n200;4.204522
totalLATmaxSTD;1;Fstrrep-f180-n200;4.107282
totalMSG;1;rep-f190-n200;1048536
totalMSGsrcrep;1;rep-f190-n200;1024410
totalMSGrepclo;1;rep-f190-n200;24126
totalLATrepclo;1;rep-f190-n200;9.045048
totalLATrepcloSTD;1;rep-f190-n200;nan
totalLATmin;1;rep-f190-n200;11.569050
totalLATmax;1;rep-f190-n200;15.874744
totalLATminSTD;1;rep-f190-n200;4.339825
totalLATmaxSTD;1;rep-f190-n200;4.050111
totalMSG;1;sin-f190-n200;356032
totalMSGsrcrep;1;sin-f190-n200;333315
totalMSGrepclo;1;sin-f190-n200;22717
totalLATrepclo;1;sin-f190-n200;6.451323
totalLATrepcloSTD;1;sin-f190-n200;nan
totalLATmin;1;sin-f190-n200;12.923602
totalLATmax;1;sin-f190-n200;12.923602
totalLATminSTD;1;sin-f190-n200;4.123528
totalLATmaxSTD;1;sin-f190-n200;4.123528
totalMSG;1;Fstrrep-f190-n200;1105402
totalMSGsrcrep;1;Fstrrep-f190-n200;1083179
totalMSGrepclo;1;Fstrrep-f190-n200;22223
totalLATrepclo;1;Fstrrep-f190-n200;10.908068
totalLATrepcloSTD;1;Fstrrep-f190-n200;nan
totalLATmin;1;Fstrrep-f190-n200;11.856746
totalLATmax;1;Fstrrep-f190-n200;16.355605
totalLATminSTD;1;Fstrrep-f190-n200;4.192026
totalLATmaxSTD;1;Fstrrep-f190-n200;4.013764
totalMSG;1;rep-f200-n200;1105781
totalMSGsrcrep;1;rep-f200-n200;1081080
totalMSGrepclo;1;rep-f200-n200;24701
totalLATrepclo;1;rep-f200-n200;9.643649
totalLATrepcloSTD;1;rep-f200-n200;nan
totalLATmin;1;rep-f200-n200;11.561953
totalLATmax;1;rep-f200-n200;15.782305
totalLATminSTD;1;rep-f200-n200;4.380539
totalLATmaxSTD;1;rep-f200-n200;3.962302
totalMSG;1;sin-f200-n200;376718
totalMSGsrcrep;1;sin-f200-n200;352709
totalMSGrepclo;1;sin-f200-n200;24009
totalLATrepclo;1;sin-f200-n200;6.573769
totalLATrepcloSTD;1;sin-f200-n200;nan
totalLATmin;1;sin-f200-n200;13.058875
totalLATmax;1;sin-f200-n200;13.058875
totalLATminSTD;1;sin-f200-n200;4.149551
totalLATmaxSTD;1;sin-f200-n200;4.149551
totalMSG;1;Fstrrep-f200-n200;1152750
totalMSGsrcrep;1;Fstrrep-f200-n200;1130478
totalMSGrepclo;1;Fstrrep-f200-n200;22272
totalLATrepclo;1;Fstrrep-f200-n200;88.759878
totalLATrepcloSTD;1;Fstrrep-f200-n200;nan
totalLATmin;1;Fstrrep-f200-n200;11.675397
totalLATmax;1;Fstrrep-f200-n200;16.403527
totalLATminSTD;1;Fstrrep-f200-n200;4.176069
totalLATmaxSTD;1;Fstrrep-f200-n200;4.070089
totalMSG;2;rep-f100-n200;509001
totalMSGsrcrep;2;rep-f100-n200;498691
totalMSGrepclo;2;rep-f100-n200;10310
totalLATrepclo;2;rep-f100-n200;6.761354
totalLATrepcloSTD;2;rep-f100-n200;0.723769
totalLATmin;2;rep-f100-n200;10.710826
totalLATmax;2;rep-f100-n200;14.885274
totalLATminSTD;2;rep-f100-n200;3.917057
totalLATmaxSTD;2;rep-f100-n200;4.054049
totalMSG;2;sin-f100-n200;171911
totalMSGsrcrep;2;sin-f100-n200;161086
totalMSGrepclo;2;sin-f100-n200;10825
totalLATrepclo;2;sin-f100-n200;5.556580
totalLATrepcloSTD;2;sin-f100-n200;0.360100
totalLATmin;2;sin-f100-n200;12.311165
totalLATmax;2;sin-f100-n200;12.311165
totalLATminSTD;2;sin-f100-n200;3.899197
totalLATmaxSTD;2;sin-f100-n200;3.899197
totalMSG;2;Fstrrep-f100-n200;580048
totalMSGsrcrep;2;Fstrrep-f100-n200;568323
totalMSGrepclo;2;Fstrrep-f100-n200;11725
totalLATrepclo;2;Fstrrep-f100-n200;7.437263
totalLATrepcloSTD;2;Fstrrep-f100-n200;0.750369
totalLATmin;2;Fstrrep-f100-n200;12.055748
totalLATmax;2;Fstrrep-f100-n200;16.565090
totalLATminSTD;2;Fstrrep-f100-n200;4.254853
totalLATmaxSTD;2;Fstrrep-f100-n200;4.103481
totalMSG;2;rep-f110-n200;564601
totalMSGsrcrep;2;rep-f110-n200;552568
totalMSGrepclo;2;rep-f110-n200;12033
totalLATrepclo;2;rep-f110-n200;6.738149
totalLATrepcloSTD;2;rep-f110-n200;nan
totalLATmin;2;rep-f110-n200;10.874827
totalLATmax;2;rep-f110-n200;14.774753
totalLATminSTD;2;rep-f110-n200;4.136089
totalLATmaxSTD;2;rep-f110-n200;4.013092
totalMSG;2;sin-f110-n200;186238
totalMSGsrcrep;2;sin-f110-n200;174316
totalMSGrepclo;2;sin-f110-n200;11922
totalLATrepclo;2;sin-f110-n200;5.511560
totalLATrepcloSTD;2;sin-f110-n200;nan
totalLATmin;2;sin-f110-n200;12.263510
totalLATmax;2;sin-f110-n200;12.263510
totalLATminSTD;2;sin-f110-n200;3.994345
totalLATmaxSTD;2;sin-f110-n200;3.994345
totalMSG;2;Fstrrep-f110-n200;630446
totalMSGsrcrep;2;Fstrrep-f110-n200;617007
totalMSGrepclo;2;Fstrrep-f110-n200;13439
totalLATrepclo;2;Fstrrep-f110-n200;7.441274
totalLATrepcloSTD;2;Fstrrep-f110-n200;0.850930
totalLATmin;2;Fstrrep-f110-n200;11.923157
totalLATmax;2;Fstrrep-f110-n200;16.595510
totalLATminSTD;2;Fstrrep-f110-n200;4.298892
totalLATmaxSTD;2;Fstrrep-f110-n200;3.959917
totalMSG;2;rep-f120-n200;627604
totalMSGsrcrep;2;rep-f120-n200;614906
totalMSGrepclo;2;rep-f120-n200;12698
totalLATrepclo;2;rep-f120-n200;7.010046
totalLATrepcloSTD;2;rep-f120-n200;nan
totalLATmin;2;rep-f120-n200;10.949090
totalLATmax;2;rep-f120-n200;15.249286
totalLATminSTD;2;rep-f120-n200;3.975532
totalLATmaxSTD;2;rep-f120-n200;4.071613
totalMSG;2;sin-f120-n200;205470
totalMSGsrcrep;2;sin-f120-n200;192711
totalMSGrepclo;2;sin-f120-n200;12759
totalLATrepclo;2;sin-f120-n200;5.709348
totalLATrepcloSTD;2;sin-f120-n200;nan
totalLATmin;2;sin-f120-n200;12.190496
totalLATmax;2;sin-f120-n200;12.190496
totalLATminSTD;2;sin-f120-n200;3.956966
totalLATmaxSTD;2;sin-f120-n200;3.956966
totalMSG;2;Fstrrep-f120-n200;698768
totalMSGsrcrep;2;Fstrrep-f120-n200;684126
totalMSGrepclo;2;Fstrrep-f120-n200;14642
totalLATrepclo;2;Fstrrep-f120-n200;7.806468
totalLATrepcloSTD;2;Fstrrep-f120-n200;nan
totalLATmin;2;Fstrrep-f120-n200;11.954850
totalLATmax;2;Fstrrep-f120-n200;16.652250
totalLATminSTD;2;Fstrrep-f120-n200;4.224872
totalLATmaxSTD;2;Fstrrep-f120-n200;4.101658
totalMSG;2;rep-f130-n200;681721
totalMSGsrcrep;2;rep-f130-n200;667018
totalMSGrepclo;2;rep-f130-n200;14703
totalLATrepclo;2;rep-f130-n200;7.118388
totalLATrepcloSTD;2;rep-f130-n200;nan
totalLATmin;2;rep-f130-n200;11.222272
totalLATmax;2;rep-f130-n200;15.197993
totalLATminSTD;2;rep-f130-n200;4.123649
totalLATmaxSTD;2;rep-f130-n200;3.985088
totalMSG;2;sin-f130-n200;222212
totalMSGsrcrep;2;sin-f130-n200;207987
totalMSGrepclo;2;sin-f130-n200;14225
totalLATrepclo;2;sin-f130-n200;5.912744
totalLATrepcloSTD;2;sin-f130-n200;nan
totalLATmin;2;sin-f130-n200;12.453293
totalLATmax;2;sin-f130-n200;12.453293
totalLATminSTD;2;sin-f130-n200;4.132159
totalLATmaxSTD;2;sin-f130-n200;4.132159
totalMSG;2;Fstrrep-f130-n200;746139
totalMSGsrcrep;2;Fstrrep-f130-n200;730335
totalMSGrepclo;2;Fstrrep-f130-n200;15804
totalLATrepclo;2;Fstrrep-f130-n200;7.706126
totalLATrepcloSTD;2;Fstrrep-f130-n200;nan
totalLATmin;2;Fstrrep-f130-n200;11.890331
totalLATmax;2;Fstrrep-f130-n200;16.753835
totalLATminSTD;2;Fstrrep-f130-n200;4.241189
totalLATmaxSTD;2;Fstrrep-f130-n200;4.139864
totalMSG;2;rep-f140-n200;736364
totalMSGsrcrep;2;rep-f140-n200;720303
totalMSGrepclo;2;rep-f140-n200;16061
totalLATrepclo;2;rep-f140-n200;7.594707
totalLATrepcloSTD;2;rep-f140-n200;nan
totalLATmin;2;rep-f140-n200;11.219827
totalLATmax;2;rep-f140-n200;15.461066
totalLATminSTD;2;rep-f140-n200;4.148009
totalLATmaxSTD;2;rep-f140-n200;4.103968
totalMSG;2;sin-f140-n200;240076
totalMSGsrcrep;2;sin-f140-n200;224771
totalMSGrepclo;2;sin-f140-n200;15305
totalLATrepclo;2;sin-f140-n200;6.143695
totalLATrepcloSTD;2;sin-f140-n200;nan
totalLATmin;2;sin-f140-n200;12.612238
totalLATmax;2;sin-f140-n200;12.612238
totalLATminSTD;2;sin-f140-n200;4.096984
totalLATmaxSTD;2;sin-f140-n200;4.096984
totalMSG;2;Fstrrep-f140-n200;802044
totalMSGsrcrep;2;Fstrrep-f140-n200;785144
totalMSGrepclo;2;Fstrrep-f140-n200;16900
totalLATrepclo;2;Fstrrep-f140-n200;7.711242
totalLATrepcloSTD;2;Fstrrep-f140-n200;nan
totalLATmin;2;Fstrrep-f140-n200;12.029988
totalLATmax;2;Fstrrep-f140-n200;16.627752
totalLATminSTD;2;Fstrrep-f140-n200;4.373496
totalLATmaxSTD;2;Fstrrep-f140-n200;4.036116
totalMSG;2;rep-f150-n200;807813
totalMSGsrcrep;2;rep-f150-n200;789950
totalMSGrepclo;2;rep-f150-n200;17863
totalLATrepclo;2;rep-f150-n200;7.739548
totalLATrepcloSTD;2;rep-f150-n200;nan
totalLATmin;2;rep-f150-n200;11.411374
totalLATmax;2;rep-f150-n200;15.525404
totalLATminSTD;2;rep-f150-n200;4.269324
totalLATmaxSTD;2;rep-f150-n200;4.158823
totalMSG;2;sin-f150-n200;262269
totalMSGsrcrep;2;sin-f150-n200;246044
totalMSGrepclo;2;sin-f150-n200;16225
totalLATrepclo;2;sin-f150-n200;6.134792
totalLATrepcloSTD;2;sin-f150-n200;nan
totalLATmin;2;sin-f150-n200;12.629571
totalLATmax;2;sin-f150-n200;12.629571
totalLATminSTD;2;sin-f150-n200;4.008531
totalLATmaxSTD;2;sin-f150-n200;4.008531
totalMSG;2;Fstrrep-f150-n200;869870
totalMSGsrcrep;2;Fstrrep-f150-n200;851619
totalMSGrepclo;2;Fstrrep-f150-n200;18251
totalLATrepclo;2;Fstrrep-f150-n200;7.705776
totalLATrepcloSTD;2;Fstrrep-f150-n200;nan
totalLATmin;2;Fstrrep-f150-n200;11.907273
totalLATmax;2;Fstrrep-f150-n200;16.612692
totalLATminSTD;2;Fstrrep-f150-n200;4.289870
totalLATmaxSTD;2;Fstrrep-f150-n200;4.121412
totalMSG;2;rep-f160-n200;854648
totalMSGsrcrep;2;rep-f160-n200;835798
totalMSGrepclo;2;rep-f160-n200;18850
totalLATrepclo;2;rep-f160-n200;7.941512
totalLATrepcloSTD;2;rep-f160-n200;nan
totalLATmin;2;rep-f160-n200;11.357189
totalLATmax;2;rep-f160-n200;15.518129
totalLATminSTD;2;rep-f160-n200;4.161475
totalLATmaxSTD;2;rep-f160-n200;4.131732
totalMSG;2;sin-f160-n200;281481
totalMSGsrcrep;2;sin-f160-n200;263727
totalMSGrepclo;2;sin-f160-n200;17754
totalLATrepclo;2;sin-f160-n200;6.262453
totalLATrepcloSTD;2;sin-f160-n200;0.497071
totalLATmin;2;sin-f160-n200;12.840792
totalLATmax;2;sin-f160-n200;12.840792
totalLATminSTD;2;sin-f160-n200;4.052681
totalLATmaxSTD;2;sin-f160-n200;4.052681
totalMSG;2;Fstrrep-f160-n200;914501
totalMSGsrcrep;2;Fstrrep-f160-n200;895583
totalMSGrepclo;2;Fstrrep-f160-n200;18918
totalLATrepclo;2;Fstrrep-f160-n200;7.837661
totalLATrepcloSTD;2;Fstrrep-f160-n200;nan
totalLATmin;2;Fstrrep-f160-n200;11.788111
totalLATmax;2;Fstrrep-f160-n200;16.625391
totalLATminSTD;2;Fstrrep-f160-n200;4.163952
totalLATmaxSTD;2;Fstrrep-f160-n200;4.054794
totalMSG;2;rep-f170-n200;908632
totalMSGsrcrep;2;rep-f170-n200;888536
totalMSGrepclo;2;rep-f170-n200;20096
totalLATrepclo;2;rep-f170-n200;8.264414
totalLATrepcloSTD;2;rep-f170-n200;nan
totalLATmin;2;rep-f170-n200;11.394344
totalLATmax;2;rep-f170-n200;15.626166
totalLATminSTD;2;rep-f170-n200;4.202574
totalLATmaxSTD;2;rep-f170-n200;4.149022
totalMSG;2;sin-f170-n200;297524
totalMSGsrcrep;2;sin-f170-n200;278542
totalMSGrepclo;2;sin-f170-n200;18982
totalLATrepclo;2;sin-f170-n200;6.411881
totalLATrepcloSTD;2;sin-f170-n200;nan
totalLATmin;2;sin-f170-n200;12.859699
totalLATmax;2;sin-f170-n200;12.859699
totalLATminSTD;2;sin-f170-n200;4.080594
totalLATmaxSTD;2;sin-f170-n200;4.080594
totalMSG;2;Fstrrep-f170-n200;969901
totalMSGsrcrep;2;Fstrrep-f170-n200;950383
totalMSGrepclo;2;Fstrrep-f170-n200;19518
totalLATrepclo;2;Fstrrep-f170-n200;8.021723
totalLATrepcloSTD;2;Fstrrep-f170-n200;nan
totalLATmin;2;Fstrrep-f170-n200;11.844621
totalLATmax;2;Fstrrep-f170-n200;16.499813
totalLATminSTD;2;Fstrrep-f170-n200;4.175480
totalLATmaxSTD;2;Fstrrep-f170-n200;3.989634
totalMSG;2;rep-f180-n200;976093
totalMSGsrcrep;2;rep-f180-n200;953727
totalMSGrepclo;2;rep-f180-n200;22366
totalLATrepclo;2;rep-f180-n200;8.627816
totalLATrepcloSTD;2;rep-f180-n200;nan
totalLATmin;2;rep-f180-n200;11.424646
totalLATmax;2;rep-f180-n200;15.780940
totalLATminSTD;2;rep-f180-n200;4.268868
totalLATmaxSTD;2;rep-f180-n200;4.112559
totalMSG;2;sin-f180-n200;320409
totalMSGsrcrep;2;sin-f180-n200;299929
totalMSGrepclo;2;sin-f180-n200;20480
totalLATrepclo;2;sin-f180-n200;6.268049
totalLATrepcloSTD;2;sin-f180-n200;nan
totalLATmin;2;sin-f180-n200;12.854288
totalLATmax;2;sin-f180-n200;12.854288
totalLATminSTD;2;sin-f180-n200;4.068153
totalLATmaxSTD;2;sin-f180-n200;4.068153
totalMSG;2;Fstrrep-f180-n200;1039470
totalMSGsrcrep;2;Fstrrep-f180-n200;1018328
totalMSGrepclo;2;Fstrrep-f180-n200;21142
totalLATrepclo;2;Fstrrep-f180-n200;8.584806
totalLATrepcloSTD;2;Fstrrep-f180-n200;nan
totalLATmin;2;Fstrrep-f180-n200;11.811344
totalLATmax;2;Fstrrep-f180-n200;16.532456
totalLATminSTD;2;Fstrrep-f180-n200;4.204522
totalLATmaxSTD;2;Fstrrep-f180-n200;4.107282
totalMSG;2;rep-f190-n200;1032660
totalMSGsrcrep;2;rep-f190-n200;1009526
totalMSGrepclo;2;rep-f190-n200;23134
totalLATrepclo;2;rep-f190-n200;9.179146
totalLATrepcloSTD;2;rep-f190-n200;nan
totalLATmin;2;rep-f190-n200;11.569050
totalLATmax;2;rep-f190-n200;15.874744
totalLATminSTD;2;rep-f190-n200;4.339825
totalLATmaxSTD;2;rep-f190-n200;4.050111
totalMSG;2;sin-f190-n200;338470
totalMSGsrcrep;2;sin-f190-n200;316806
totalMSGrepclo;2;sin-f190-n200;21664
totalLATrepclo;2;sin-f190-n200;6.434599
totalLATrepcloSTD;2;sin-f190-n200;nan
totalLATmin;2;sin-f190-n200;12.923602
totalLATmax;2;sin-f190-n200;12.923602
totalLATminSTD;2;sin-f190-n200;4.123528
totalLATmaxSTD;2;sin-f190-n200;4.123528
totalMSG;2;Fstrrep-f190-n200;1089906
totalMSGsrcrep;2;Fstrrep-f190-n200;1068402
totalMSGrepclo;2;Fstrrep-f190-n200;21504
totalLATrepclo;2;Fstrrep-f190-n200;9.202398
totalLATrepcloSTD;2;Fstrrep-f190-n200;nan
totalLATmin;2;Fstrrep-f190-n200;11.856746
totalLATmax;2;Fstrrep-f190-n200;16.355605
totalLATminSTD;2;Fstrrep-f190-n200;4.192026
totalLATmaxSTD;2;Fstrrep-f190-n200;4.013764
totalMSG;2;rep-f200-n200;1089711
totalMSGsrcrep;2;rep-f200-n200;1065466
totalMSGrepclo;2;rep-f200-n200;24245
totalLATrepclo;2;rep-f200-n200;9.403784
totalLATrepcloSTD;2;rep-f200-n200;nan
totalLATmin;2;rep-f200-n200;11.561953
totalLATmax;2;rep-f200-n200;15.782305
totalLATminSTD;2;rep-f200-n200;4.380539
totalLATmaxSTD;2;rep-f200-n200;3.962302
totalMSG;2;sin-f200-n200;357822
totalMSGsrcrep;2;sin-f200-n200;335274
totalMSGrepclo;2;sin-f200-n200;22548
totalLATrepclo;2;sin-f200-n200;6.592039
totalLATrepcloSTD;2;sin-f200-n200;nan
totalLATmin;2;sin-f200-n200;13.058875
totalLATmax;2;sin-f200-n200;13.058875
totalLATminSTD;2;sin-f200-n200;4.149551
totalLATmaxSTD;2;sin-f200-n200;4.149551
totalMSG;2;Fstrrep-f200-n200;1138105
totalMSGsrcrep;2;Fstrrep-f200-n200;1116135
totalMSGrepclo;2;Fstrrep-f200-n200;21970
totalLATrepclo;2;Fstrrep-f200-n200;28.810863
totalLATrepcloSTD;2;Fstrrep-f200-n200;nan
totalLATmin;2;Fstrrep-f200-n200;11.675397
totalLATmax;2;Fstrrep-f200-n200;16.403527
totalLATminSTD;2;Fstrrep-f200-n200;4.176069
totalLATmaxSTD;2;Fstrrep-f200-n200;4.070089
totalMSG;3;rep-f100-n200;497657
totalMSGsrcrep;3;rep-f100-n200;488418
totalMSGrepclo;3;rep-f100-n200;9239
totalLATrepclo;3;rep-f100-n200;6.711252
totalLATrepcloSTD;3;rep-f100-n200;nan
totalLATmin;3;rep-f100-n200;10.710826
totalLATmax;3;rep-f100-n200;14.885274
totalLATminSTD;3;rep-f100-n200;3.917057
totalLATmaxSTD;3;rep-f100-n200;4.054049
totalMSG;3;sin-f100-n200;166762
totalMSGsrcrep;3;sin-f100-n200;156416
totalMSGrepclo;3;sin-f100-n200;10346
totalLATrepclo;3;sin-f100-n200;5.479406
totalLATrepcloSTD;3;sin-f100-n200;nan
totalLATmin;3;sin-f100-n200;12.311165
totalLATmax;3;sin-f100-n200;12.311165
totalLATminSTD;3;sin-f100-n200;3.899197
totalLATmaxSTD;3;sin-f100-n200;3.899197
totalMSG;3;Fstrrep-f100-n200;568094
totalMSGsrcrep;3;Fstrrep-f100-n200;557122
totalMSGrepclo;3;Fstrrep-f100-n200;10972
totalLATrepclo;3;Fstrrep-f100-n200;7.434551
totalLATrepcloSTD;3;Fstrrep-f100-n200;nan
totalLATmin;3;Fstrrep-f100-n200;12.055748
totalLATmax;3;Fstrrep-f100-n200;16.565090
totalLATminSTD;3;Fstrrep-f100-n200;4.254853
totalLATmaxSTD;3;Fstrrep-f100-n200;4.103481
totalMSG;3;rep-f110-n200;552779
totalMSGsrcrep;3;rep-f110-n200;541772
totalMSGrepclo;3;rep-f110-n200;11007
totalLATrepclo;3;rep-f110-n200;6.753691
totalLATrepcloSTD;3;rep-f110-n200;nan
totalLATmin;3;rep-f110-n200;10.874827
totalLATmax;3;rep-f110-n200;14.774753
totalLATminSTD;3;rep-f110-n200;4.136089
totalLATmaxSTD;3;rep-f110-n200;4.013092
totalMSG;3;sin-f110-n200;180649
totalMSGsrcrep;3;sin-f110-n200;169082
totalMSGrepclo;3;sin-f110-n200;11567
totalLATrepclo;3;sin-f110-n200;5.488307
totalLATrepcloSTD;3;sin-f110-n200;0.324492
totalLATmin;3;sin-f110-n200;12.263510
totalLATmax;3;sin-f110-n200;12.263510
totalLATminSTD;3;sin-f110-n200;3.994345
totalLATmaxSTD;3;sin-f110-n200;3.994345
totalMSG;3;Fstrrep-f110-n200;617552
totalMSGsrcrep;3;Fstrrep-f110-n200;605106
totalMSGrepclo;3;Fstrrep-f110-n200;12446
totalLATrepclo;3;Fstrrep-f110-n200;7.408359
totalLATrepcloSTD;3;Fstrrep-f110-n200;nan
totalLATmin;3;Fstrrep-f110-n200;11.923157
totalLATmax;3;Fstrrep-f110-n200;16.595510
totalLATminSTD;3;Fstrrep-f110-n200;4.298892
totalLATmaxSTD;3;Fstrrep-f110-n200;3.959917
totalMSG;3;rep-f120-n200;614789
totalMSGsrcrep;3;rep-f120-n200;602986
totalMSGrepclo;3;rep-f120-n200;11803
totalLATrepclo;3;rep-f120-n200;7.006681
totalLATrepcloSTD;3;rep-f120-n200;nan
totalLATmin;3;rep-f120-n200;10.949090
totalLATmax;3;rep-f120-n200;15.249286
totalLATminSTD;3;rep-f120-n200;3.975532
totalLATmaxSTD;3;rep-f120-n200;4.071613
totalMSG;3;sin-f120-n200;199152
totalMSGsrcrep;3;sin-f120-n200;186831
totalMSGrepclo;3;sin-f120-n200;12321
totalLATrepclo;3;sin-f120-n200;5.695359
totalLATrepcloSTD;3;sin-f120-n200;nan
totalLATmin;3;sin-f120-n200;12.190496
totalLATmax;3;sin-f120-n200;12.190496
totalLATminSTD;3;sin-f120-n200;3.956966
totalLATmaxSTD;3;sin-f120-n200;3.956966
totalMSG;3;Fstrrep-f120-n200;684666
totalMSGsrcrep;3;Fstrrep-f120-n200;671097
totalMSGrepclo;3;Fstrrep-f120-n200;13569
totalLATrepclo;3;Fstrrep-f120-n200;7.796466
totalLATrepcloSTD;3;Fstrrep-f120-n200;nan
totalLATmin;3;Fstrrep-f120-n200;11.954850
totalLATmax;3;Fstrrep-f120-n200;16.652250
totalLATminSTD;3;Fstrrep-f120-n200;4.224872
totalLATmaxSTD;3;Fstrrep-f120-n200;4.101658
totalMSG;3;rep-f130-n200;667502
totalMSGsrcrep;3;rep-f130-n200;653755
totalMSGrepclo;3;rep-f130-n200;13747
totalLATrepclo;3;rep-f130-n200;7.139982
totalLATrepcloSTD;3;rep-f130-n200;0.829735
totalLATmin;3;rep-f130-n200;11.222272
totalLATmax;3;rep-f130-n200;15.197993
totalLATminSTD;3;rep-f130-n200;4.123649
totalLATmaxSTD;3;rep-f130-n200;3.985088
totalMSG;3;sin-f130-n200;215226
totalMSGsrcrep;3;sin-f130-n200;201630
totalMSGrepclo;3;sin-f130-n200;13596
totalLATrepclo;3;sin-f130-n200;6.003097
totalLATrepcloSTD;3;sin-f130-n200;0.465204
totalLATmin;3;sin-f130-n200;12.453293
totalLATmax;3;sin-f130-n200;12.453293
totalLATminSTD;3;sin-f130-n200;4.132159
totalLATmaxSTD;3;sin-f130-n200;4.132159
totalMSG;3;Fstrrep-f130-n200;730834
totalMSGsrcrep;3;Fstrrep-f130-n200;716423
totalMSGrepclo;3;Fstrrep-f130-n200;14411
totalLATrepclo;3;Fstrrep-f130-n200;7.634742
totalLATrepcloSTD;3;Fstrrep-f130-n200;nan
totalLATmin;3;Fstrrep-f130-n200;11.890331
totalLATmax;3;Fstrrep-f130-n200;16.753835
totalLATminSTD;3;Fstrrep-f130-n200;4.241189
totalLATmaxSTD;3;Fstrrep-f130-n200;4.139864
totalMSG;3;rep-f140-n200;721272
totalMSGsrcrep;3;rep-f140-n200;706734
totalMSGrepclo;3;rep-f140-n200;14538
totalLATrepclo;3;rep-f140-n200;7.512817
totalLATrepcloSTD;3;rep-f140-n200;nan
totalLATmin;3;rep-f140-n200;11.219827
totalLATmax;3;rep-f140-n200;15.461066
totalLATminSTD;3;rep-f140-n200;4.148009
totalLATmaxSTD;3;rep-f140-n200;4.103968
totalMSG;3;sin-f140-n200;232690
totalMSGsrcrep;3;sin-f140-n200;218055
totalMSGrepclo;3;sin-f140-n200;14635
totalLATrepclo;3;sin-f140-n200;6.198041
totalLATrepcloSTD;3;sin-f140-n200;0.548066
totalLATmin;3;sin-f140-n200;12.612238
totalLATmax;3;sin-f140-n200;12.612238
totalLATminSTD;3;sin-f140-n200;4.096984
totalLATmaxSTD;3;sin-f140-n200;4.096984
totalMSG;3;Fstrrep-f140-n200;786405
totalMSGsrcrep;3;Fstrrep-f140-n200;771027
totalMSGrepclo;3;Fstrrep-f140-n200;15378
totalLATrepclo;3;Fstrrep-f140-n200;7.603890
totalLATrepcloSTD;3;Fstrrep-f140-n200;nan
totalLATmin;3;Fstrrep-f140-n200;12.029988
totalLATmax;3;Fstrrep-f140-n200;16.627752
totalLATminSTD;3;Fstrrep-f140-n200;4.373496
totalLATmaxSTD;3;Fstrrep-f140-n200;4.036116
totalMSG;3;rep-f150-n200;791461
totalMSGsrcrep;3;rep-f150-n200;775102
totalMSGrepclo;3;rep-f150-n200;16359
totalLATrepclo;3;rep-f150-n200;7.691087
totalLATrepcloSTD;3;rep-f150-n200;nan
totalLATmin;3;rep-f150-n200;11.411374
totalLATmax;3;rep-f150-n200;15.525404
totalLATminSTD;3;rep-f150-n200;4.269324
totalLATmaxSTD;3;rep-f150-n200;4.158823
totalMSG;3;sin-f150-n200;254259
totalMSGsrcrep;3;sin-f150-n200;238633
totalMSGrepclo;3;sin-f150-n200;15626
totalLATrepclo;3;sin-f150-n200;6.109968
totalLATrepcloSTD;3;sin-f150-n200;nan
totalLATmin;3;sin-f150-n200;12.629571
totalLATmax;3;sin-f150-n200;12.629571
totalLATminSTD;3;sin-f150-n200;4.008531
totalLATmaxSTD;3;sin-f150-n200;4.008531
totalMSG;3;Fstrrep-f150-n200;851625
totalMSGsrcrep;3;Fstrrep-f150-n200;835118
totalMSGrepclo;3;Fstrrep-f150-n200;16507
totalLATrepclo;3;Fstrrep-f150-n200;7.600055
totalLATrepcloSTD;3;Fstrrep-f150-n200;nan
totalLATmin;3;Fstrrep-f150-n200;11.907273
totalLATmax;3;Fstrrep-f150-n200;16.612692
totalLATminSTD;3;Fstrrep-f150-n200;4.289870
totalLATmaxSTD;3;Fstrrep-f150-n200;4.121412
totalMSG;3;rep-f160-n200;836951
totalMSGsrcrep;3;rep-f160-n200;819778
totalMSGrepclo;3;rep-f160-n200;17173
totalLATrepclo;3;rep-f160-n200;7.878799
totalLATrepcloSTD;3;rep-f160-n200;nan
totalLATmin;3;rep-f160-n200;11.357189
totalLATmax;3;rep-f160-n200;15.518129
totalLATminSTD;3;rep-f160-n200;4.161475
totalLATmaxSTD;3;rep-f160-n200;4.131732
totalMSG;3;sin-f160-n200;273090
totalMSGsrcrep;3;sin-f160-n200;255739
totalMSGrepclo;3;sin-f160-n200;17351
totalLATrepclo;3;sin-f160-n200;6.296818
totalLATrepcloSTD;3;sin-f160-n200;0.516969
totalLATmin;3;sin-f160-n200;12.840792
totalLATmax;3;sin-f160-n200;12.840792
totalLATminSTD;3;sin-f160-n200;4.052681
totalLATmaxSTD;3;sin-f160-n200;4.052681
totalMSG;3;Fstrrep-f160-n200;896097
totalMSGsrcrep;3;Fstrrep-f160-n200;879023
totalMSGrepclo;3;Fstrrep-f160-n200;17074
totalLATrepclo;3;Fstrrep-f160-n200;7.800581
totalLATrepcloSTD;3;Fstrrep-f160-n200;nan
totalLATmin;3;Fstrrep-f160-n200;11.788111
totalLATmax;3;Fstrrep-f160-n200;16.625391
totalLATminSTD;3;Fstrrep-f160-n200;4.163952
totalLATmaxSTD;3;Fstrrep-f160-n200;4.054794
totalMSG;3;rep-f170-n200;888676
totalMSGsrcrep;3;rep-f170-n200;870596
totalMSGrepclo;3;rep-f170-n200;18080
totalLATrepclo;3;rep-f170-n200;8.206424
totalLATrepcloSTD;3;rep-f170-n200;nan
totalLATmin;3;rep-f170-n200;11.394344
totalLATmax;3;rep-f170-n200;15.626166
totalLATminSTD;3;rep-f170-n200;4.202574
totalLATmaxSTD;3;rep-f170-n200;4.149022
totalMSG;3;sin-f170-n200;288477
totalMSGsrcrep;3;sin-f170-n200;270255
totalMSGrepclo;3;sin-f170-n200;18222
totalLATrepclo;3;sin-f170-n200;6.460619
totalLATrepcloSTD;3;sin-f170-n200;nan
totalLATmin;3;sin-f170-n200;12.859699
totalLATmax;3;sin-f170-n200;12.859699
totalLATminSTD;3;sin-f170-n200;4.080594
totalLATmaxSTD;3;sin-f170-n200;4.080594
totalMSG;3;Fstrrep-f170-n200;948656
totalMSGsrcrep;3;Fstrrep-f170-n200;931646
totalMSGrepclo;3;Fstrrep-f170-n200;17010
totalLATrepclo;3;Fstrrep-f170-n200;7.795505
totalLATrepcloSTD;3;Fstrrep-f170-n200;nan
totalLATmin;3;Fstrrep-f170-n200;11.844621
totalLATmax;3;Fstrrep-f170-n200;16.499813
totalLATminSTD;3;Fstrrep-f170-n200;4.175480
totalLATmaxSTD;3;Fstrrep-f170-n200;3.989634
totalMSG;3;rep-f180-n200;953128
totalMSGsrcrep;3;rep-f180-n200;932972
totalMSGrepclo;3;rep-f180-n200;20156
totalLATrepclo;3;rep-f180-n200;8.652368
totalLATrepcloSTD;3;rep-f180-n200;nan
totalLATmin;3;rep-f180-n200;11.424646
totalLATmax;3;rep-f180-n200;15.780940
totalLATminSTD;3;rep-f180-n200;4.268868
totalLATmaxSTD;3;rep-f180-n200;4.112559
totalMSG;3;sin-f180-n200;310389
totalMSGsrcrep;3;sin-f180-n200;290969
totalMSGrepclo;3;sin-f180-n200;19420
totalLATrepclo;3;sin-f180-n200;6.297200
totalLATrepcloSTD;3;sin-f180-n200;nan
totalLATmin;3;sin-f180-n200;12.854288
totalLATmax;3;sin-f180-n200;12.854288
totalLATminSTD;3;sin-f180-n200;4.068153
totalLATmaxSTD;3;sin-f180-n200;4.068153
totalMSG;3;Fstrrep-f180-n200;1016962
totalMSGsrcrep;3;Fstrrep-f180-n200;997704
totalMSGrepclo;3;Fstrrep-f180-n200;19258
totalLATrepclo;3;Fstrrep-f180-n200;8.404654
totalLATrepcloSTD;3;Fstrrep-f180-n200;nan
totalLATmin;3;Fstrrep-f180-n200;11.811344
totalLATmax;3;Fstrrep-f180-n200;16.532456
totalLATminSTD;3;Fstrrep-f180-n200;4.204522
totalLATmaxSTD;3;Fstrrep-f180-n200;4.107282
totalMSG;3;rep-f190-n200;1008389
totalMSGsrcrep;3;rep-f190-n200;987645
totalMSGrepclo;3;rep-f190-n200;20744
totalLATrepclo;3;rep-f190-n200;8.929460
totalLATrepcloSTD;3;rep-f190-n200;nan
totalLATmin;3;rep-f190-n200;11.569050
totalLATmax;3;rep-f190-n200;15.874744
totalLATminSTD;3;rep-f190-n200;4.339825
totalLATmaxSTD;3;rep-f190-n200;4.050111
totalMSG;3;sin-f190-n200;327660
totalMSGsrcrep;3;sin-f190-n200;307208
totalMSGrepclo;3;sin-f190-n200;20452
totalLATrepclo;3;sin-f190-n200;6.491741
totalLATrepcloSTD;3;sin-f190-n200;nan
totalLATmin;3;sin-f190-n200;12.923602
totalLATmax;3;sin-f190-n200;12.923602
totalLATminSTD;3;sin-f190-n200;4.123528
totalLATmaxSTD;3;sin-f190-n200;4.123528
totalMSG;3;Fstrrep-f190-n200;1066102
totalMSGsrcrep;3;Fstrrep-f190-n200;1046730
totalMSGrepclo;3;Fstrrep-f190-n200;19372
totalLATrepclo;3;Fstrrep-f190-n200;9.280917
totalLATrepcloSTD;3;Fstrrep-f190-n200;nan
totalLATmin;3;Fstrrep-f190-n200;11.856746
totalLATmax;3;Fstrrep-f190-n200;16.355605
totalLATminSTD;3;Fstrrep-f190-n200;4.192026
totalLATmaxSTD;3;Fstrrep-f190-n200;4.013764
totalMSG;3;rep-f200-n200;1064746
totalMSGsrcrep;3;rep-f200-n200;1042909
totalMSGrepclo;3;rep-f200-n200;21837
totalLATrepclo;3;rep-f200-n200;9.168647
totalLATrepcloSTD;3;rep-f200-n200;nan
totalLATmin;3;rep-f200-n200;11.561953
totalLATmax;3;rep-f200-n200;15.782305
totalLATminSTD;3;rep-f200-n200;4.380539
totalLATmaxSTD;3;rep-f200-n200;3.962302
totalMSG;3;sin-f200-n200;346826
totalMSGsrcrep;3;sin-f200-n200;324938
totalMSGrepclo;3;sin-f200-n200;21888
totalLATrepclo;3;sin-f200-n200;6.529715
totalLATrepcloSTD;3;sin-f200-n200;nan
totalLATmin;3;sin-f200-n200;13.058875
totalLATmax;3;sin-f200-n200;13.058875
totalLATminSTD;3;sin-f200-n200;4.149551
totalLATmaxSTD;3;sin-f200-n200;4.149551
totalMSG;3;Fstrrep-f200-n200;1114366
totalMSGsrcrep;3;Fstrrep-f200-n200;1094112
totalMSGrepclo;3;Fstrrep-f200-n200;20254
totalLATrepclo;3;Fstrrep-f200-n200;18.567283
totalLATrepcloSTD;3;Fstrrep-f200-n200;nan
totalLATmin;3;Fstrrep-f200-n200;11.675397
totalLATmax;3;Fstrrep-f200-n200;16.403527
totalLATminSTD;3;Fstrrep-f200-n200;4.176069
totalLATmaxSTD;3;Fstrrep-f200-n200;4.070089
totalMSG;4;rep-f100-n200;507510
totalMSGsrcrep;4;rep-f100-n200;497946
totalMSGrepclo;4;rep-f100-n200;9564
totalLATrepclo;4;rep-f100-n200;6.735073
totalLATrepcloSTD;4;rep-f100-n200;nan
totalLATmin;4;rep-f100-n200;10.710826
totalLATmax;4;rep-f100-n200;14.885274
totalLATminSTD;4;rep-f100-n200;3.917057
totalLATmaxSTD;4;rep-f100-n200;4.054049
totalMSG;4;sin-f100-n200;176776
totalMSGsrcrep;4;sin-f100-n200;165873
totalMSGrepclo;4;sin-f100-n200;10903
totalLATrepclo;4;sin-f100-n200;5.471197
totalLATrepcloSTD;4;sin-f100-n200;0.279258
totalLATmin;4;sin-f100-n200;12.311165
totalLATmax;4;sin-f100-n200;12.311165
totalLATminSTD;4;sin-f100-n200;3.899197
totalLATmaxSTD;4;sin-f100-n200;3.899197
totalMSG;4;Fstrrep-f100-n200;577857
totalMSGsrcrep;4;Fstrrep-f100-n200;566740
totalMSGrepclo;4;Fstrrep-f100-n200;11117
totalLATrepclo;4;Fstrrep-f100-n200;7.396450
totalLATrepcloSTD;4;Fstrrep-f100-n200;nan
totalLATmin;4;Fstrrep-f100-n200;12.055748
totalLATmax;4;Fstrrep-f100-n200;16.565090
totalLATminSTD;4;Fstrrep-f100-n200;4.254853
totalLATmaxSTD;4;Fstrrep-f100-n200;4.103481
totalMSG;4;rep-f110-n200;562706
totalMSGsrcrep;4;rep-f110-n200;551856
totalMSGrepclo;4;rep-f110-n200;10850
totalLATrepclo;4;rep-f110-n200;6.720740
totalLATrepcloSTD;4;rep-f110-n200;0.653698
totalLATmin;4;rep-f110-n200;10.874827
totalLATmax;4;rep-f110-n200;14.774753
totalLATminSTD;4;rep-f110-n200;4.136089
totalLATmaxSTD;4;rep-f110-n200;4.013092
totalMSG;4;sin-f110-n200;191734
totalMSGsrcrep;4;sin-f110-n200;179515
totalMSGrepclo;4;sin-f110-n200;12219
totalLATrepclo;4;sin-f110-n200;5.500934
totalLATrepcloSTD;4;sin-f110-n200;0.358346
totalLATmin;4;sin-f110-n200;12.263510
totalLATmax;4;sin-f110-n200;12.263510
totalLATminSTD;4;sin-f110-n200;3.994345
totalLATmaxSTD;4;sin-f110-n200;3.994345
totalMSG;4;Fstrrep-f110-n200;628285
totalMSGsrcrep;4;Fstrrep-f110-n200;615494
totalMSGrepclo;4;Fstrrep-f110-n200;12791
totalLATrepclo;4;Fstrrep-f110-n200;7.448248
totalLATrepcloSTD;4;Fstrrep-f110-n200;nan
totalLATmin;4;Fstrrep-f110-n200;11.923157
totalLATmax;4;Fstrrep-f110-n200;16.595510
totalLATminSTD;4;Fstrrep-f110-n200;4.298892
totalLATmaxSTD;4;Fstrrep-f110-n200;3.959917
totalMSG;4;rep-f120-n200;626723
totalMSGsrcrep;4;rep-f120-n200;614609
totalMSGrepclo;4;rep-f120-n200;12114
totalLATrepclo;4;rep-f120-n200;7.016411
totalLATrepcloSTD;4;rep-f120-n200;nan
totalLATmin;4;rep-f120-n200;10.949090
totalLATmax;4;rep-f120-n200;15.249286
totalLATminSTD;4;rep-f120-n200;3.975532
totalLATmaxSTD;4;rep-f120-n200;4.071613
totalMSG;4;sin-f120-n200;211647
totalMSGsrcrep;4;sin-f120-n200;198384
totalMSGrepclo;4;sin-f120-n200;13263
totalLATrepclo;4;sin-f120-n200;5.701748
totalLATrepcloSTD;4;sin-f120-n200;nan
totalLATmin;4;sin-f120-n200;12.190496
totalLATmax;4;sin-f120-n200;12.190496
totalLATminSTD;4;sin-f120-n200;3.956966
totalLATmaxSTD;4;sin-f120-n200;3.956966
totalMSG;4;Fstrrep-f120-n200;695680
totalMSGsrcrep;4;Fstrrep-f120-n200;682041
totalMSGrepclo;4;Fstrrep-f120-n200;13639
totalLATrepclo;4;Fstrrep-f120-n200;7.908510
totalLATrepcloSTD;4;Fstrrep-f120-n200;nan
totalLATmin;4;Fstrrep-f120-n200;11.954850
totalLATmax;4;Fstrrep-f120-n200;16.652250
totalLATminSTD;4;Fstrrep-f120-n200;4.224872
totalLATmaxSTD;4;Fstrrep-f120-n200;4.101658
totalMSG;4;rep-f130-n200;680139
totalMSGsrcrep;4;rep-f130-n200;666492
totalMSGrepclo;4;rep-f130-n200;13647
totalLATrepclo;4;rep-f130-n200;7.163698
totalLATrepcloSTD;4;rep-f130-n200;0.746237
totalLATmin;4;rep-f130-n200;11.222272
totalLATmax;4;rep-f130-n200;15.197993
totalLATminSTD;4;rep-f130-n200;4.123649
totalLATmaxSTD;4;rep-f130-n200;3.985088
totalMSG;4;sin-f130-n200;228637
totalMSGsrcrep;4;sin-f130-n200;214083
totalMSGrepclo;4;sin-f130-n200;14554
totalLATrepclo;4;sin-f130-n200;5.957917
totalLATrepcloSTD;4;sin-f130-n200;nan
totalLATmin;4;sin-f130-n200;12.453293
totalLATmax;4;sin-f130-n200;12.453293
totalLATminSTD;4;sin-f130-n200;4.132159
totalLATmaxSTD;4;sin-f130-n200;4.132159
totalMSG;4;Fstrrep-f130-n200;743969
totalMSGsrcrep;4;Fstrrep-f130-n200;729143
totalMSGrepclo;4;Fstrrep-f130-n200;14826
totalLATrepclo;4;Fstrrep-f130-n200;7.635462
totalLATrepcloSTD;4;Fstrrep-f130-n200;0.917002
totalLATmin;4;Fstrrep-f130-n200;11.890331
totalLATmax;4;Fstrrep-f130-n200;16.753835
totalLATminSTD;4;Fstrrep-f130-n200;4.241189
totalLATmaxSTD;4;Fstrrep-f130-n200;4.139864
totalMSG;4;rep-f140-n200;735050
totalMSGsrcrep;4;rep-f140-n200;720100
totalMSGrepclo;4;rep-f140-n200;14950
totalLATrepclo;4;rep-f140-n200;7.646546
totalLATrepcloSTD;4;rep-f140-n200;nan
totalLATmin;4;rep-f140-n200;11.219827
totalLATmax;4;rep-f140-n200;15.461066
totalLATminSTD;4;rep-f140-n200;4.148009
totalLATmaxSTD;4;rep-f140-n200;4.103968
totalMSG;4;sin-f140-n200;247002
totalMSGsrcrep;4;sin-f140-n200;231344
totalMSGrepclo;4;sin-f140-n200;15658
totalLATrepclo;4;sin-f140-n200;6.103990
totalLATrepcloSTD;4;sin-f140-n200;nan
totalLATmin;4;sin-f140-n200;12.612238
totalLATmax;4;sin-f140-n200;12.612238
totalLATminSTD;4;sin-f140-n200;4.096984
totalLATmaxSTD;4;sin-f140-n200;4.096984
totalMSG;4;Fstrrep-f140-n200;799422
totalMSGsrcrep;4;Fstrrep-f140-n200;783602
totalMSGrepclo;4;Fstrrep-f140-n200;15820
totalLATrepclo;4;Fstrrep-f140-n200;7.614836
totalLATrepcloSTD;4;Fstrrep-f140-n200;nan
totalLATmin;4;Fstrrep-f140-n200;12.029988
totalLATmax;4;Fstrrep-f140-n200;16.627752
totalLATminSTD;4;Fstrrep-f140-n200;4.373496
totalLATmaxSTD;4;Fstrrep-f140-n200;4.036116
totalMSG;4;rep-f150-n200;806260
totalMSGsrcrep;4;rep-f150-n200;789561
totalMSGrepclo;4;rep-f150-n200;16699
totalLATrepclo;4;rep-f150-n200;7.714747
totalLATrepcloSTD;4;rep-f150-n200;nan
totalLATmin;4;rep-f150-n200;11.411374
totalLATmax;4;rep-f150-n200;15.525404
totalLATminSTD;4;rep-f150-n200;4.269324
totalLATmaxSTD;4;rep-f150-n200;4.158823
totalMSG;4;sin-f150-n200;270146
totalMSGsrcrep;4;sin-f150-n200;253137
totalMSGrepclo;4;sin-f150-n200;17009
totalLATrepclo;4;sin-f150-n200;6.108007
totalLATrepcloSTD;4;sin-f150-n200;0.467004
totalLATmin;4;sin-f150-n200;12.629571
totalLATmax;4;sin-f150-n200;12.629571
totalLATminSTD;4;sin-f150-n200;4.008531
totalLATmaxSTD;4;sin-f150-n200;4.008531
totalMSG;4;Fstrrep-f150-n200;866051
totalMSGsrcrep;4;Fstrrep-f150-n200;849448
totalMSGrepclo;4;Fstrrep-f150-n200;16603
totalLATrepclo;4;Fstrrep-f150-n200;7.823795
totalLATrepcloSTD;4;Fstrrep-f150-n200;1.074302
totalLATmin;4;Fstrrep-f150-n200;11.907273
totalLATmax;4;Fstrrep-f150-n200;16.612692
totalLATminSTD;4;Fstrrep-f150-n200;4.289870
totalLATmaxSTD;4;Fstrrep-f150-n200;4.121412
totalMSG;4;rep-f160-n200;853510
totalMSGsrcrep;4;rep-f160-n200;835767
totalMSGrepclo;4;rep-f160-n200;17743
totalLATrepclo;4;rep-f160-n200;7.897469
totalLATrepcloSTD;4;rep-f160-n200;nan
totalLATmin;4;rep-f160-n200;11.357189
totalLATmax;4;rep-f160-n200;15.518129
totalLATminSTD;4;rep-f160-n200;4.161475
totalLATmaxSTD;4;rep-f160-n200;4.131732
totalMSG;4;sin-f160-n200;289628
totalMSGsrcrep;4;sin-f160-n200;271276
totalMSGrepclo;4;sin-f160-n200;18352
totalLATrepclo;4;sin-f160-n200;6.277924
totalLATrepcloSTD;4;sin-f160-n200;nan
totalLATmin;4;sin-f160-n200;12.840792
totalLATmax;4;sin-f160-n200;12.840792
totalLATminSTD;4;sin-f160-n200;4.052681
totalLATmaxSTD;4;sin-f160-n200;4.052681
totalMSG;4;Fstrrep-f160-n200;911723
totalMSGsrcrep;4;Fstrrep-f160-n200;894112
totalMSGrepclo;4;Fstrrep-f160-n200;17611
totalLATrepclo;4;Fstrrep-f160-n200;7.720347
totalLATrepcloSTD;4;Fstrrep-f160-n200;nan
totalLATmin;4;Fstrrep-f160-n200;11.788111
totalLATmax;4;Fstrrep-f160-n200;16.625391
totalLATminSTD;4;Fstrrep-f160-n200;4.163952
totalLATmaxSTD;4;Fstrrep-f160-n200;4.054794
totalMSG;4;rep-f170-n200;906678
totalMSGsrcrep;4;rep-f170-n200;887730
totalMSGrepclo;4;rep-f170-n200;18948
totalLATrepclo;4;rep-f170-n200;8.211804
totalLATrepcloSTD;4;rep-f170-n200;nan
totalLATmin;4;rep-f170-n200;11.394344
totalLATmax;4;rep-f170-n200;15.626166
totalLATminSTD;4;rep-f170-n200;4.202574
totalLATmaxSTD;4;rep-f170-n200;4.149022
totalMSG;4;sin-f170-n200;305865
totalMSGsrcrep;4;sin-f170-n200;286678
totalMSGrepclo;4;sin-f170-n200;19187
totalLATrepclo;4;sin-f170-n200;6.468527
totalLATrepcloSTD;4;sin-f170-n200;nan
totalLATmin;4;sin-f170-n200;12.859699
totalLATmax;4;sin-f170-n200;12.859699
totalLATminSTD;4;sin-f170-n200;4.080594
totalLATmaxSTD;4;sin-f170-n200;4.080594
totalMSG;4;Fstrrep-f170-n200;967209
totalMSGsrcrep;4;Fstrrep-f170-n200;948992
totalMSGrepclo;4;Fstrrep-f170-n200;18217
totalLATrepclo;4;Fstrrep-f170-n200;7.898013
totalLATrepcloSTD;4;Fstrrep-f170-n200;nan
totalLATmin;4;Fstrrep-f170-n200;11.844621
totalLATmax;4;Fstrrep-f170-n200;16.499813
totalLATminSTD;4;Fstrrep-f170-n200;4.175480
totalLATmaxSTD;4;Fstrrep-f170-n200;3.989634
totalMSG;4;rep-f180-n200;972354
totalMSGsrcrep;4;rep-f180-n200;951508
totalMSGrepclo;4;rep-f180-n200;20846
totalLATrepclo;4;rep-f180-n200;8.546080
totalLATrepcloSTD;4;rep-f180-n200;nan
totalLATmin;4;rep-f180-n200;11.424646
totalLATmax;4;rep-f180-n200;15.780940
totalLATminSTD;4;rep-f180-n200;4.268868
totalLATmaxSTD;4;rep-f180-n200;4.112559
totalMSG;4;sin-f180-n200;329597
totalMSGsrcrep;4;sin-f180-n200;308912
totalMSGrepclo;4;sin-f180-n200;20685
totalLATrepclo;4;sin-f180-n200;6.280714
totalLATrepcloSTD;4;sin-f180-n200;nan
totalLATmin;4;sin-f180-n200;12.854288
totalLATmax;4;sin-f180-n200;12.854288
totalLATminSTD;4;sin-f180-n200;4.068153
totalLATmaxSTD;4;sin-f180-n200;4.068153
totalMSG;4;Fstrrep-f180-n200;1035220
totalMSGsrcrep;4;Fstrrep-f180-n200;1015695
totalMSGrepclo;4;Fstrrep-f180-n200;19525
totalLATrepclo;4;Fstrrep-f180-n200;8.701269
totalLATrepcloSTD;4;Fstrrep-f180-n200;nan
totalLATmin;4;Fstrrep-f180-n200;11.811344
totalLATmax;4;Fstrrep-f180-n200;16.532456
totalLATminSTD;4;Fstrrep-f180-n200;4.204522
totalLATmaxSTD;4;Fstrrep-f180-n200;4.107282
totalMSG;4;rep-f190-n200;1029058
totalMSGsrcrep;4;rep-f190-n200;1007721
totalMSGrepclo;4;rep-f190-n200;21337
totalLATrepclo;4;rep-f190-n200;9.025326
totalLATrepcloSTD;4;rep-f190-n200;nan
totalLATmin;4;rep-f190-n200;11.569050
totalLATmax;4;rep-f190-n200;15.874744
totalLATminSTD;4;rep-f190-n200;4.339825
totalLATmaxSTD;4;rep-f190-n200;4.050111
totalMSG;4;sin-f190-n200;348128
totalMSGsrcrep;4;sin-f190-n200;326195
totalMSGrepclo;4;sin-f190-n200;21933
totalLATrepclo;4;sin-f190-n200;6.419376
totalLATrepcloSTD;4;sin-f190-n200;0.539474
totalLATmin;4;sin-f190-n200;12.923602
totalLATmax;4;sin-f190-n200;12.923602
totalLATminSTD;4;sin-f190-n200;4.123528
totalLATmaxSTD;4;sin-f190-n200;4.123528
totalMSG;4;Fstrrep-f190-n200;1087094
totalMSGsrcrep;4;Fstrrep-f190-n200;1067088
totalMSGrepclo;4;Fstrrep-f190-n200;20006
totalLATrepclo;4;Fstrrep-f190-n200;9.495096
totalLATrepcloSTD;4;Fstrrep-f190-n200;nan
totalLATmin;4;Fstrrep-f190-n200;11.856746
totalLATmax;4;Fstrrep-f190-n200;16.355605
totalLATminSTD;4;Fstrrep-f190-n200;4.192026
totalLATmaxSTD;4;Fstrrep-f190-n200;4.013764
totalMSG;4;rep-f200-n200;1086573
totalMSGsrcrep;4;rep-f200-n200;1063820
totalMSGrepclo;4;rep-f200-n200;22753
totalLATrepclo;4;rep-f200-n200;9.311516
totalLATrepcloSTD;4;rep-f200-n200;nan
totalLATmin;4;rep-f200-n200;11.561953
totalLATmax;4;rep-f200-n200;15.782305
totalLATminSTD;4;rep-f200-n200;4.380539
totalLATmaxSTD;4;rep-f200-n200;3.962302
totalMSG;4;sin-f200-n200;368479
totalMSGsrcrep;4;sin-f200-n200;345281
totalMSGrepclo;4;sin-f200-n200;23198
totalLATrepclo;4;sin-f200-n200;6.580299
totalLATrepcloSTD;4;sin-f200-n200;nan
totalLATmin;4;sin-f200-n200;13.058875
totalLATmax;4;sin-f200-n200;13.058875
totalLATminSTD;4;sin-f200-n200;4.149551
totalLATmaxSTD;4;sin-f200-n200;4.149551
totalMSG;4;Fstrrep-f200-n200;1134011
totalMSGsrcrep;4;Fstrrep-f200-n200;1113485
totalMSGrepclo;4;Fstrrep-f200-n200;20526
totalLATrepclo;4;Fstrrep-f200-n200;24.388830
totalLATrepcloSTD;4;Fstrrep-f200-n200;nan
totalLATmin;4;Fstrrep-f200-n200;11.675397
totalLATmax;4;Fstrrep-f200-n200;16.403527
totalLATminSTD;4;Fstrrep-f200-n200;4.176069
totalLATmaxSTD;4;Fstrrep-f200-n200;4.070089
