totalMSG;0;rep-f100-n100;242775
totalMSGsrcrep;0;rep-f100-n100;237428
totalMSGrepclo;0;rep-f100-n100;5347
totalLATrepclo;0;rep-f100-n100;5.962516
totalLATrepcloSTD;0;rep-f100-n100;nan
totalLATmin;0;rep-f100-n100;7.566261
totalLATmax;0;rep-f100-n100;12.175569
totalLATminSTD;0;rep-f100-n100;3.662893
totalLATmaxSTD;0;rep-f100-n100;3.423856
totalMSG;0;sin-f100-n100;91507
totalMSGsrcrep;0;sin-f100-n100;83880
totalMSGrepclo;0;sin-f100-n100;7627
totalLATrepclo;0;sin-f100-n100;5.954952
totalLATrepcloSTD;0;sin-f100-n100;nan
totalLATmin;0;sin-f100-n100;9.084888
totalLATmax;0;sin-f100-n100;9.084888
totalLATminSTD;0;sin-f100-n100;3.751266
totalLATmaxSTD;0;sin-f100-n100;3.751266
totalMSG;0;Fstrrep-f100-n100;230997
totalMSGsrcrep;0;Fstrrep-f100-n100;225906
totalMSGrepclo;0;Fstrrep-f100-n100;5091
totalLATrepclo;0;Fstrrep-f100-n100;5.924343
totalLATrepcloSTD;0;Fstrrep-f100-n100;nan
totalLATmin;0;Fstrrep-f100-n100;7.478591
totalLATmax;0;Fstrrep-f100-n100;10.933352
totalLATminSTD;0;Fstrrep-f100-n100;3.978808
totalLATmaxSTD;0;Fstrrep-f100-n100;3.464561
totalMSG;0;rep-f100-n120;302265
totalMSGsrcrep;0;rep-f100-n120;296612
totalMSGrepclo;0;rep-f100-n120;5653
totalLATrepclo;0;rep-f100-n120;5.319028
totalLATrepcloSTD;0;rep-f100-n120;nan
totalLATmin;0;rep-f100-n120;8.277112
totalLATmax;0;rep-f100-n120;13.089688
totalLATminSTD;0;rep-f100-n120;3.973203
totalLATmaxSTD;0;rep-f100-n120;4.025756
totalMSG;0;sin-f100-n120;105295
totalMSGsrcrep;0;sin-f100-n120;97567
totalMSGrepclo;0;sin-f100-n120;7728
totalLATrepclo;0;sin-f100-n120;7.149289
totalLATrepcloSTD;0;sin-f100-n120;nan
totalLATmin;0;sin-f100-n120;9.859250
totalLATmax;0;sin-f100-n120;9.859250
totalLATminSTD;0;sin-f100-n120;4.167608
totalLATmaxSTD;0;sin-f100-n120;4.167608
totalMSG;0;Fstrrep-f100-n120;293024
totalMSGsrcrep;0;Fstrrep-f100-n120;287526
totalMSGrepclo;0;Fstrrep-f100-n120;5498
totalLATrepclo;0;Fstrrep-f100-n120;5.230071
totalLATrepcloSTD;0;Fstrrep-f100-n120;nan
totalLATmin;0;Fstrrep-f100-n120;7.869018
totalLATmax;0;Fstrrep-f100-n120;12.945080
totalLATminSTD;0;Fstrrep-f100-n120;4.014871
totalLATmaxSTD;0;Fstrrep-f100-n120;4.114866
totalMSG;0;rep-f100-n140;341573
totalMSGsrcrep;0;rep-f100-n140;334555
totalMSGrepclo;0;rep-f100-n140;7018
totalLATrepclo;0;rep-f100-n140;5.435618
totalLATrepcloSTD;0;rep-f100-n140;nan
totalLATmin;0;rep-f100-n140;8.562653
totalLATmax;0;rep-f100-n140;11.819202
totalLATminSTD;0;rep-f100-n140;3.740886
totalLATmaxSTD;0;rep-f100-n140;3.763735
totalMSG;0;sin-f100-n140;114873
totalMSGsrcrep;0;sin-f100-n140;105887
totalMSGrepclo;0;sin-f100-n140;8986
totalLATrepclo;0;sin-f100-n140;5.200248
totalLATrepcloSTD;0;sin-f100-n140;nan
totalLATmin;0;sin-f100-n140;8.925823
totalLATmax;0;sin-f100-n140;8.925823
totalLATminSTD;0;sin-f100-n140;3.816948
totalLATmaxSTD;0;sin-f100-n140;3.816948
totalMSG;0;Fstrrep-f100-n140;327331
totalMSGsrcrep;0;Fstrrep-f100-n140;320702
totalMSGrepclo;0;Fstrrep-f100-n140;6629
totalLATrepclo;0;Fstrrep-f100-n140;4.917712
totalLATrepcloSTD;0;Fstrrep-f100-n140;nan
totalLATmin;0;Fstrrep-f100-n140;7.665015
totalLATmax;0;Fstrrep-f100-n140;11.601517
totalLATminSTD;0;Fstrrep-f100-n140;3.748716
totalLATmaxSTD;0;Fstrrep-f100-n140;3.499175
totalMSG;0;rep-f100-n160;390598
totalMSGsrcrep;0;rep-f100-n160;382876
totalMSGrepclo;0;rep-f100-n160;7722
totalLATrepclo;0;rep-f100-n160;4.993006
totalLATrepcloSTD;0;rep-f100-n160;nan
totalLATmin;0;rep-f100-n160;9.056515
totalLATmax;0;rep-f100-n160;13.711600
totalLATminSTD;0;rep-f100-n160;4.223711
totalLATmaxSTD;0;rep-f100-n160;3.974104
totalMSG;0;sin-f100-n160;136354
totalMSGsrcrep;0;sin-f100-n160;125952
totalMSGrepclo;0;sin-f100-n160;10402
totalLATrepclo;0;sin-f100-n160;6.891141
totalLATrepcloSTD;0;sin-f100-n160;nan
totalLATmin;0;sin-f100-n160;11.002127
totalLATmax;0;sin-f100-n160;11.002127
totalLATminSTD;0;sin-f100-n160;4.408498
totalLATmaxSTD;0;sin-f100-n160;4.408498
totalMSG;0;Fstrrep-f100-n160;374836
totalMSGsrcrep;0;Fstrrep-f100-n160;366902
totalMSGrepclo;0;Fstrrep-f100-n160;7934
totalLATrepclo;0;Fstrrep-f100-n160;4.654055
totalLATrepcloSTD;0;Fstrrep-f100-n160;nan
totalLATmin;0;Fstrrep-f100-n160;8.241152
totalLATmax;0;Fstrrep-f100-n160;13.002161
totalLATminSTD;0;Fstrrep-f100-n160;4.206596
totalLATmaxSTD;0;Fstrrep-f100-n160;4.141367
totalMSG;0;rep-f100-n180;475126
totalMSGsrcrep;0;rep-f100-n180;465916
totalMSGrepclo;0;rep-f100-n180;9210
totalLATrepclo;0;rep-f100-n180;6.544729
totalLATrepcloSTD;0;rep-f100-n180;nan
totalLATmin;0;rep-f100-n180;9.572917
totalLATmax;0;rep-f100-n180;15.287049
totalLATminSTD;0;rep-f100-n180;4.232868
totalLATmaxSTD;0;rep-f100-n180;4.052594
totalMSG;0;sin-f100-n180;161811
totalMSGsrcrep;0;sin-f100-n180;150227
totalMSGrepclo;0;sin-f100-n180;11584
totalLATrepclo;0;sin-f100-n180;8.447463
totalLATrepcloSTD;0;sin-f100-n180;0.472593
totalLATmin;0;sin-f100-n180;11.898431
totalLATmax;0;sin-f100-n180;11.898431
totalLATminSTD;0;sin-f100-n180;4.667880
totalLATmaxSTD;0;sin-f100-n180;4.667880
totalMSG;0;Fstrrep-f100-n180;467535
totalMSGsrcrep;0;Fstrrep-f100-n180;458202
totalMSGrepclo;0;Fstrrep-f100-n180;9333
totalLATrepclo;0;Fstrrep-f100-n180;6.832273
totalLATrepcloSTD;0;Fstrrep-f100-n180;nan
totalLATmin;0;Fstrrep-f100-n180;9.572917
totalLATmax;0;Fstrrep-f100-n180;13.870722
totalLATminSTD;0;Fstrrep-f100-n180;4.644065
totalLATmaxSTD;0;Fstrrep-f100-n180;3.705332
totalMSG;0;rep-f100-n200;538085
totalMSGsrcrep;0;rep-f100-n200;527726
totalMSGrepclo;0;rep-f100-n200;10359
totalLATrepclo;0;rep-f100-n200;6.097361
totalLATrepcloSTD;0;rep-f100-n200;nan
totalLATmin;0;rep-f100-n200;10.889838
totalLATmax;0;rep-f100-n200;14.730960
totalLATminSTD;0;rep-f100-n200;4.314936
totalLATmaxSTD;0;rep-f100-n200;4.165866
totalMSG;0;sin-f100-n200;187701
totalMSGsrcrep;0;sin-f100-n200;175785
totalMSGrepclo;0;sin-f100-n200;11916
totalLATrepclo;0;sin-f100-n200;5.503819
totalLATrepcloSTD;0;sin-f100-n200;0.322213
totalLATmin;0;sin-f100-n200;12.311165
totalLATmax;0;sin-f100-n200;12.311165
totalLATminSTD;0;sin-f100-n200;3.899197
totalLATmaxSTD;0;sin-f100-n200;3.899197
totalMSG;0;Fstrrep-f100-n200;512776
totalMSGsrcrep;0;Fstrrep-f100-n200;502150
totalMSGrepclo;0;Fstrrep-f100-n200;10626
totalLATrepclo;0;Fstrrep-f100-n200;5.881767
totalLATrepcloSTD;0;Fstrrep-f100-n200;nan
totalLATmin;0;Fstrrep-f100-n200;9.499386
totalLATmax;0;Fstrrep-f100-n200;14.681574
totalLATminSTD;0;Fstrrep-f100-n200;4.068712
totalLATmaxSTD;0;Fstrrep-f100-n200;3.582110
totalMSG;0;rep-f100-n220;629454
totalMSGsrcrep;0;rep-f100-n220;617516
totalMSGrepclo;0;rep-f100-n220;11938
totalLATrepclo;0;rep-f100-n220;6.350382
totalLATrepcloSTD;0;rep-f100-n220;0.930616
totalLATmin;0;rep-f100-n220;9.502585
totalLATmax;0;rep-f100-n220;15.516496
totalLATminSTD;0;rep-f100-n220;4.262327
totalLATmaxSTD;0;rep-f100-n220;4.251408
totalMSG;0;sin-f100-n220;223568
totalMSGsrcrep;0;sin-f100-n220;209003
totalMSGrepclo;0;sin-f100-n220;14565
totalLATrepclo;0;sin-f100-n220;7.173214
totalLATrepcloSTD;0;sin-f100-n220;nan
totalLATmin;0;sin-f100-n220;12.325023
totalLATmax;0;sin-f100-n220;12.325023
totalLATminSTD;0;sin-f100-n220;4.853925
totalLATmaxSTD;0;sin-f100-n220;4.853925
totalMSG;0;Fstrrep-f100-n220;615976
totalMSGsrcrep;0;Fstrrep-f100-n220;604552
totalMSGrepclo;0;Fstrrep-f100-n220;11424
totalLATrepclo;0;Fstrrep-f100-n220;5.648294
totalLATrepcloSTD;0;Fstrrep-f100-n220;nan
totalLATmin;0;Fstrrep-f100-n220;8.847431
totalLATmax;0;Fstrrep-f100-n220;14.244891
totalLATminSTD;0;Fstrrep-f100-n220;4.235617
totalLATmaxSTD;0;Fstrrep-f100-n220;4.489088
totalMSG;0;rep-f100-n240;647172
totalMSGsrcrep;0;rep-f100-n240;634894
totalMSGrepclo;0;rep-f100-n240;12278
totalLATrepclo;0;rep-f100-n240;6.609828
totalLATrepcloSTD;0;rep-f100-n240;1.596562
totalLATmin;0;rep-f100-n240;9.962285
totalLATmax;0;rep-f100-n240;15.079159
totalLATminSTD;0;rep-f100-n240;4.081425
totalLATmaxSTD;0;rep-f100-n240;4.019800
totalMSG;0;sin-f100-n240;195559
totalMSGsrcrep;0;sin-f100-n240;183181
totalMSGrepclo;0;sin-f100-n240;12378
totalLATrepclo;0;sin-f100-n240;5.435459
totalLATrepcloSTD;0;sin-f100-n240;nan
totalLATmin;0;sin-f100-n240;10.850555
totalLATmax;0;sin-f100-n240;10.850555
totalLATminSTD;0;sin-f100-n240;4.102080
totalLATmaxSTD;0;sin-f100-n240;4.102080
totalMSG;0;Fstrrep-f100-n240;656792
totalMSGsrcrep;0;Fstrrep-f100-n240;644546
totalMSGrepclo;0;Fstrrep-f100-n240;12246
totalLATrepclo;0;Fstrrep-f100-n240;6.521987
totalLATrepcloSTD;0;Fstrrep-f100-n240;1.683813
totalLATmin;0;Fstrrep-f100-n240;10.211025
totalLATmax;0;Fstrrep-f100-n240;15.206051
totalLATminSTD;0;Fstrrep-f100-n240;4.431315
totalLATmaxSTD;0;Fstrrep-f100-n240;4.261154
totalMSG;0;rep-f100-n260;674029
totalMSGsrcrep;0;rep-f100-n260;660381
totalMSGrepclo;0;rep-f100-n260;13648
totalLATrepclo;0;rep-f100-n260;135.171001
totalLATrepcloSTD;0;rep-f100-n260;nan
totalLATmin;0;rep-f100-n260;9.468540
totalLATmax;0;rep-f100-n260;13.834794
totalLATminSTD;0;rep-f100-n260;4.190858
totalLATmaxSTD;0;rep-f100-n260;3.851366
totalMSG;0;sin-f100-n260;216727
totalMSGsrcrep;0;sin-f100-n260;203089
totalMSGrepclo;0;sin-f100-n260;13638
totalLATrepclo;0;sin-f100-n260;5.780359
totalLATrepcloSTD;0;sin-f100-n260;nan
totalLATmin;0;sin-f100-n260;10.598730
totalLATmax;0;sin-f100-n260;10.598730
totalLATminSTD;0;sin-f100-n260;3.561201
totalLATmaxSTD;0;sin-f100-n260;3.561201
totalMSG;0;Fstrrep-f100-n260;663653
totalMSGsrcrep;0;Fstrrep-f100-n260;651278
totalMSGrepclo;0;Fstrrep-f100-n260;12375
totalLATrepclo;0;Fstrrep-f100-n260;125.750726
totalLATrepcloSTD;0;Fstrrep-f100-n260;nan
totalLATmin;0;Fstrrep-f100-n260;8.937510
totalLATmax;0;Fstrrep-f100-n260;13.557424
totalLATminSTD;0;Fstrrep-f100-n260;4.036419
totalLATmaxSTD;0;Fstrrep-f100-n260;4.034686
totalMSG;0;rep-f100-n280;720623
totalMSGsrcrep;0;rep-f100-n280;706247
totalMSGrepclo;0;rep-f100-n280;14376
totalLATrepclo;0;rep-f100-n280;5.294827
totalLATrepcloSTD;0;rep-f100-n280;nan
totalLATmin;0;rep-f100-n280;9.727275
totalLATmax;0;rep-f100-n280;14.734054
totalLATminSTD;0;rep-f100-n280;3.995126
totalLATmaxSTD;0;rep-f100-n280;4.163287
totalMSG;0;sin-f100-n280;228570
totalMSGsrcrep;0;sin-f100-n280;212950
totalMSGrepclo;0;sin-f100-n280;15620
totalLATrepclo;0;sin-f100-n280;6.316941
totalLATrepcloSTD;0;sin-f100-n280;nan
totalLATmin;0;sin-f100-n280;11.224511
totalLATmax;0;sin-f100-n280;11.224511
totalLATminSTD;0;sin-f100-n280;4.503511
totalLATmaxSTD;0;sin-f100-n280;4.503511
totalMSG;0;Fstrrep-f100-n280;722886
totalMSGsrcrep;0;Fstrrep-f100-n280;708814
totalMSGrepclo;0;Fstrrep-f100-n280;14072
totalLATrepclo;0;Fstrrep-f100-n280;5.037048
totalLATrepcloSTD;0;Fstrrep-f100-n280;0.665033
totalLATmin;0;Fstrrep-f100-n280;9.395247
totalLATmax;0;Fstrrep-f100-n280;14.718426
totalLATminSTD;0;Fstrrep-f100-n280;4.001740
totalLATmaxSTD;0;Fstrrep-f100-n280;4.055641
totalMSG;0;rep-f100-n300;760814
totalMSGsrcrep;0;rep-f100-n300;745379
totalMSGrepclo;0;rep-f100-n300;15435
totalLATrepclo;0;rep-f100-n300;4.717071
totalLATrepcloSTD;0;rep-f100-n300;nan
totalLATmin;0;rep-f100-n300;9.181115
totalLATmax;0;rep-f100-n300;12.862931
totalLATminSTD;0;rep-f100-n300;4.413669
totalLATmaxSTD;0;rep-f100-n300;4.800484
totalMSG;0;sin-f100-n300;237684
totalMSGsrcrep;0;sin-f100-n300;219297
totalMSGrepclo;0;sin-f100-n300;18387
totalLATrepclo;0;sin-f100-n300;5.320195
totalLATrepcloSTD;0;sin-f100-n300;nan
totalLATmin;0;sin-f100-n300;9.633522
totalLATmax;0;sin-f100-n300;9.633522
totalLATminSTD;0;sin-f100-n300;4.508808
totalLATmaxSTD;0;sin-f100-n300;4.508808
totalMSG;0;Fstrrep-f100-n300;772205
totalMSGsrcrep;0;Fstrrep-f100-n300;755904
totalMSGrepclo;0;Fstrrep-f100-n300;16301
totalLATrepclo;0;Fstrrep-f100-n300;5.712847
totalLATrepcloSTD;0;Fstrrep-f100-n300;nan
totalLATmin;0;Fstrrep-f100-n300;8.887583
totalLATmax;0;Fstrrep-f100-n300;13.124376
totalLATminSTD;0;Fstrrep-f100-n300;4.517814
totalLATmaxSTD;0;Fstrrep-f100-n300;4.924646
totalMSG;1;rep-f100-n100;240969
totalMSGsrcrep;1;rep-f100-n100;235372
totalMSGrepclo;1;rep-f100-n100;5597
totalLATrepclo;1;rep-f100-n100;6.020432
totalLATrepcloSTD;1;rep-f100-n100;nan
totalLATmin;1;rep-f100-n100;7.566261
totalLATmax;1;rep-f100-n100;12.175569
totalLATminSTD;1;rep-f100-n100;3.662893
totalLATmaxSTD;1;rep-f100-n100;3.423856
totalMSG;1;sin-f100-n100;85226
totalMSGsrcrep;1;sin-f100-n100;78065
totalMSGrepclo;1;sin-f100-n100;7161
totalLATrepclo;1;sin-f100-n100;5.948750
totalLATrepcloSTD;1;sin-f100-n100;nan
totalLATmin;1;sin-f100-n100;9.084888
totalLATmax;1;sin-f100-n100;9.084888
totalLATminSTD;1;sin-f100-n100;3.751266
totalLATmaxSTD;1;sin-f100-n100;3.751266
totalMSG;1;Fstrrep-f100-n100;228789
totalMSGsrcrep;1;Fstrrep-f100-n100;223575
totalMSGrepclo;1;Fstrrep-f100-n100;5214
totalLATrepclo;1;Fstrrep-f100-n100;5.910282
totalLATrepcloSTD;1;Fstrrep-f100-n100;0.574803
totalLATmin;1;Fstrrep-f100-n100;7.478591
totalLATmax;1;Fstrrep-f100-n100;10.933352
totalLATminSTD;1;Fstrrep-f100-n100;3.978808
totalLATmaxSTD;1;Fstrrep-f100-n100;3.464561
totalMSG;1;rep-f100-n120;302058
totalMSGsrcrep;1;rep-f100-n120;295943
totalMSGrepclo;1;rep-f100-n120;6115
totalLATrepclo;1;rep-f100-n120;5.232073
totalLATrepcloSTD;1;rep-f100-n120;0.463477
totalLATmin;1;rep-f100-n120;8.277112
totalLATmax;1;rep-f100-n120;13.089688
totalLATminSTD;1;rep-f100-n120;3.973203
totalLATmaxSTD;1;rep-f100-n120;4.025756
totalMSG;1;sin-f100-n120;98869
totalMSGsrcrep;1;sin-f100-n120;91578
totalMSGrepclo;1;sin-f100-n120;7291
totalLATrepclo;1;sin-f100-n120;7.002616
totalLATrepcloSTD;1;sin-f100-n120;nan
totalLATmin;1;sin-f100-n120;9.859250
totalLATmax;1;sin-f100-n120;9.859250
totalLATminSTD;1;sin-f100-n120;4.167608
totalLATmaxSTD;1;sin-f100-n120;4.167608
totalMSG;1;Fstrrep-f100-n120;292948
totalMSGsrcrep;1;Fstrrep-f100-n120;286589
totalMSGrepclo;1;Fstrrep-f100-n120;6359
totalLATrepclo;1;Fstrrep-f100-n120;5.255652
totalLATrepcloSTD;1;Fstrrep-f100-n120;nan
totalLATmin;1;Fstrrep-f100-n120;7.869018
totalLATmax;1;Fstrrep-f100-n120;12.945080
totalLATminSTD;1;Fstrrep-f100-n120;4.014871
totalLATmaxSTD;1;Fstrrep-f100-n120;4.114866
totalMSG;1;rep-f100-n140;341920
totalMSGsrcrep;1;rep-f100-n140;334554
totalMSGrepclo;1;rep-f100-n140;7366
totalLATrepclo;1;rep-f100-n140;5.393556
totalLATrepcloSTD;1;rep-f100-n140;nan
totalLATmin;1;rep-f100-n140;8.562653
totalLATmax;1;rep-f100-n140;11.819202
totalLATminSTD;1;rep-f100-n140;3.740886
totalLATmaxSTD;1;rep-f100-n140;3.763735
totalMSG;1;sin-f100-n140;107332
totalMSGsrcrep;1;sin-f100-n140;98909
totalMSGrepclo;1;sin-f100-n140;8423
totalLATrepclo;1;sin-f100-n140;5.214537
totalLATrepcloSTD;1;sin-f100-n140;nan
totalLATmin;1;sin-f100-n140;8.925823
totalLATmax;1;sin-f100-n140;8.925823
totalLATminSTD;1;sin-f100-n140;3.816948
totalLATmaxSTD;1;sin-f100-n140;3.816948
totalMSG;1;Fstrrep-f100-n140;328171
totalMSGsrcrep;1;Fstrrep-f100-n140;320886
totalMSGrepclo;1;Fstrrep-f100-n140;7285
totalLATrepclo;1;Fstrrep-f100-n140;4.925245
totalLATrepcloSTD;1;Fstrrep-f100-n140;nan
totalLATmin;1;Fstrrep-f100-n140;7.665015
totalLATmax;1;Fstrrep-f100-n140;11.601517
totalLATminSTD;1;Fstrrep-f100-n140;3.748716
totalLATmaxSTD;1;Fstrrep-f100-n140;3.499175
totalMSG;1;rep-f100-n160;388047
totalMSGsrcrep;1;rep-f100-n160;379706
totalMSGrepclo;1;rep-f100-n160;8341
totalLATrepclo;1;rep-f100-n160;4.976604
totalLATrepcloSTD;1;rep-f100-n160;nan
totalLATmin;1;rep-f100-n160;9.056515
totalLATmax;1;rep-f100-n160;13.711600
totalLATminSTD;1;rep-f100-n160;4.223711
totalLATmaxSTD;1;rep-f100-n160;3.974104
totalMSG;1;sin-f100-n160;129562
totalMSGsrcrep;1;sin-f100-n160;119444
totalMSGrepclo;1;sin-f100-n160;10118
totalLATrepclo;1;sin-f100-n160;6.889751
totalLATrepcloSTD;1;sin-f100-n160;nan
totalLATmin;1;sin-f100-n160;11.002127
totalLATmax;1;sin-f100-n160;11.002127
totalLATminSTD;1;sin-f100-n160;4.408498
totalLATmaxSTD;1;sin-f100-n160;4.408498
totalMSG;1;Fstrrep-f100-n160;371366
totalMSGsrcrep;1;Fstrrep-f100-n160;363247
totalMSGrepclo;1;Fstrrep-f100-n160;8119
totalLATrepclo;1;Fstrrep-f100-n160;4.664582
totalLATrepcloSTD;1;Fstrrep-f100-n160;nan
totalLATmin;1;Fstrrep-f100-n160;8.241152
totalLATmax;1;Fstrrep-f100-n160;13.002161
totalLATminSTD;1;Fstrrep-f100-n160;4.206596
totalLATmaxSTD;1;Fstrrep-f100-n160;4.141367
totalMSG;1;rep-f100-n180;470119
totalMSGsrcrep;1;rep-f100-n180;460316
totalMSGrepclo;1;rep-f100-n180;9803
totalLATrepclo;1;rep-f100-n180;6.505291
totalLATrepcloSTD;1;rep-f100-n180;nan
totalLATmin;1;rep-f100-n180;9.572917
totalLATmax;1;rep-f100-n180;15.287049
totalLATminSTD;1;rep-f100-n180;4.232868
totalLATmaxSTD;1;rep-f100-n180;4.052594
totalMSG;1;sin-f100-n180;156219
totalMSGsrcrep;1;sin-f100-n180;144876
totalMSGrepclo;1;sin-f100-n180;11343
totalLATrepclo;1;sin-f100-n180;8.442305
totalLATrepcloSTD;1;sin-f100-n180;nan
totalLATmin;1;sin-f100-n180;11.898431
totalLATmax;1;sin-f100-n180;11.898431
totalLATminSTD;1;sin-f100-n180;4.667880
totalLATmaxSTD;1;sin-f100-n180;4.667880
totalMSG;1;Fstrrep-f100-n180;462192
totalMSGsrcrep;1;Fstrrep-f100-n180;452350
totalMSGrepclo;1;Fstrrep-f100-n180;9842
totalLATrepclo;1;Fstrrep-f100-n180;6.879588
totalLATrepcloSTD;1;Fstrrep-f100-n180;0.764668
totalLATmin;1;Fstrrep-f100-n180;9.572917
totalLATmax;1;Fstrrep-f100-n180;13.870722
totalLATminSTD;1;Fstrrep-f100-n180;4.644065
totalLATmaxSTD;1;Fstrrep-f100-n180;3.705332
totalMSG;1;rep-f100-n200;529189
totalMSGsrcrep;1;rep-f100-n200;518356
totalMSGrepclo;1;rep-f100-n200;10833
totalLATrepclo;1;rep-f100-n200;6.046484
totalLATrepcloSTD;1;rep-f100-n200;nan
totalLATmin;1;rep-f100-n200;10.889838
totalLATmax;1;rep-f100-n200;14.730960
totalLATminSTD;1;rep-f100-n200;4.314936
totalLATmaxSTD;1;rep-f100-n200;4.165866
totalMSG;1;sin-f100-n200;181935
totalMSGsrcrep;1;sin-f100-n200;170276
totalMSGrepclo;1;sin-f100-n200;11659
totalLATrepclo;1;sin-f100-n200;5.497240
totalLATrepcloSTD;1;sin-f100-n200;0.367061
totalLATmin;1;sin-f100-n200;12.311165
totalLATmax;1;sin-f100-n200;12.311165
totalLATminSTD;1;sin-f100-n200;3.899197
totalLATmaxSTD;1;sin-f100-n200;3.899197
totalMSG;1;Fstrrep-f100-n200;502871
totalMSGsrcrep;1;Fstrrep-f100-n200;491885
totalMSGrepclo;1;Fstrrep-f100-n200;10986
totalLATrepclo;1;Fstrrep-f100-n200;5.950445
totalLATrepcloSTD;1;Fstrrep-f100-n200;0.758190
totalLATmin;1;Fstrrep-f100-n200;9.499386
totalLATmax;1;Fstrrep-f100-n200;14.681574
totalLATminSTD;1;Fstrrep-f100-n200;4.068712
totalLATmaxSTD;1;Fstrrep-f100-n200;3.582110
totalMSG;1;rep-f100-n220;615762
totalMSGsrcrep;1;rep-f100-n220;603263
totalMSGrepclo;1;rep-f100-n220;12499
totalLATrepclo;1;rep-f100-n220;6.287413
totalLATrepcloSTD;1;rep-f100-n220;0.987271
totalLATmin;1;rep-f100-n220;9.502585
totalLATmax;1;rep-f100-n220;15.516496
totalLATminSTD;1;rep-f100-n220;4.262327
totalLATmaxSTD;1;rep-f100-n220;4.251408
totalMSG;1;sin-f100-n220;220014
totalMSGsrcrep;1;sin-f100-n220;206043
totalMSGrepclo;1;sin-f100-n220;13971
totalLATrepclo;1;sin-f100-n220;7.201210
totalLATrepcloSTD;1;sin-f100-n220;nan
totalLATmin;1;sin-f100-n220;12.325023
totalLATmax;1;sin-f100-n220;12.325023
totalLATminSTD;1;sin-f100-n220;4.853925
totalLATmaxSTD;1;sin-f100-n220;4.853925
totalMSG;1;Fstrrep-f100-n220;601325
totalMSGsrcrep;1;Fstrrep-f100-n220;589472
totalMSGrepclo;1;Fstrrep-f100-n220;11853
totalLATrepclo;1;Fstrrep-f100-n220;5.548890
totalLATrepcloSTD;1;Fstrrep-f100-n220;nan
totalLATmin;1;Fstrrep-f100-n220;8.847431
totalLATmax;1;Fstrrep-f100-n220;14.244891
totalLATminSTD;1;Fstrrep-f100-n220;4.235617
totalLATmaxSTD;1;Fstrrep-f100-n220;4.489088
totalMSG;1;rep-f100-n240;633121
totalMSGsrcrep;1;rep-f100-n240;620848
totalMSGrepclo;1;rep-f100-n240;12273
totalLATrepclo;1;rep-f100-n240;6.561571
totalLATrepcloSTD;1;rep-f100-n240;1.562735
totalLATmin;1;rep-f100-n240;9.962285
totalLATmax;1;rep-f100-n240;15.079159
totalLATminSTD;1;rep-f100-n240;4.081425
totalLATmaxSTD;1;rep-f100-n240;4.019800
totalMSG;1;sin-f100-n240;191632
totalMSGsrcrep;1;sin-f100-n240;179496
totalMSGrepclo;1;sin-f100-n240;12136
totalLATrepclo;1;sin-f100-n240;5.431977
totalLATrepcloSTD;1;sin-f100-n240;0.549745
totalLATmin;1;sin-f100-n240;10.850555
totalLATmax;1;sin-f100-n240;10.850555
totalLATminSTD;1;sin-f100-n240;4.102080
totalLATmaxSTD;1;sin-f100-n240;4.102080
totalMSG;1;Fstrrep-f100-n240;643403
totalMSGsrcrep;1;Fstrrep-f100-n240;631037
totalMSGrepclo;1;Fstrrep-f100-n240;12366
totalLATrepclo;1;Fstrrep-f100-n240;6.455239
totalLATrepcloSTD;1;Fstrrep-f100-n240;1.590755
totalLATmin;1;Fstrrep-f100-n240;10.211025
totalLATmax;1;Fstrrep-f100-n240;15.206051
totalLATminSTD;1;Fstrrep-f100-n240;4.431315
totalLATmaxSTD;1;Fstrrep-f100-n240;4.261154
totalMSG;1;rep-f100-n260;658039
totalMSGsrcrep;1;rep-f100-n260;644156
totalMSGrepclo;1;rep-f100-n260;13883
totalLATrepclo;1;rep-f100-n260;114.288487
totalLATrepcloSTD;1;rep-f100-n260;nan
totalLATmin;1;rep-f100-n260;9.468540
totalLATmax;1;rep-f100-n260;13.834794
totalLATminSTD;1;rep-f100-n260;4.190858
totalLATmaxSTD;1;rep-f100-n260;3.851366
totalMSG;1;sin-f100-n260;215091
totalMSGsrcrep;1;sin-f100-n260;201478
totalMSGrepclo;1;sin-f100-n260;13613
totalLATrepclo;1;sin-f100-n260;5.777216
totalLATrepcloSTD;1;sin-f100-n260;0.635087
totalLATmin;1;sin-f100-n260;10.598730
totalLATmax;1;sin-f100-n260;10.598730
totalLATminSTD;1;sin-f100-n260;3.561201
totalLATmaxSTD;1;sin-f100-n260;3.561201
totalMSG;1;Fstrrep-f100-n260;647758
totalMSGsrcrep;1;Fstrrep-f100-n260;635074
totalMSGrepclo;1;Fstrrep-f100-n260;12684
totalLATrepclo;1;Fstrrep-f100-n260;114.368142
totalLATrepcloSTD;1;Fstrrep-f100-n260;nan
totalLATmin;1;Fstrrep-f100-n260;8.937510
totalLATmax;1;Fstrrep-f100-n260;13.557424
totalLATminSTD;1;Fstrrep-f100-n260;4.036419
totalLATmaxSTD;1;Fstrrep-f100-n260;4.034686
totalMSG;1;rep-f100-n280;703682
totalMSGsrcrep;1;rep-f100-n280;689928
totalMSGrepclo;1;rep-f100-n280;13754
totalLATrepclo;1;rep-f100-n280;5.311659
totalLATrepcloSTD;1;rep-f100-n280;nan
totalLATmin;1;rep-f100-n280;9.727275
totalLATmax;1;rep-f100-n280;14.734054
totalLATminSTD;1;rep-f100-n280;3.995126
totalLATmaxSTD;1;rep-f100-n280;4.163287
totalMSG;1;sin-f100-n280;225864
totalMSGsrcrep;1;sin-f100-n280;210442
totalMSGrepclo;1;sin-f100-n280;15422
totalLATrepclo;1;sin-f100-n280;6.409450
totalLATrepcloSTD;1;sin-f100-n280;0.558478
totalLATmin;1;sin-f100-n280;11.224511
totalLATmax;1;sin-f100-n280;11.224511
totalLATminSTD;1;sin-f100-n280;4.503511
totalLATmaxSTD;1;sin-f100-n280;4.503511
totalMSG;1;Fstrrep-f100-n280;706979
totalMSGsrcrep;1;Fstrrep-f100-n280;693089
totalMSGrepclo;1;Fstrrep-f100-n280;13890
totalLATrepclo;1;Fstrrep-f100-n280;5.005117
totalLATrepcloSTD;1;Fstrrep-f100-n280;0.599192
totalLATmin;1;Fstrrep-f100-n280;9.395247
totalLATmax;1;Fstrrep-f100-n280;14.718426
totalLATminSTD;1;Fstrrep-f100-n280;4.001740
totalLATmaxSTD;1;Fstrrep-f100-n280;4.055641
totalMSG;1;rep-f100-n300;742936
totalMSGsrcrep;1;rep-f100-n300;728061
totalMSGrepclo;1;rep-f100-n300;14875
totalLATrepclo;1;rep-f100-n300;4.707689
totalLATrepcloSTD;1;rep-f100-n300;nan
totalLATmin;1;rep-f100-n300;9.181115
totalLATmax;1;rep-f100-n300;12.862931
totalLATminSTD;1;rep-f100-n300;4.413669
totalLATmaxSTD;1;rep-f100-n300;4.800484
totalMSG;1;sin-f100-n300;236465
totalMSGsrcrep;1;sin-f100-n300;218143
totalMSGrepclo;1;sin-f100-n300;18322
totalLATrepclo;1;sin-f100-n300;5.245713
totalLATrepcloSTD;1;sin-f100-n300;0.400174
totalLATmin;1;sin-f100-n300;9.633522
totalLATmax;1;sin-f100-n300;9.633522
totalLATminSTD;1;sin-f100-n300;4.508808
totalLATmaxSTD;1;sin-f100-n300;4.508808
totalMSG;1;Fstrrep-f100-n300;755822
totalMSGsrcrep;1;Fstrrep-f100-n300;740080
totalMSGrepclo;1;Fstrrep-f100-n300;15742
totalLATrepclo;1;Fstrrep-f100-n300;5.632356
totalLATrepcloSTD;1;Fstrrep-f100-n300;1.396465
totalLATmin;1;Fstrrep-f100-n300;8.887583
totalLATmax;1;Fstrrep-f100-n300;13.124376
totalLATminSTD;1;Fstrrep-f100-n300;4.517814
totalLATmaxSTD;1;Fstrrep-f100-n300;4.924646
totalMSG;2;rep-f100-n100;230547
totalMSGsrcrep;2;rep-f100-n100;224726
totalMSGrepclo;2;rep-f100-n100;5821
totalLATrepclo;2;rep-f100-n100;5.921775
totalLATrepcloSTD;2;rep-f100-n100;nan
totalLATmin;2;rep-f100-n100;7.566261
totalLATmax;2;rep-f100-n100;12.175569
totalLATminSTD;2;rep-f100-n100;3.662893
totalLATmaxSTD;2;rep-f100-n100;3.423856
totalMSG;2;sin-f100-n100;82810
totalMSGsrcrep;2;sin-f100-n100;75970
totalMSGrepclo;2;sin-f100-n100;6840
totalLATrepclo;2;sin-f100-n100;5.947566
totalLATrepcloSTD;2;sin-f100-n100;nan
totalLATmin;2;sin-f100-n100;9.084888
totalLATmax;2;sin-f100-n100;9.084888
totalLATminSTD;2;sin-f100-n100;3.751266
totalLATmaxSTD;2;sin-f100-n100;3.751266
totalMSG;2;Fstrrep-f100-n100;217998
totalMSGsrcrep;2;Fstrrep-f100-n100;212635
totalMSGrepclo;2;Fstrrep-f100-n100;5363
totalLATrepclo;2;Fstrrep-f100-n100;5.793210
totalLATrepcloSTD;2;Fstrrep-f100-n100;nan
totalLATmin;2;Fstrrep-f100-n100;7.478591
totalLATmax;2;Fstrrep-f100-n100;10.933352
totalLATminSTD;2;Fstrrep-f100-n100;3.978808
totalLATmaxSTD;2;Fstrrep-f100-n100;3.464561
totalMSG;2;rep-f100-n120;290046
totalMSGsrcrep;2;rep-f100-n120;283924
totalMSGrepclo;2;rep-f100-n120;6122
totalLATrepclo;2;rep-f100-n120;5.304678
totalLATrepcloSTD;2;rep-f100-n120;nan
totalLATmin;2;rep-f100-n120;8.277112
totalLATmax;2;rep-f100-n120;13.089688
totalLATminSTD;2;rep-f100-n120;3.973203
totalLATmaxSTD;2;rep-f100-n120;4.025756
totalMSG;2;sin-f100-n120;95980
totalMSGsrcrep;2;sin-f100-n120;88887
totalMSGrepclo;2;sin-f100-n120;7093
totalLATrepclo;2;sin-f100-n120;6.999409
totalLATrepcloSTD;2;sin-f100-n120;nan
totalLATmin;2;sin-f100-n120;9.859250
totalLATmax;2;sin-f100-n120;9.859250
totalLATminSTD;2;sin-f100-n120;4.167608
totalLATmaxSTD;2;sin-f100-n120;4.167608
totalMSG;2;Fstrrep-f100-n120;280267
totalMSGsrcrep;2;Fstrrep-f100-n120;274430
totalMSGrepclo;2;Fstrrep-f100-n120;5837
totalLATrepclo;2;Fstrrep-f100-n120;5.224279
totalLATrepcloSTD;2;Fstrrep-f100-n120;nan
totalLATmin;2;Fstrrep-f100-n120;7.869018
totalLATmax;2;Fstrrep-f100-n120;12.945080
totalLATminSTD;2;Fstrrep-f100-n120;4.014871
totalLATmaxSTD;2;Fstrrep-f100-n120;4.114866
totalMSG;2;rep-f100-n140;330684
totalMSGsrcrep;2;rep-f100-n140;323685
totalMSGrepclo;2;rep-f100-n140;6999
totalLATrepclo;2;rep-f100-n140;5.426967
totalLATrepcloSTD;2;rep-f100-n140;nan
totalLATmin;2;rep-f100-n140;8.562653
totalLATmax;2;rep-f100-n140;11.819202
totalLATminSTD;2;rep-f100-n140;3.740886
totalLATmaxSTD;2;rep-f100-n140;3.763735
totalMSG;2;sin-f100-n140;103766
totalMSGsrcrep;2;sin-f100-n140;95539
totalMSGrepclo;2;sin-f100-n140;8227
totalLATrepclo;2;sin-f100-n140;5.215781
totalLATrepcloSTD;2;sin-f100-n140;0.243382
totalLATmin;2;sin-f100-n140;8.925823
totalLATmax;2;sin-f100-n140;8.925823
totalLATminSTD;2;sin-f100-n140;3.816948
totalLATmaxSTD;2;sin-f100-n140;3.816948
totalMSG;2;Fstrrep-f100-n140;317114
totalMSGsrcrep;2;Fstrrep-f100-n140;310251
totalMSGrepclo;2;Fstrrep-f100-n140;6863
totalLATrepclo;2;Fstrrep-f100-n140;4.852718
totalLATrepcloSTD;2;Fstrrep-f100-n140;nan
totalLATmin;2;Fstrrep-f100-n140;7.665015
totalLATmax;2;Fstrrep-f100-n140;11.601517
totalLATminSTD;2;Fstrrep-f100-n140;3.748716
totalLATmaxSTD;2;Fstrrep-f100-n140;3.499175
totalMSG;2;rep-f100-n160;379250
totalMSGsrcrep;2;rep-f100-n160;371127
totalMSGrepclo;2;rep-f100-n160;8123
totalLATrepclo;2;rep-f100-n160;4.955941
totalLATrepcloSTD;2;rep-f100-n160;nan
totalLATmin;2;rep-f100-n160;9.056515
totalLATmax;2;rep-f100-n160;13.711600
totalLATminSTD;2;rep-f100-n160;4.223711
totalLATmaxSTD;2;rep-f100-n160;3.974104
totalMSG;2;sin-f100-n160;122908
totalMSGsrcrep;2;sin-f100-n160;113485
totalMSGrepclo;2;sin-f100-n160;9423
totalLATrepclo;2;sin-f100-n160;6.876519
totalLATrepcloSTD;2;sin-f100-n160;0.316709
totalLATmin;2;sin-f100-n160;11.002127
totalLATmax;2;sin-f100-n160;11.002127
totalLATminSTD;2;sin-f100-n160;4.408498
totalLATmaxSTD;2;sin-f100-n160;4.408498
totalMSG;2;Fstrrep-f100-n160;364217
totalMSGsrcrep;2;Fstrrep-f100-n160;356137
totalMSGrepclo;2;Fstrrep-f100-n160;8080
totalLATrepclo;2;Fstrrep-f100-n160;4.612025
totalLATrepcloSTD;2;Fstrrep-f100-n160;nan
totalLATmin;2;Fstrrep-f100-n160;8.241152
totalLATmax;2;Fstrrep-f100-n160;13.002161
totalLATminSTD;2;Fstrrep-f100-n160;4.206596
totalLATmaxSTD;2;Fstrrep-f100-n160;4.141367
totalMSG;2;rep-f100-n180;460668
totalMSGsrcrep;2;rep-f100-n180;451400
totalMSGrepclo;2;rep-f100-n180;9268
totalLATrepclo;2;rep-f100-n180;6.461789
totalLATrepcloSTD;2;rep-f100-n180;0.630343
totalLATmin;2;rep-f100-n180;9.572917
totalLATmax;2;rep-f100-n180;15.287049
totalLATminSTD;2;rep-f100-n180;4.232868
totalLATmaxSTD;2;rep-f100-n180;4.052594
totalMSG;2;sin-f100-n180;147877
totalMSGsrcrep;2;sin-f100-n180;137585
totalMSGrepclo;2;sin-f100-n180;10292
totalLATrepclo;2;sin-f100-n180;8.437430
totalLATrepcloSTD;2;sin-f100-n180;0.477309
totalLATmin;2;sin-f100-n180;11.898431
totalLATmax;2;sin-f100-n180;11.898431
totalLATminSTD;2;sin-f100-n180;4.667880
totalLATmaxSTD;2;sin-f100-n180;4.667880
totalMSG;2;Fstrrep-f100-n180;453556
totalMSGsrcrep;2;Fstrrep-f100-n180;444258
totalMSGrepclo;2;Fstrrep-f100-n180;9298
totalLATrepclo;2;Fstrrep-f100-n180;6.814584
totalLATrepcloSTD;2;Fstrrep-f100-n180;nan
totalLATmin;2;Fstrrep-f100-n180;9.572917
totalLATmax;2;Fstrrep-f100-n180;13.870722
totalLATminSTD;2;Fstrrep-f100-n180;4.644065
totalLATmaxSTD;2;Fstrrep-f100-n180;3.705332
totalMSG;2;rep-f100-n200;520828
totalMSGsrcrep;2;rep-f100-n200;510393
totalMSGrepclo;2;rep-f100-n200;10435
totalLATrepclo;2;rep-f100-n200;6.038383
totalLATrepcloSTD;2;rep-f100-n200;nan
totalLATmin;2;rep-f100-n200;10.889838
totalLATmax;2;rep-f100-n200;14.730960
totalLATminSTD;2;rep-f100-n200;4.314936
totalLATmaxSTD;2;rep-f100-n200;4.165866
totalMSG;2;sin-f100-n200;171911
totalMSGsrcrep;2;sin-f100-n200;161086
totalMSGrepclo;2;sin-f100-n200;10825
totalLATrepclo;2;sin-f100-n200;5.556580
totalLATrepcloSTD;2;sin-f100-n200;0.360100
totalLATmin;2;sin-f100-n200;12.311165
totalLATmax;2;sin-f100-n200;12.311165
totalLATminSTD;2;sin-f100-n200;3.899197
totalLATmaxSTD;2;sin-f100-n200;3.899197
totalMSG;2;Fstrrep-f100-n200;495651
totalMSGsrcrep;2;Fstrrep-f100-n200;485183
totalMSGrepclo;2;Fstrrep-f100-n200;10468
totalLATrepclo;2;Fstrrep-f100-n200;5.890595
totalLATrepcloSTD;2;Fstrrep-f100-n200;nan
totalLATmin;2;Fstrrep-f100-n200;9.499386
totalLATmax;2;Fstrrep-f100-n200;14.681574
totalLATminSTD;2;Fstrrep-f100-n200;4.068712
totalLATmaxSTD;2;Fstrrep-f100-n200;3.582110
totalMSG;2;rep-f100-n220;608319
totalMSGsrcrep;2;rep-f100-n220;596242
totalMSGrepclo;2;rep-f100-n220;12077
totalLATrepclo;2;rep-f100-n220;6.273595
totalLATrepcloSTD;2;rep-f100-n220;nan
totalLATmin;2;rep-f100-n220;9.502585
totalLATmax;2;rep-f100-n220;15.516496
totalLATminSTD;2;rep-f100-n220;4.262327
totalLATmaxSTD;2;rep-f100-n220;4.251408
totalMSG;2;sin-f100-n220;205027
totalMSGsrcrep;2;sin-f100-n220;191980
totalMSGrepclo;2;sin-f100-n220;13047
totalLATrepclo;2;sin-f100-n220;7.167469
totalLATrepcloSTD;2;sin-f100-n220;nan
totalLATmin;2;sin-f100-n220;12.325023
totalLATmax;2;sin-f100-n220;12.325023
totalLATminSTD;2;sin-f100-n220;4.853925
totalLATmaxSTD;2;sin-f100-n220;4.853925
totalMSG;2;Fstrrep-f100-n220;594443
totalMSGsrcrep;2;Fstrrep-f100-n220;583020
totalMSGrepclo;2;Fstrrep-f100-n220;11423
totalLATrepclo;2;Fstrrep-f100-n220;5.596198
totalLATrepcloSTD;2;Fstrrep-f100-n220;nan
totalLATmin;2;Fstrrep-f100-n220;8.847431
totalLATmax;2;Fstrrep-f100-n220;14.244891
totalLATminSTD;2;Fstrrep-f100-n220;4.235617
totalLATmaxSTD;2;Fstrrep-f100-n220;4.489088
totalMSG;2;rep-f100-n240;627788
totalMSGsrcrep;2;rep-f100-n240;615967
totalMSGrepclo;2;rep-f100-n240;11821
totalLATrepclo;2;rep-f100-n240;6.680535
totalLATrepcloSTD;2;rep-f100-n240;nan
totalLATmin;2;rep-f100-n240;9.962285
totalLATmax;2;rep-f100-n240;15.079159
totalLATminSTD;2;rep-f100-n240;4.081425
totalLATmaxSTD;2;rep-f100-n240;4.019800
totalMSG;2;sin-f100-n240;182489
totalMSGsrcrep;2;sin-f100-n240;171165
totalMSGrepclo;2;sin-f100-n240;11324
totalLATrepclo;2;sin-f100-n240;5.392253
totalLATrepcloSTD;2;sin-f100-n240;nan
totalLATmin;2;sin-f100-n240;10.850555
totalLATmax;2;sin-f100-n240;10.850555
totalLATminSTD;2;sin-f100-n240;4.102080
totalLATmaxSTD;2;sin-f100-n240;4.102080
totalMSG;2;Fstrrep-f100-n240;638016
totalMSGsrcrep;2;Fstrrep-f100-n240;625823
totalMSGrepclo;2;Fstrrep-f100-n240;12193
totalLATrepclo;2;Fstrrep-f100-n240;6.588650
totalLATrepcloSTD;2;Fstrrep-f100-n240;nan
totalLATmin;2;Fstrrep-f100-n240;10.211025
totalLATmax;2;Fstrrep-f100-n240;15.206051
totalLATminSTD;2;Fstrrep-f100-n240;4.431315
totalLATmaxSTD;2;Fstrrep-f100-n240;4.261154
totalMSG;2;rep-f100-n260;650423
totalMSGsrcrep;2;rep-f100-n260;637180
totalMSGrepclo;2;rep-f100-n260;13243
totalLATrepclo;2;rep-f100-n260;97.725386
totalLATrepcloSTD;2;rep-f100-n260;52.788573
totalLATmin;2;rep-f100-n260;9.468540
totalLATmax;2;rep-f100-n260;13.834794
totalLATminSTD;2;rep-f100-n260;4.190858
totalLATmaxSTD;2;rep-f100-n260;3.851366
totalMSG;2;sin-f100-n260;202389
totalMSGsrcrep;2;sin-f100-n260;189651
totalMSGrepclo;2;sin-f100-n260;12738
totalLATrepclo;2;sin-f100-n260;5.715920
totalLATrepcloSTD;2;sin-f100-n260;nan
totalLATmin;2;sin-f100-n260;10.598730
totalLATmax;2;sin-f100-n260;10.598730
totalLATminSTD;2;sin-f100-n260;3.561201
totalLATmaxSTD;2;sin-f100-n260;3.561201
totalMSG;2;Fstrrep-f100-n260;640320
totalMSGsrcrep;2;Fstrrep-f100-n260;627904
totalMSGrepclo;2;Fstrrep-f100-n260;12416
totalLATrepclo;2;Fstrrep-f100-n260;88.196273
totalLATrepcloSTD;2;Fstrrep-f100-n260;57.204670
totalLATmin;2;Fstrrep-f100-n260;8.937510
totalLATmax;2;Fstrrep-f100-n260;13.557424
totalLATminSTD;2;Fstrrep-f100-n260;4.036419
totalLATmaxSTD;2;Fstrrep-f100-n260;4.034686
totalMSG;2;rep-f100-n280;695541
totalMSGsrcrep;2;rep-f100-n280;681525
totalMSGrepclo;2;rep-f100-n280;14016
totalLATrepclo;2;rep-f100-n280;5.305238
totalLATrepcloSTD;2;rep-f100-n280;0.692371
totalLATmin;2;rep-f100-n280;9.727275
totalLATmax;2;rep-f100-n280;14.734054
totalLATminSTD;2;rep-f100-n280;3.995126
totalLATmaxSTD;2;rep-f100-n280;4.163287
totalMSG;2;sin-f100-n280;216694
totalMSGsrcrep;2;sin-f100-n280;201892
totalMSGrepclo;2;sin-f100-n280;14802
totalLATrepclo;2;sin-f100-n280;6.438950
totalLATrepcloSTD;2;sin-f100-n280;nan
totalLATmin;2;sin-f100-n280;11.224511
totalLATmax;2;sin-f100-n280;11.224511
totalLATminSTD;2;sin-f100-n280;4.503511
totalLATmaxSTD;2;sin-f100-n280;4.503511
totalMSG;2;Fstrrep-f100-n280;696929
totalMSGsrcrep;2;Fstrrep-f100-n280;683357
totalMSGrepclo;2;Fstrrep-f100-n280;13572
totalLATrepclo;2;Fstrrep-f100-n280;5.001682
totalLATrepcloSTD;2;Fstrrep-f100-n280;nan
totalLATmin;2;Fstrrep-f100-n280;9.395247
totalLATmax;2;Fstrrep-f100-n280;14.718426
totalLATminSTD;2;Fstrrep-f100-n280;4.001740
totalLATmaxSTD;2;Fstrrep-f100-n280;4.055641
totalMSG;2;rep-f100-n300;733357
totalMSGsrcrep;2;rep-f100-n300;718487
totalMSGrepclo;2;rep-f100-n300;14870
totalLATrepclo;2;rep-f100-n300;4.685858
totalLATrepcloSTD;2;rep-f100-n300;nan
totalLATmin;2;rep-f100-n300;9.181115
totalLATmax;2;rep-f100-n300;12.862931
totalLATminSTD;2;rep-f100-n300;4.413669
totalLATmaxSTD;2;rep-f100-n300;4.800484
totalMSG;2;sin-f100-n300;225560
totalMSGsrcrep;2;sin-f100-n300;208311
totalMSGrepclo;2;sin-f100-n300;17249
totalLATrepclo;2;sin-f100-n300;5.331258
totalLATrepcloSTD;2;sin-f100-n300;nan
totalLATmin;2;sin-f100-n300;9.633522
totalLATmax;2;sin-f100-n300;9.633522
totalLATminSTD;2;sin-f100-n300;4.508808
totalLATmaxSTD;2;sin-f100-n300;4.508808
totalMSG;2;Fstrrep-f100-n300;744526
totalMSGsrcrep;2;Fstrrep-f100-n300;728756
totalMSGrepclo;2;Fstrrep-f100-n300;15770
totalLATrepclo;2;Fstrrep-f100-n300;5.537211
totalLATrepcloSTD;2;Fstrrep-f100-n300;nan
totalLATmin;2;Fstrrep-f100-n300;8.887583
totalLATmax;2;Fstrrep-f100-n300;13.124376
totalLATminSTD;2;Fstrrep-f100-n300;4.517814
totalLATmaxSTD;2;Fstrrep-f100-n300;4.924646
totalMSG;3;rep-f100-n100;223427
totalMSGsrcrep;3;rep-f100-n100;218846
totalMSGrepclo;3;rep-f100-n100;4581
totalLATrepclo;3;rep-f100-n100;5.935674
totalLATrepcloSTD;3;rep-f100-n100;0.554080
totalLATmin;3;rep-f100-n100;7.566261
totalLATmax;3;rep-f100-n100;12.175569
totalLATminSTD;3;rep-f100-n100;3.662893
totalLATmaxSTD;3;rep-f100-n100;3.423856
totalMSG;3;sin-f100-n100;80218
totalMSGsrcrep;3;sin-f100-n100;73739
totalMSGrepclo;3;sin-f100-n100;6479
totalLATrepclo;3;sin-f100-n100;5.934084
totalLATrepcloSTD;3;sin-f100-n100;nan
totalLATmin;3;sin-f100-n100;9.084888
totalLATmax;3;sin-f100-n100;9.084888
totalLATminSTD;3;sin-f100-n100;3.751266
totalLATmaxSTD;3;sin-f100-n100;3.751266
totalMSG;3;Fstrrep-f100-n100;212295
totalMSGsrcrep;3;Fstrrep-f100-n100;207733
totalMSGrepclo;3;Fstrrep-f100-n100;4562
totalLATrepclo;3;Fstrrep-f100-n100;5.789011
totalLATrepcloSTD;3;Fstrrep-f100-n100;nan
totalLATmin;3;Fstrrep-f100-n100;7.478591
totalLATmax;3;Fstrrep-f100-n100;10.933352
totalLATminSTD;3;Fstrrep-f100-n100;3.978808
totalLATmaxSTD;3;Fstrrep-f100-n100;3.464561
totalMSG;3;rep-f100-n120;283084
totalMSGsrcrep;3;rep-f100-n120;277969
totalMSGrepclo;3;rep-f100-n120;5115
totalLATrepclo;3;rep-f100-n120;5.318905
totalLATrepcloSTD;3;rep-f100-n120;nan
totalLATmin;3;rep-f100-n120;8.277112
totalLATmax;3;rep-f100-n120;13.089688
totalLATminSTD;3;rep-f100-n120;3.973203
totalLATmaxSTD;3;rep-f100-n120;4.025756
totalMSG;3;sin-f100-n120;92565
totalMSGsrcrep;3;sin-f100-n120;86002
totalMSGrepclo;3;sin-f100-n120;6563
totalLATrepclo;3;sin-f100-n120;7.052069
totalLATrepcloSTD;3;sin-f100-n120;nan
totalLATmin;3;sin-f100-n120;9.859250
totalLATmax;3;sin-f100-n120;9.859250
totalLATminSTD;3;sin-f100-n120;4.167608
totalLATmaxSTD;3;sin-f100-n120;4.167608
totalMSG;3;Fstrrep-f100-n120;274607
totalMSGsrcrep;3;Fstrrep-f100-n120;269158
totalMSGrepclo;3;Fstrrep-f100-n120;5449
totalLATrepclo;3;Fstrrep-f100-n120;5.209192
totalLATrepcloSTD;3;Fstrrep-f100-n120;nan
totalLATmin;3;Fstrrep-f100-n120;7.869018
totalLATmax;3;Fstrrep-f100-n120;12.945080
totalLATminSTD;3;Fstrrep-f100-n120;4.014871
totalLATmaxSTD;3;Fstrrep-f100-n120;4.114866
totalMSG;3;rep-f100-n140;324756
totalMSGsrcrep;3;rep-f100-n140;318082
totalMSGrepclo;3;rep-f100-n140;6674
totalLATrepclo;3;rep-f100-n140;5.425857
totalLATrepcloSTD;3;rep-f100-n140;0.449848
totalLATmin;3;rep-f100-n140;8.562653
totalLATmax;3;rep-f100-n140;11.819202
totalLATminSTD;3;rep-f100-n140;3.740886
totalLATmaxSTD;3;rep-f100-n140;3.763735
totalMSG;3;sin-f100-n140;100075
totalMSGsrcrep;3;sin-f100-n140;92206
totalMSGrepclo;3;sin-f100-n140;7869
totalLATrepclo;3;sin-f100-n140;5.260162
totalLATrepcloSTD;3;sin-f100-n140;nan
totalLATmin;3;sin-f100-n140;8.925823
totalLATmax;3;sin-f100-n140;8.925823
totalLATminSTD;3;sin-f100-n140;3.816948
totalLATmaxSTD;3;sin-f100-n140;3.816948
totalMSG;3;Fstrrep-f100-n140;311172
totalMSGsrcrep;3;Fstrrep-f100-n140;304782
totalMSGrepclo;3;Fstrrep-f100-n140;6390
totalLATrepclo;3;Fstrrep-f100-n140;4.854577
totalLATrepcloSTD;3;Fstrrep-f100-n140;nan
totalLATmin;3;Fstrrep-f100-n140;7.665015
totalLATmax;3;Fstrrep-f100-n140;11.601517
totalLATminSTD;3;Fstrrep-f100-n140;3.748716
totalLATmaxSTD;3;Fstrrep-f100-n140;3.499175
totalMSG;3;rep-f100-n160;368887
totalMSGsrcrep;3;rep-f100-n160;361453
totalMSGrepclo;3;rep-f100-n160;7434
totalLATrepclo;3;rep-f100-n160;5.008253
totalLATrepcloSTD;3;rep-f100-n160;nan
totalLATmin;3;rep-f100-n160;9.056515
totalLATmax;3;rep-f100-n160;13.711600
totalLATminSTD;3;rep-f100-n160;4.223711
totalLATmaxSTD;3;rep-f100-n160;3.974104
totalMSG;3;sin-f100-n160;119913
totalMSGsrcrep;3;sin-f100-n160;110800
totalMSGrepclo;3;sin-f100-n160;9113
totalLATrepclo;3;sin-f100-n160;6.873110
totalLATrepcloSTD;3;sin-f100-n160;nan
totalLATmin;3;sin-f100-n160;11.002127
totalLATmax;3;sin-f100-n160;11.002127
totalLATminSTD;3;sin-f100-n160;4.408498
totalLATmaxSTD;3;sin-f100-n160;4.408498
totalMSG;3;Fstrrep-f100-n160;353520
totalMSGsrcrep;3;Fstrrep-f100-n160;346226
totalMSGrepclo;3;Fstrrep-f100-n160;7294
totalLATrepclo;3;Fstrrep-f100-n160;4.641878
totalLATrepcloSTD;3;Fstrrep-f100-n160;0.358622
totalLATmin;3;Fstrrep-f100-n160;8.241152
totalLATmax;3;Fstrrep-f100-n160;13.002161
totalLATminSTD;3;Fstrrep-f100-n160;4.206596
totalLATmaxSTD;3;Fstrrep-f100-n160;4.141367
totalMSG;3;rep-f100-n180;450606
totalMSGsrcrep;3;rep-f100-n180;442247
totalMSGrepclo;3;rep-f100-n180;8359
totalLATrepclo;3;rep-f100-n180;6.495310
totalLATrepcloSTD;3;rep-f100-n180;nan
totalLATmin;3;rep-f100-n180;9.572917
totalLATmax;3;rep-f100-n180;15.287049
totalLATminSTD;3;rep-f100-n180;4.232868
totalLATmaxSTD;3;rep-f100-n180;4.052594
totalMSG;3;sin-f100-n180;142519
totalMSGsrcrep;3;sin-f100-n180;132666
totalMSGrepclo;3;sin-f100-n180;9853
totalLATrepclo;3;sin-f100-n180;8.432353
totalLATrepcloSTD;3;sin-f100-n180;0.384097
totalLATmin;3;sin-f100-n180;11.898431
totalLATmax;3;sin-f100-n180;11.898431
totalLATminSTD;3;sin-f100-n180;4.667880
totalLATmaxSTD;3;sin-f100-n180;4.667880
totalMSG;3;Fstrrep-f100-n180;443587
totalMSGsrcrep;3;Fstrrep-f100-n180;434870
totalMSGrepclo;3;Fstrrep-f100-n180;8717
totalLATrepclo;3;Fstrrep-f100-n180;6.894159
totalLATrepcloSTD;3;Fstrrep-f100-n180;nan
totalLATmin;3;Fstrrep-f100-n180;9.572917
totalLATmax;3;Fstrrep-f100-n180;13.870722
totalLATminSTD;3;Fstrrep-f100-n180;4.644065
totalLATmaxSTD;3;Fstrrep-f100-n180;3.705332
totalMSG;3;rep-f100-n200;509091
totalMSGsrcrep;3;rep-f100-n200;499432
totalMSGrepclo;3;rep-f100-n200;9659
totalLATrepclo;3;rep-f100-n200;6.031297
totalLATrepcloSTD;3;rep-f100-n200;0.445093
totalLATmin;3;rep-f100-n200;10.889838
totalLATmax;3;rep-f100-n200;14.730960
totalLATminSTD;3;rep-f100-n200;4.314936
totalLATmaxSTD;3;rep-f100-n200;4.165866
totalMSG;3;sin-f100-n200;166762
totalMSGsrcrep;3;sin-f100-n200;156416
totalMSGrepclo;3;sin-f100-n200;10346
totalLATrepclo;3;sin-f100-n200;5.479406
totalLATrepcloSTD;3;sin-f100-n200;nan
totalLATmin;3;sin-f100-n200;12.311165
totalLATmax;3;sin-f100-n200;12.311165
totalLATminSTD;3;sin-f100-n200;3.899197
totalLATmaxSTD;3;sin-f100-n200;3.899197
totalMSG;3;Fstrrep-f100-n200;485832
totalMSGsrcrep;3;Fstrrep-f100-n200;476096
totalMSGrepclo;3;Fstrrep-f100-n200;9736
totalLATrepclo;3;Fstrrep-f100-n200;5.853046
totalLATrepcloSTD;3;Fstrrep-f100-n200;0.712171
totalLATmin;3;Fstrrep-f100-n200;9.499386
totalLATmax;3;Fstrrep-f100-n200;14.681574
totalLATminSTD;3;Fstrrep-f100-n200;4.068712
totalLATmaxSTD;3;Fstrrep-f100-n200;3.582110
totalMSG;3;rep-f100-n220;598683
totalMSGsrcrep;3;rep-f100-n220;587521
totalMSGrepclo;3;rep-f100-n220;11162
totalLATrepclo;3;rep-f100-n220;6.255692
totalLATrepcloSTD;3;rep-f100-n220;nan
totalLATmin;3;rep-f100-n220;9.502585
totalLATmax;3;rep-f100-n220;15.516496
totalLATminSTD;3;rep-f100-n220;4.262327
totalLATmaxSTD;3;rep-f100-n220;4.251408
totalMSG;3;sin-f100-n220;200134
totalMSGsrcrep;3;sin-f100-n220;187264
totalMSGrepclo;3;sin-f100-n220;12870
totalLATrepclo;3;sin-f100-n220;7.179142
totalLATrepcloSTD;3;sin-f100-n220;0.473931
totalLATmin;3;sin-f100-n220;12.325023
totalLATmax;3;sin-f100-n220;12.325023
totalLATminSTD;3;sin-f100-n220;4.853925
totalLATmaxSTD;3;sin-f100-n220;4.853925
totalMSG;3;Fstrrep-f100-n220;584932
totalMSGsrcrep;3;Fstrrep-f100-n220;574315
totalMSGrepclo;3;Fstrrep-f100-n220;10617
totalLATrepclo;3;Fstrrep-f100-n220;5.528807
totalLATrepcloSTD;3;Fstrrep-f100-n220;0.830870
totalLATmin;3;Fstrrep-f100-n220;8.847431
totalLATmax;3;Fstrrep-f100-n220;14.244891
totalLATminSTD;3;Fstrrep-f100-n220;4.235617
totalLATmaxSTD;3;Fstrrep-f100-n220;4.489088
totalMSG;3;rep-f100-n240;613059
totalMSGsrcrep;3;rep-f100-n240;601751
totalMSGrepclo;3;rep-f100-n240;11308
totalLATrepclo;3;rep-f100-n240;6.349920
totalLATrepcloSTD;3;rep-f100-n240;nan
totalLATmin;3;rep-f100-n240;9.962285
totalLATmax;3;rep-f100-n240;15.079159
totalLATminSTD;3;rep-f100-n240;4.081425
totalLATmaxSTD;3;rep-f100-n240;4.019800
totalMSG;3;sin-f100-n240;178363
totalMSGsrcrep;3;sin-f100-n240;167123
totalMSGrepclo;3;sin-f100-n240;11240
totalLATrepclo;3;sin-f100-n240;5.432548
totalLATrepcloSTD;3;sin-f100-n240;nan
totalLATmin;3;sin-f100-n240;10.850555
totalLATmax;3;sin-f100-n240;10.850555
totalLATminSTD;3;sin-f100-n240;4.102080
totalLATmaxSTD;3;sin-f100-n240;4.102080
totalMSG;3;Fstrrep-f100-n240;623791
totalMSGsrcrep;3;Fstrrep-f100-n240;612556
totalMSGrepclo;3;Fstrrep-f100-n240;11235
totalLATrepclo;3;Fstrrep-f100-n240;6.354422
totalLATrepcloSTD;3;Fstrrep-f100-n240;1.573292
totalLATmin;3;Fstrrep-f100-n240;10.211025
totalLATmax;3;Fstrrep-f100-n240;15.206051
totalLATminSTD;3;Fstrrep-f100-n240;4.431315
totalLATmaxSTD;3;Fstrrep-f100-n240;4.261154
totalMSG;3;rep-f100-n260;638518
totalMSGsrcrep;3;rep-f100-n260;626196
totalMSGrepclo;3;rep-f100-n260;12322
totalLATrepclo;3;rep-f100-n260;79.435186
totalLATrepcloSTD;3;rep-f100-n260;nan
totalLATmin;3;rep-f100-n260;9.468540
totalLATmax;3;rep-f100-n260;13.834794
totalLATminSTD;3;rep-f100-n260;4.190858
totalLATmaxSTD;3;rep-f100-n260;3.851366
totalMSG;3;sin-f100-n260;198304
totalMSGsrcrep;3;sin-f100-n260;185771
totalMSGrepclo;3;sin-f100-n260;12533
totalLATrepclo;3;sin-f100-n260;5.724233
totalLATrepcloSTD;3;sin-f100-n260;0.582908
totalLATmin;3;sin-f100-n260;10.598730
totalLATmax;3;sin-f100-n260;10.598730
totalLATminSTD;3;sin-f100-n260;3.561201
totalLATmaxSTD;3;sin-f100-n260;3.561201
totalMSG;3;Fstrrep-f100-n260;630051
totalMSGsrcrep;3;Fstrrep-f100-n260;618930
totalMSGrepclo;3;Fstrrep-f100-n260;11121
totalLATrepclo;3;Fstrrep-f100-n260;72.437131
totalLATrepcloSTD;3;Fstrrep-f100-n260;nan
totalLATmin;3;Fstrrep-f100-n260;8.937510
totalLATmax;3;Fstrrep-f100-n260;13.557424
totalLATminSTD;3;Fstrrep-f100-n260;4.036419
totalLATmaxSTD;3;Fstrrep-f100-n260;4.034686
totalMSG;3;rep-f100-n280;683628
totalMSGsrcrep;3;rep-f100-n280;670923
totalMSGrepclo;3;rep-f100-n280;12705
totalLATrepclo;3;rep-f100-n280;5.281963
totalLATrepcloSTD;3;rep-f100-n280;nan
totalLATmin;3;rep-f100-n280;9.727275
totalLATmax;3;rep-f100-n280;14.734054
totalLATminSTD;3;rep-f100-n280;3.995126
totalLATmaxSTD;3;rep-f100-n280;4.163287
totalMSG;3;sin-f100-n280;210109
totalMSGsrcrep;3;sin-f100-n280;196019
totalMSGrepclo;3;sin-f100-n280;14090
totalLATrepclo;3;sin-f100-n280;6.376232
totalLATrepcloSTD;3;sin-f100-n280;nan
totalLATmin;3;sin-f100-n280;11.224511
totalLATmax;3;sin-f100-n280;11.224511
totalLATminSTD;3;sin-f100-n280;4.503511
totalLATmaxSTD;3;sin-f100-n280;4.503511
totalMSG;3;Fstrrep-f100-n280;685792
totalMSGsrcrep;3;Fstrrep-f100-n280;673243
totalMSGrepclo;3;Fstrrep-f100-n280;12549
totalLATrepclo;3;Fstrrep-f100-n280;4.987076
totalLATrepcloSTD;3;Fstrrep-f100-n280;0.578693
totalLATmin;3;Fstrrep-f100-n280;9.395247
totalLATmax;3;Fstrrep-f100-n280;14.718426
totalLATminSTD;3;Fstrrep-f100-n280;4.001740
totalLATmaxSTD;3;Fstrrep-f100-n280;4.055641
totalMSG;3;rep-f100-n300;719857
totalMSGsrcrep;3;rep-f100-n300;706091
totalMSGrepclo;3;rep-f100-n300;13766
totalLATrepclo;3;rep-f100-n300;4.684662
totalLATrepcloSTD;3;rep-f100-n300;nan
totalLATmin;3;rep-f100-n300;9.181115
totalLATmax;3;rep-f100-n300;12.862931
totalLATminSTD;3;rep-f100-n300;4.413669
totalLATmaxSTD;3;rep-f100-n300;4.800484
totalMSG;3;sin-f100-n300;219151
totalMSGsrcrep;3;sin-f100-n300;202452
totalMSGrepclo;3;sin-f100-n300;16699
totalLATrepclo;3;sin-f100-n300;5.301481
totalLATrepcloSTD;3;sin-f100-n300;nan
totalLATmin;3;sin-f100-n300;9.633522
totalLATmax;3;sin-f100-n300;9.633522
totalLATminSTD;3;sin-f100-n300;4.508808
totalLATmaxSTD;3;sin-f100-n300;4.508808
totalMSG;3;Fstrrep-f100-n300;732360
totalMSGsrcrep;3;Fstrrep-f100-n300;717943
totalMSGrepclo;3;Fstrrep-f100-n300;14417
totalLATrepclo;3;Fstrrep-f100-n300;5.445838
totalLATrepcloSTD;3;Fstrrep-f100-n300;1.103448
totalLATmin;3;Fstrrep-f100-n300;8.887583
totalLATmax;3;Fstrrep-f100-n300;13.124376
totalLATminSTD;3;Fstrrep-f100-n300;4.517814
totalLATmaxSTD;3;Fstrrep-f100-n300;4.924646
totalMSG;4;rep-f100-n100;234659
totalMSGsrcrep;4;rep-f100-n100;229461
totalMSGrepclo;4;rep-f100-n100;5198
totalLATrepclo;4;rep-f100-n100;5.920787
totalLATrepcloSTD;4;rep-f100-n100;nan
totalLATmin;4;rep-f100-n100;7.566261
totalLATmax;4;rep-f100-n100;12.175569
totalLATminSTD;4;rep-f100-n100;3.662893
totalLATmaxSTD;4;rep-f100-n100;3.423856
totalMSG;4;sin-f100-n100;84618
totalMSGsrcrep;4;sin-f100-n100;77794
totalMSGrepclo;4;sin-f100-n100;6824
totalLATrepclo;4;sin-f100-n100;5.946555
totalLATrepcloSTD;4;sin-f100-n100;0.183268
totalLATmin;4;sin-f100-n100;9.084888
totalLATmax;4;sin-f100-n100;9.084888
totalLATminSTD;4;sin-f100-n100;3.751266
totalLATmaxSTD;4;sin-f100-n100;3.751266
totalMSG;4;Fstrrep-f100-n100;222263
totalMSGsrcrep;4;Fstrrep-f100-n100;217384
totalMSGrepclo;4;Fstrrep-f100-n100;4879
totalLATrepclo;4;Fstrrep-f100-n100;5.784876
totalLATrepcloSTD;4;Fstrrep-f100-n100;nan
totalLATmin;4;Fstrrep-f100-n100;7.478591
totalLATmax;4;Fstrrep-f100-n100;10.933352
totalLATminSTD;4;Fstrrep-f100-n100;3.978808
totalLATmaxSTD;4;Fstrrep-f100-n100;3.464561
totalMSG;4;rep-f100-n120;295845
totalMSGsrcrep;4;rep-f100-n120;290164
totalMSGrepclo;4;rep-f100-n120;5681
totalLATrepclo;4;rep-f100-n120;5.234361
totalLATrepcloSTD;4;rep-f100-n120;nan
totalLATmin;4;rep-f100-n120;8.277112
totalLATmax;4;rep-f100-n120;13.089688
totalLATminSTD;4;rep-f100-n120;3.973203
totalLATmaxSTD;4;rep-f100-n120;4.025756
totalMSG;4;sin-f100-n120;98527
totalMSGsrcrep;4;sin-f100-n120;91605
totalMSGrepclo;4;sin-f100-n120;6922
totalLATrepclo;4;sin-f100-n120;6.968999
totalLATrepcloSTD;4;sin-f100-n120;nan
totalLATmin;4;sin-f100-n120;9.859250
totalLATmax;4;sin-f100-n120;9.859250
totalLATminSTD;4;sin-f100-n120;4.167608
totalLATmaxSTD;4;sin-f100-n120;4.167608
totalMSG;4;Fstrrep-f100-n120;286077
totalMSGsrcrep;4;Fstrrep-f100-n120;280466
totalMSGrepclo;4;Fstrrep-f100-n120;5611
totalLATrepclo;4;Fstrrep-f100-n120;5.218349
totalLATrepcloSTD;4;Fstrrep-f100-n120;nan
totalLATmin;4;Fstrrep-f100-n120;7.869018
totalLATmax;4;Fstrrep-f100-n120;12.945080
totalLATminSTD;4;Fstrrep-f100-n120;4.014871
totalLATmaxSTD;4;Fstrrep-f100-n120;4.114866
totalMSG;4;rep-f100-n140;335599
totalMSGsrcrep;4;rep-f100-n140;328720
totalMSGrepclo;4;rep-f100-n140;6879
totalLATrepclo;4;rep-f100-n140;5.382592
totalLATrepcloSTD;4;rep-f100-n140;nan
totalLATmin;4;rep-f100-n140;8.562653
totalLATmax;4;rep-f100-n140;11.819202
totalLATminSTD;4;rep-f100-n140;3.740886
totalLATmaxSTD;4;rep-f100-n140;3.763735
totalMSG;4;sin-f100-n140;106616
totalMSGsrcrep;4;sin-f100-n140;98255
totalMSGrepclo;4;sin-f100-n140;8361
totalLATrepclo;4;sin-f100-n140;5.247964
totalLATrepcloSTD;4;sin-f100-n140;nan
totalLATmin;4;sin-f100-n140;8.925823
totalLATmax;4;sin-f100-n140;8.925823
totalLATminSTD;4;sin-f100-n140;3.816948
totalLATmaxSTD;4;sin-f100-n140;3.816948
totalMSG;4;Fstrrep-f100-n140;321657
totalMSGsrcrep;4;Fstrrep-f100-n140;315019
totalMSGrepclo;4;Fstrrep-f100-n140;6638
totalLATrepclo;4;Fstrrep-f100-n140;5.030150
totalLATrepcloSTD;4;Fstrrep-f100-n140;nan
totalLATmin;4;Fstrrep-f100-n140;7.665015
totalLATmax;4;Fstrrep-f100-n140;11.601517
totalLATminSTD;4;Fstrrep-f100-n140;3.748716
totalLATmaxSTD;4;Fstrrep-f100-n140;3.499175
totalMSG;4;rep-f100-n160;380292
totalMSGsrcrep;4;rep-f100-n160;372716
totalMSGrepclo;4;rep-f100-n160;7576
totalLATrepclo;4;rep-f100-n160;4.964491
totalLATrepcloSTD;4;rep-f100-n160;nan
totalLATmin;4;rep-f100-n160;9.056515
totalLATmax;4;rep-f100-n160;13.711600
totalLATminSTD;4;rep-f100-n160;4.223711
totalLATmaxSTD;4;rep-f100-n160;3.974104
totalMSG;4;sin-f100-n160;125949
totalMSGsrcrep;4;sin-f100-n160;116521
totalMSGrepclo;4;sin-f100-n160;9428
totalLATrepclo;4;sin-f100-n160;6.899767
totalLATrepcloSTD;4;sin-f100-n160;nan
totalLATmin;4;sin-f100-n160;11.002127
totalLATmax;4;sin-f100-n160;11.002127
totalLATminSTD;4;sin-f100-n160;4.408498
totalLATmaxSTD;4;sin-f100-n160;4.408498
totalMSG;4;Fstrrep-f100-n160;364869
totalMSGsrcrep;4;Fstrrep-f100-n160;357301
totalMSGrepclo;4;Fstrrep-f100-n160;7568
totalLATrepclo;4;Fstrrep-f100-n160;4.643674
totalLATrepcloSTD;4;Fstrrep-f100-n160;nan
totalLATmin;4;Fstrrep-f100-n160;8.241152
totalLATmax;4;Fstrrep-f100-n160;13.002161
totalLATminSTD;4;Fstrrep-f100-n160;4.206596
totalLATmaxSTD;4;Fstrrep-f100-n160;4.141367
totalMSG;4;rep-f100-n180;461501
totalMSGsrcrep;4;rep-f100-n180;452748
totalMSGrepclo;4;rep-f100-n180;8753
totalLATrepclo;4;rep-f100-n180;6.526366
totalLATrepcloSTD;4;rep-f100-n180;nan
totalLATmin;4;rep-f100-n180;9.572917
totalLATmax;4;rep-f100-n180;15.287049
totalLATminSTD;4;rep-f100-n180;4.232868
totalLATmaxSTD;4;rep-f100-n180;4.052594
totalMSG;4;sin-f100-n180;151362
totalMSGsrcrep;4;sin-f100-n180;140864
totalMSGrepclo;4;sin-f100-n180;10498
totalLATrepclo;4;sin-f100-n180;8.393737
totalLATrepcloSTD;4;sin-f100-n180;nan
totalLATmin;4;sin-f100-n180;11.898431
totalLATmax;4;sin-f100-n180;11.898431
totalLATminSTD;4;sin-f100-n180;4.667880
totalLATmaxSTD;4;sin-f100-n180;4.667880
totalMSG;4;Fstrrep-f100-n180;454109
totalMSGsrcrep;4;Fstrrep-f100-n180;445081
totalMSGrepclo;4;Fstrrep-f100-n180;9028
totalLATrepclo;4;Fstrrep-f100-n180;6.754419
totalLATrepcloSTD;4;Fstrrep-f100-n180;0.650227
totalLATmin;4;Fstrrep-f100-n180;9.572917
totalLATmax;4;Fstrrep-f100-n180;13.870722
totalLATminSTD;4;Fstrrep-f100-n180;4.644065
totalLATmaxSTD;4;Fstrrep-f100-n180;3.705332
totalMSG;4;rep-f100-n200;518275
totalMSGsrcrep;4;rep-f100-n200;508636
totalMSGrepclo;4;rep-f100-n200;9639
totalLATrepclo;4;rep-f100-n200;6.035960
totalLATrepcloSTD;4;rep-f100-n200;nan
totalLATmin;4;rep-f100-n200;10.889838
totalLATmax;4;rep-f100-n200;14.730960
totalLATminSTD;4;rep-f100-n200;4.314936
totalLATmaxSTD;4;rep-f100-n200;4.165866
totalMSG;4;sin-f100-n200;176776
totalMSGsrcrep;4;sin-f100-n200;165873
totalMSGrepclo;4;sin-f100-n200;10903
totalLATrepclo;4;sin-f100-n200;5.471197
totalLATrepcloSTD;4;sin-f100-n200;0.279258
totalLATmin;4;sin-f100-n200;12.311165
totalLATmax;4;sin-f100-n200;12.311165
totalLATminSTD;4;sin-f100-n200;3.899197
totalLATmaxSTD;4;sin-f100-n200;3.899197
totalMSG;4;Fstrrep-f100-n200;493282
totalMSGsrcrep;4;Fstrrep-f100-n200;483560
totalMSGrepclo;4;Fstrrep-f100-n200;9722
totalLATrepclo;4;Fstrrep-f100-n200;5.859225
totalLATrepcloSTD;4;Fstrrep-f100-n200;nan
totalLATmin;4;Fstrrep-f100-n200;9.499386
totalLATmax;4;Fstrrep-f100-n200;14.681574
totalLATminSTD;4;Fstrrep-f100-n200;4.068712
totalLATmaxSTD;4;Fstrrep-f100-n200;3.582110
totalMSG;4;rep-f100-n220;608226
totalMSGsrcrep;4;rep-f100-n220;597060
totalMSGrepclo;4;rep-f100-n220;11166
totalLATrepclo;4;rep-f100-n220;6.294384
totalLATrepcloSTD;4;rep-f100-n220;nan
totalLATmin;4;rep-f100-n220;9.502585
totalLATmax;4;rep-f100-n220;15.516496
totalLATminSTD;4;rep-f100-n220;4.262327
totalLATmaxSTD;4;rep-f100-n220;4.251408
totalMSG;4;sin-f100-n220;211279
totalMSGsrcrep;4;sin-f100-n220;198029
totalMSGrepclo;4;sin-f100-n220;13250
totalLATrepclo;4;sin-f100-n220;7.192588
totalLATrepcloSTD;4;sin-f100-n220;0.581810
totalLATmin;4;sin-f100-n220;12.325023
totalLATmax;4;sin-f100-n220;12.325023
totalLATminSTD;4;sin-f100-n220;4.853925
totalLATmaxSTD;4;sin-f100-n220;4.853925
totalMSG;4;Fstrrep-f100-n220;594587
totalMSGsrcrep;4;Fstrrep-f100-n220;584130
totalMSGrepclo;4;Fstrrep-f100-n220;10457
totalLATrepclo;4;Fstrrep-f100-n220;5.542052
totalLATrepcloSTD;4;Fstrrep-f100-n220;0.872375
totalLATmin;4;Fstrrep-f100-n220;8.847431
totalLATmax;4;Fstrrep-f100-n220;14.244891
totalLATminSTD;4;Fstrrep-f100-n220;4.235617
totalLATmaxSTD;4;Fstrrep-f100-n220;4.489088
totalMSG;4;rep-f100-n240;623026
totalMSGsrcrep;4;rep-f100-n240;611747
totalMSGrepclo;4;rep-f100-n240;11279
totalLATrepclo;4;rep-f100-n240;6.530784
totalLATrepcloSTD;4;rep-f100-n240;nan
totalLATmin;4;rep-f100-n240;9.962285
totalLATmax;4;rep-f100-n240;15.079159
totalLATminSTD;4;rep-f100-n240;4.081425
totalLATmaxSTD;4;rep-f100-n240;4.019800
totalMSG;4;sin-f100-n240;187455
totalMSGsrcrep;4;sin-f100-n240;175719
totalMSGrepclo;4;sin-f100-n240;11736
totalLATrepclo;4;sin-f100-n240;5.429363
totalLATrepcloSTD;4;sin-f100-n240;nan
totalLATmin;4;sin-f100-n240;10.850555
totalLATmax;4;sin-f100-n240;10.850555
totalLATminSTD;4;sin-f100-n240;4.102080
totalLATmaxSTD;4;sin-f100-n240;4.102080
totalMSG;4;Fstrrep-f100-n240;634297
totalMSGsrcrep;4;Fstrrep-f100-n240;622826
totalMSGrepclo;4;Fstrrep-f100-n240;11471
totalLATrepclo;4;Fstrrep-f100-n240;6.404239
totalLATrepcloSTD;4;Fstrrep-f100-n240;1.579487
totalLATmin;4;Fstrrep-f100-n240;10.211025
totalLATmax;4;Fstrrep-f100-n240;15.206051
totalLATminSTD;4;Fstrrep-f100-n240;4.431315
totalLATmaxSTD;4;Fstrrep-f100-n240;4.261154
totalMSG;4;rep-f100-n260;649299
totalMSGsrcrep;4;rep-f100-n260;636928
totalMSGrepclo;4;rep-f100-n260;12371
totalLATrepclo;4;rep-f100-n260;88.148227
totalLATrepcloSTD;4;rep-f100-n260;nan
totalLATmin;4;rep-f100-n260;9.468540
totalLATmax;4;rep-f100-n260;13.834794
totalLATminSTD;4;rep-f100-n260;4.190858
totalLATmaxSTD;4;rep-f100-n260;3.851366
totalMSG;4;sin-f100-n260;207962
totalMSGsrcrep;4;sin-f100-n260;194612
totalMSGrepclo;4;sin-f100-n260;13350
totalLATrepclo;4;sin-f100-n260;5.742802
totalLATrepcloSTD;4;sin-f100-n260;0.620802
totalLATmin;4;sin-f100-n260;10.598730
totalLATmax;4;sin-f100-n260;10.598730
totalLATminSTD;4;sin-f100-n260;3.561201
totalLATmaxSTD;4;sin-f100-n260;3.561201
totalMSG;4;Fstrrep-f100-n260;640352
totalMSGsrcrep;4;Fstrrep-f100-n260;628922
totalMSGrepclo;4;Fstrrep-f100-n260;11430
totalLATrepclo;4;Fstrrep-f100-n260;74.392091
totalLATrepcloSTD;4;Fstrrep-f100-n260;nan
totalLATmin;4;Fstrrep-f100-n260;8.937510
totalLATmax;4;Fstrrep-f100-n260;13.557424
totalLATminSTD;4;Fstrrep-f100-n260;4.036419
totalLATmaxSTD;4;Fstrrep-f100-n260;4.034686
totalMSG;4;rep-f100-n280;693045
totalMSGsrcrep;4;rep-f100-n280;680198
totalMSGrepclo;4;rep-f100-n280;12847
totalLATrepclo;4;rep-f100-n280;5.283282
totalLATrepcloSTD;4;rep-f100-n280;0.668414
totalLATmin;4;rep-f100-n280;9.727275
totalLATmax;4;rep-f100-n280;14.734054
totalLATminSTD;4;rep-f100-n280;3.995126
totalLATmaxSTD;4;rep-f100-n280;4.163287
totalMSG;4;sin-f100-n280;220229
totalMSGsrcrep;4;sin-f100-n280;205204
totalMSGrepclo;4;sin-f100-n280;15025
totalLATrepclo;4;sin-f100-n280;6.369534
totalLATrepcloSTD;4;sin-f100-n280;nan
totalLATmin;4;sin-f100-n280;11.224511
totalLATmax;4;sin-f100-n280;11.224511
totalLATminSTD;4;sin-f100-n280;4.503511
totalLATmaxSTD;4;sin-f100-n280;4.503511
totalMSG;4;Fstrrep-f100-n280;694430
totalMSGsrcrep;4;Fstrrep-f100-n280;681901
totalMSGrepclo;4;Fstrrep-f100-n280;12529
totalLATrepclo;4;Fstrrep-f100-n280;5.021122
totalLATrepcloSTD;4;Fstrrep-f100-n280;0.613097
totalLATmin;4;Fstrrep-f100-n280;9.395247
totalLATmax;4;Fstrrep-f100-n280;14.718426
totalLATminSTD;4;Fstrrep-f100-n280;4.001740
totalLATmaxSTD;4;Fstrrep-f100-n280;4.055641
totalMSG;4;rep-f100-n300;728127
totalMSGsrcrep;4;rep-f100-n300;714139
totalMSGrepclo;4;rep-f100-n300;13988
totalLATrepclo;4;rep-f100-n300;4.679880
totalLATrepcloSTD;4;rep-f100-n300;0.456900
totalLATmin;4;rep-f100-n300;9.181115
totalLATmax;4;rep-f100-n300;12.862931
totalLATminSTD;4;rep-f100-n300;4.413669
totalLATmaxSTD;4;rep-f100-n300;4.800484
totalMSG;4;sin-f100-n300;229781
totalMSGsrcrep;4;sin-f100-n300;212417
totalMSGrepclo;4;sin-f100-n300;17364
totalLATrepclo;4;sin-f100-n300;5.309432
totalLATrepcloSTD;4;sin-f100-n300;nan
totalLATmin;4;sin-f100-n300;9.633522
totalLATmax;4;sin-f100-n300;9.633522
totalLATminSTD;4;sin-f100-n300;4.508808
totalLATmaxSTD;4;sin-f100-n300;4.508808
totalMSG;4;Fstrrep-f100-n300;739810
totalMSGsrcrep;4;Fstrrep-f100-n300;725432
totalMSGrepclo;4;Fstrrep-f100-n300;14378
totalLATrepclo;4;Fstrrep-f100-n300;5.471776
totalLATrepcloSTD;4;Fstrrep-f100-n300;nan
totalLATmin;4;Fstrrep-f100-n300;8.887583
totalLATmax;4;Fstrrep-f100-n300;13.124376
totalLATminSTD;4;Fstrrep-f100-n300;4.517814
totalLATmaxSTD;4;Fstrrep-f100-n300;4.924646
