id,type,src,dst,app,latency,message,ctime,size,buffer
1,LINK,1,0,0,1.00002,M.USER.APP.0,100,20,0
2,LINK,2,0,1,1.00002,M.USER.APP.1,100,20,1
3,LINK,3,2,2,1.00002,M.USER.APP.2,100,20,2
4,LINK,4,0,3,1.00002,M.USER.APP.3,100,20,3
3,LINK,2,0,2,1.00002,M.USER.APP.2,101.00002,20,0
5,LINK,1,0,0,1.00002,M.USER.APP.0,200,20,0
6,LINK,2,0,1,1.00002,M.USER.APP.1,200,20,1
7,LINK,3,2,2,1.00002,M.USER.APP.2,200,20,2
8,LINK,4,0,3,1.00002,M.USER.APP.3,200,20,3
7,LINK,2,0,2,1.00002,M.USER.APP.2,201.00002,20,0
9,LINK,1,0,0,1.00002,M.USER.APP.0,300,20,0
10,LINK,2,0,1,1.00002,M.USER.APP.1,300,20,1
11,LINK,3,2,2,1.00002,M.USER.APP.2,300,20,2
12,LINK,4,0,3,1.00002,M.USER.APP.3,300,20,3
11,LINK,2,0,2,1.00002,M.USER.APP.2,301.00002,20,0
13,LINK,1,0,0,1.00002,M.USER.APP.0,400,20,0
14,LINK,2,0,1,1.00002,M.USER.APP.1,400,20,1
15,LINK,3,2,2,1.00002,M.USER.APP.2,400,20,2
16,LINK,4,0,3,1.00002,M.USER.APP.3,400,20,3
15,LINK,2,0,2,1.00002,M.USER.APP.2,401.00002,20,0
17,LINK,1,0,0,1.00002,M.USER.APP.0,500,20,0
18,LINK,2,0,1,1.00002,M.USER.APP.1,500,20,1
19,LINK,3,2,2,1.00002,M.USER.APP.2,500,20,2
20,LINK,4,0,3,1.00002,M.USER.APP.3,500,20,3
19,LINK,2,0,2,1.00002,M.USER.APP.2,501.00002,20,0
21,LINK,1,0,0,1.00002,M.USER.APP.0,600,20,0
22,LINK,2,0,1,1.00002,M.USER.APP.1,600,20,1
23,LINK,3,2,2,1.00002,M.USER.APP.2,600,20,2
24,LINK,4,0,3,1.00002,M.USER.APP.3,600,20,3
23,LINK,2,0,2,1.00002,M.USER.APP.2,601.00002,20,0
25,LINK,1,0,0,1.00002,M.USER.APP.0,700,20,0
26,LINK,2,0,1,1.00002,M.USER.APP.1,700,20,1
27,LINK,3,2,2,1.00002,M.USER.APP.2,700,20,2
28,LINK,4,0,3,1.00002,M.USER.APP.3,700,20,3
27,LINK,2,0,2,1.00002,M.USER.APP.2,701.00002,20,0
29,LINK,1,0,0,1.00002,M.USER.APP.0,800,20,0
30,LINK,2,0,1,1.00002,M.USER.APP.1,800,20,1
31,LINK,3,2,2,1.00002,M.USER.APP.2,800,20,2
32,LINK,4,0,3,1.00002,M.USER.APP.3,800,20,3
31,LINK,2,0,2,1.00002,M.USER.APP.2,801.00002,20,0
33,LINK,1,0,0,1.00002,M.USER.APP.0,900,20,0
34,LINK,2,0,1,1.00002,M.USER.APP.1,900,20,1
35,LINK,3,2,2,1.00002,M.USER.APP.2,900,20,2
36,LINK,4,0,3,1.00002,M.USER.APP.3,900,20,3
35,LINK,2,0,2,1.00002,M.USER.APP.2,901.00002,20,0
37,LINK,1,0,0,1.00002,M.USER.APP.0,1000,20,0
38,LINK,2,0,1,1.00002,M.USER.APP.1,1000,20,1
39,LINK,3,2,2,1.00002,M.USER.APP.2,1000,20,2
40,LINK,4,0,3,1.00002,M.USER.APP.3,1000,20,3
39,LINK,2,0,2,1.00002,M.USER.APP.2,1001.00002,20,0
41,LINK,1,0,0,1.00002,M.USER.APP.0,1100,20,0
42,LINK,2,0,1,1.00002,M.USER.APP.1,1100,20,1
43,LINK,3,2,2,1.00002,M.USER.APP.2,1100,20,2
44,LINK,4,0,3,1.00002,M.USER.APP.3,1100,20,3
43,LINK,2,0,2,1.00002,M.USER.APP.2,1101.00002,20,0
45,LINK,1,0,0,1.00002,M.USER.APP.0,1200,20,0
46,LINK,2,0,1,1.00002,M.USER.APP.1,1200,20,1
47,LINK,3,2,2,1.00002,M.USER.APP.2,1200,20,2
48,LINK,4,0,3,1.00002,M.USER.APP.3,1200,20,3
47,LINK,2,0,2,1.00002,M.USER.APP.2,1201.00002,20,0
49,LINK,1,0,0,1.00002,M.USER.APP.0,1300,20,0
50,LINK,2,0,1,1.00002,M.USER.APP.1,1300,20,1
51,LINK,3,2,2,1.00002,M.USER.APP.2,1300,20,2
52,LINK,4,0,3,1.00002,M.USER.APP.3,1300,20,3
51,LINK,2,0,2,1.00002,M.USER.APP.2,1301.00002,20,0
53,LINK,1,0,0,1.00002,M.USER.APP.0,1400,20,0
54,LINK,2,0,1,1.00002,M.USER.APP.1,1400,20,1
55,LINK,3,2,2,1.00002,M.USER.APP.2,1400,20,2
56,LINK,4,0,3,1.00002,M.USER.APP.3,1400,20,3
55,LINK,2,0,2,1.00002,M.USER.APP.2,1401.00002,20,0
57,LINK,1,0,0,1.00002,M.USER.APP.0,1500,20,0
58,LINK,2,0,1,1.00002,M.USER.APP.1,1500,20,1
59,LINK,3,2,2,1.00002,M.USER.APP.2,1500,20,2
60,LINK,4,0,3,1.00002,M.USER.APP.3,1500,20,3
59,LINK,2,0,2,1.00002,M.USER.APP.2,1501.00002,20,0
61,LINK,1,0,0,1.00002,M.USER.APP.0,1600,20,0
62,LINK,2,0,1,1.00002,M.USER.APP.1,1600,20,1
63,LINK,3,2,2,1.00002,M.USER.APP.2,1600,20,2
64,LINK,4,0,3,1.00002,M.USER.APP.3,1600,20,3
63,LINK,2,0,2,1.00002,M.USER.APP.2,1601.00002,20,0
65,LINK,1,0,0,1.00002,M.USER.APP.0,1700,20,0
66,LINK,2,0,1,1.00002,M.USER.APP.1,1700,20,1
67,LINK,3,2,2,1.00002,M.USER.APP.2,1700,20,2
68,LINK,4,0,3,1.00002,M.USER.APP.3,1700,20,3
67,LINK,2,0,2,1.00002,M.USER.APP.2,1701.00002,20,0
69,LINK,1,0,0,1.00002,M.USER.APP.0,1800,20,0
70,LINK,2,0,1,1.00002,M.USER.APP.1,1800,20,1
71,LINK,3,2,2,1.00002,M.USER.APP.2,1800,20,2
72,LINK,4,0,3,1.00002,M.USER.APP.3,1800,20,3
71,LINK,2,0,2,1.00002,M.USER.APP.2,1801.00002,20,0
73,LINK,1,0,0,1.00002,M.USER.APP.0,1900,20,0
74,LINK,2,0,1,1.00002,M.USER.APP.1,1900,20,1
75,LINK,3,2,2,1.00002,M.USER.APP.2,1900,20,2
76,LINK,4,0,3,1.00002,M.USER.APP.3,1900,20,3
75,LINK,2,0,2,1.00002,M.USER.APP.2,1901.00002,20,0
77,LINK,1,0,0,1.00002,M.USER.APP.0,2000,20,0
78,LINK,2,0,1,1.00002,M.USER.APP.1,2000,20,1
79,LINK,3,2,2,1.00002,M.USER.APP.2,2000,20,2
80,LINK,4,0,3,1.00002,M.USER.APP.3,2000,20,3
79,LINK,2,0,2,1.00002,M.USER.APP.2,2001.00002,20,0
81,LINK,1,0,0,1.00002,M.USER.APP.0,2100,20,0
82,LINK,2,0,1,1.00002,M.USER.APP.1,2100,20,1
83,LINK,3,2,2,1.00002,M.USER.APP.2,2100,20,2
84,LINK,4,0,3,1.00002,M.USER.APP.3,2100,20,3
83,LINK,2,0,2,1.00002,M.USER.APP.2,2101.00002,20,0
85,LINK,1,0,0,1.00002,M.USER.APP.0,2200,20,0
86,LINK,2,0,1,1.00002,M.USER.APP.1,2200,20,1
87,LINK,3,2,2,1.00002,M.USER.APP.2,2200,20,2
88,LINK,4,0,3,1.00002,M.USER.APP.3,2200,20,3
87,LINK,2,0,2,1.00002,M.USER.APP.2,2201.00002,20,0
89,LINK,1,0,0,1.00002,M.USER.APP.0,2300,20,0
90,LINK,2,0,1,1.00002,M.USER.APP.1,2300,20,1
91,LINK,3,2,2,1.00002,M.USER.APP.2,2300,20,2
92,LINK,4,0,3,1.00002,M.USER.APP.3,2300,20,3
91,LINK,2,0,2,1.00002,M.USER.APP.2,2301.00002,20,0
93,LINK,1,0,0,1.00002,M.USER.APP.0,2400,20,0
94,LINK,2,0,1,1.00002,M.USER.APP.1,2400,20,1
95,LINK,3,2,2,1.00002,M.USER.APP.2,2400,20,2
96,LINK,4,0,3,1.00002,M.USER.APP.3,2400,20,3
95,LINK,2,0,2,1.00002,M.USER.APP.2,2401.00002,20,0
97,LINK,1,0,0,1.00002,M.USER.APP.0,2500,20,0
98,LINK,2,0,1,1.00002,M.USER.APP.1,2500,20,1
99,LINK,3,2,2,1.00002,M.USER.APP.2,2500,20,2
100,LINK,4,0,3,1.00002,M.USER.APP.3,2500,20,3
99,LINK,2,0,2,1.00002,M.USER.APP.2,2501.00002,20,0
101,LINK,1,0,0,1.00002,M.USER.APP.0,2600,20,0
102,LINK,2,0,1,1.00002,M.USER.APP.1,2600,20,1
103,LINK,3,2,2,1.00002,M.USER.APP.2,2600,20,2
104,LINK,4,0,3,1.00002,M.USER.APP.3,2600,20,3
103,LINK,2,0,2,1.00002,M.USER.APP.2,2601.00002,20,0
105,LINK,1,0,0,1.00002,M.USER.APP.0,2700,20,0
106,LINK,2,0,1,1.00002,M.USER.APP.1,2700,20,1
107,LINK,3,2,2,1.00002,M.USER.APP.2,2700,20,2
108,LINK,4,0,3,1.00002,M.USER.APP.3,2700,20,3
107,LINK,2,0,2,1.00002,M.USER.APP.2,2701.00002,20,0
109,LINK,1,0,0,1.00002,M.USER.APP.0,2800,20,0
110,LINK,2,0,1,1.00002,M.USER.APP.1,2800,20,1
111,LINK,3,2,2,1.00002,M.USER.APP.2,2800,20,2
112,LINK,4,0,3,1.00002,M.USER.APP.3,2800,20,3
111,LINK,2,0,2,1.00002,M.USER.APP.2,2801.00002,20,0
113,LINK,1,0,0,1.00002,M.USER.APP.0,2900,20,0
114,LINK,2,0,1,1.00002,M.USER.APP.1,2900,20,1
115,LINK,3,2,2,1.00002,M.USER.APP.2,2900,20,2
116,LINK,4,0,3,1.00002,M.USER.APP.3,2900,20,3
115,LINK,2,0,2,1.00002,M.USER.APP.2,2901.00002,20,0
117,LINK,1,0,0,1.00002,M.USER.APP.0,3000,20,0
118,LINK,2,0,1,1.00002,M.USER.APP.1,3000,20,1
119,LINK,3,2,2,1.00002,M.USER.APP.2,3000,20,2
120,LINK,4,0,3,1.00002,M.USER.APP.3,3000,20,3
119,LINK,2,0,2,1.00002,M.USER.APP.2,3001.00002,20,0
121,LINK,1,0,0,1.00002,M.USER.APP.0,3100,20,0
122,LINK,2,0,1,1.00002,M.USER.APP.1,3100,20,1
123,LINK,3,2,2,1.00002,M.USER.APP.2,3100,20,2
124,LINK,4,0,3,1.00002,M.USER.APP.3,3100,20,3
123,LINK,2,0,2,1.00002,M.USER.APP.2,3101.00002,20,0
125,LINK,1,0,0,1.00002,M.USER.APP.0,3200,20,0
126,LINK,2,0,1,1.00002,M.USER.APP.1,3200,20,1
127,LINK,3,2,2,1.00002,M.USER.APP.2,3200,20,2
128,LINK,4,0,3,1.00002,M.USER.APP.3,3200,20,3
127,LINK,2,0,2,1.00002,M.USER.APP.2,3201.00002,20,0
129,LINK,1,0,0,1.00002,M.USER.APP.0,3300,20,0
130,LINK,2,0,1,1.00002,M.USER.APP.1,3300,20,1
131,LINK,3,2,2,1.00002,M.USER.APP.2,3300,20,2
132,LINK,4,0,3,1.00002,M.USER.APP.3,3300,20,3
131,LINK,2,0,2,1.00002,M.USER.APP.2,3301.00002,20,0
133,LINK,1,0,0,1.00002,M.USER.APP.0,3400,20,0
134,LINK,2,0,1,1.00002,M.USER.APP.1,3400,20,1
135,LINK,3,2,2,1.00002,M.USER.APP.2,3400,20,2
136,LINK,4,0,3,1.00002,M.USER.APP.3,3400,20,3
135,LINK,2,0,2,1.00002,M.USER.APP.2,3401.00002,20,0
137,LINK,1,0,0,1.00002,M.USER.APP.0,3500,20,0
138,LINK,2,0,1,1.00002,M.USER.APP.1,3500,20,1
139,LINK,3,2,2,1.00002,M.USER.APP.2,3500,20,2
140,LINK,4,0,3,1.00002,M.USER.APP.3,3500,20,3
139,LINK,2,0,2,1.00002,M.USER.APP.2,3501.00002,20,0
141,LINK,1,0,0,1.00002,M.USER.APP.0,3600,20,0
142,LINK,2,0,1,1.00002,M.USER.APP.1,3600,20,1
143,LINK,3,2,2,1.00002,M.USER.APP.2,3600,20,2
144,LINK,4,0,3,1.00002,M.USER.APP.3,3600,20,3
143,LINK,2,0,2,1.00002,M.USER.APP.2,3601.00002,20,0
145,LINK,1,0,0,1.00002,M.USER.APP.0,3700,20,0
146,LINK,2,0,1,1.00002,M.USER.APP.1,3700,20,1
147,LINK,3,2,2,1.00002,M.USER.APP.2,3700,20,2
148,LINK,4,0,3,1.00002,M.USER.APP.3,3700,20,3
147,LINK,2,0,2,1.00002,M.USER.APP.2,3701.00002,20,0
149,LINK,1,0,0,1.00002,M.USER.APP.0,3800,20,0
150,LINK,2,0,1,1.00002,M.USER.APP.1,3800,20,1
151,LINK,3,2,2,1.00002,M.USER.APP.2,3800,20,2
152,LINK,4,0,3,1.00002,M.USER.APP.3,3800,20,3
151,LINK,2,0,2,1.00002,M.USER.APP.2,3801.00002,20,0
153,LINK,1,0,0,1.00002,M.USER.APP.0,3900,20,0
154,LINK,2,0,1,1.00002,M.USER.APP.1,3900,20,1
155,LINK,3,2,2,1.00002,M.USER.APP.2,3900,20,2
156,LINK,4,0,3,1.00002,M.USER.APP.3,3900,20,3
155,LINK,2,0,2,1.00002,M.USER.APP.2,3901.00002,20,0
157,LINK,1,0,0,1.00002,M.USER.APP.0,4000,20,0
158,LINK,2,0,1,1.00002,M.USER.APP.1,4000,20,1
159,LINK,3,2,2,1.00002,M.USER.APP.2,4000,20,2
160,LINK,4,0,3,1.00002,M.USER.APP.3,4000,20,3
159,LINK,2,0,2,1.00002,M.USER.APP.2,4001.00002,20,0
161,LINK,1,0,0,1.00002,M.USER.APP.0,4100,20,0
162,LINK,2,0,1,1.00002,M.USER.APP.1,4100,20,1
163,LINK,3,2,2,1.00002,M.USER.APP.2,4100,20,2
164,LINK,4,0,3,1.00002,M.USER.APP.3,4100,20,3
163,LINK,2,0,2,1.00002,M.USER.APP.2,4101.00002,20,0
165,LINK,1,0,0,1.00002,M.USER.APP.0,4200,20,0
166,LINK,2,0,1,1.00002,M.USER.APP.1,4200,20,1
167,LINK,3,2,2,1.00002,M.USER.APP.2,4200,20,2
168,LINK,4,0,3,1.00002,M.USER.APP.3,4200,20,3
167,LINK,2,0,2,1.00002,M.USER.APP.2,4201.00002,20,0
169,LINK,1,0,0,1.00002,M.USER.APP.0,4300,20,0
170,LINK,2,0,1,1.00002,M.USER.APP.1,4300,20,1
171,LINK,3,2,2,1.00002,M.USER.APP.2,4300,20,2
172,LINK,4,0,3,1.00002,M.USER.APP.3,4300,20,3
171,LINK,2,0,2,1.00002,M.USER.APP.2,4301.00002,20,0
173,LINK,1,0,0,1.00002,M.USER.APP.0,4400,20,0
174,LINK,2,0,1,1.00002,M.USER.APP.1,4400,20,1
175,LINK,3,2,2,1.00002,M.USER.APP.2,4400,20,2
176,LINK,4,0,3,1.00002,M.USER.APP.3,4400,20,3
175,LINK,2,0,2,1.00002,M.USER.APP.2,4401.00002,20,0
177,LINK,1,0,0,1.00002,M.USER.APP.0,4500,20,0
178,LINK,2,0,1,1.00002,M.USER.APP.1,4500,20,1
179,LINK,3,2,2,1.00002,M.USER.APP.2,4500,20,2
180,LINK,4,0,3,1.00002,M.USER.APP.3,4500,20,3
179,LINK,2,0,2,1.00002,M.USER.APP.2,4501.00002,20,0
181,LINK,1,0,0,1.00002,M.USER.APP.0,4600,20,0
182,LINK,2,0,1,1.00002,M.USER.APP.1,4600,20,1
183,LINK,3,2,2,1.00002,M.USER.APP.2,4600,20,2
184,LINK,4,0,3,1.00002,M.USER.APP.3,4600,20,3
183,LINK,2,0,2,1.00002,M.USER.APP.2,4601.00002,20,0
185,LINK,1,0,0,1.00002,M.USER.APP.0,4700,20,0
186,LINK,2,0,1,1.00002,M.USER.APP.1,4700,20,1
187,LINK,3,2,2,1.00002,M.USER.APP.2,4700,20,2
188,LINK,4,0,3,1.00002,M.USER.APP.3,4700,20,3
187,LINK,2,0,2,1.00002,M.USER.APP.2,4701.00002,20,0
189,LINK,1,0,0,1.00002,M.USER.APP.0,4800,20,0
190,LINK,2,0,1,1.00002,M.USER.APP.1,4800,20,1
191,LINK,3,2,2,1.00002,M.USER.APP.2,4800,20,2
192,LINK,4,0,3,1.00002,M.USER.APP.3,4800,20,3
191,LINK,2,0,2,1.00002,M.USER.APP.2,4801.00002,20,0
193,LINK,1,0,0,1.00002,M.USER.APP.0,4900,20,0
194,LINK,2,0,1,1.00002,M.USER.APP.1,4900,20,1
195,LINK,3,2,2,1.00002,M.USER.APP.2,4900,20,2
196,LINK,4,0,3,1.00002,M.USER.APP.3,4900,20,3
195,LINK,2,0,2,1.00002,M.USER.APP.2,4901.00002,20,0
197,LINK,1,0,0,1.00002,M.USER.APP.0,5000,20,0
198,LINK,2,0,1,1.00002,M.USER.APP.1,5000,20,1
199,LINK,3,2,2,1.00002,M.USER.APP.2,5000,20,2
200,LINK,4,0,3,1.00002,M.USER.APP.3,5000,20,3
199,LINK,2,0,2,1.00002,M.USER.APP.2,5001.00002,20,0
201,LINK,1,0,0,1.00002,M.USER.APP.0,5100,20,0
202,LINK,2,0,1,1.00002,M.USER.APP.1,5100,20,1
203,LINK,3,2,2,1.00002,M.USER.APP.2,5100,20,2
204,LINK,4,0,3,1.00002,M.USER.APP.3,5100,20,3
203,LINK,2,0,2,1.00002,M.USER.APP.2,5101.00002,20,0
205,LINK,1,0,0,1.00002,M.USER.APP.0,5200,20,0
206,LINK,2,0,1,1.00002,M.USER.APP.1,5200,20,1
207,LINK,3,2,2,1.00002,M.USER.APP.2,5200,20,2
208,LINK,4,0,3,1.00002,M.USER.APP.3,5200,20,3
207,LINK,2,0,2,1.00002,M.USER.APP.2,5201.00002,20,0
209,LINK,1,0,0,1.00002,M.USER.APP.0,5300,20,0
210,LINK,2,0,1,1.00002,M.USER.APP.1,5300,20,1
211,LINK,3,2,2,1.00002,M.USER.APP.2,5300,20,2
212,LINK,4,0,3,1.00002,M.USER.APP.3,5300,20,3
211,LINK,2,0,2,1.00002,M.USER.APP.2,5301.00002,20,0
213,LINK,1,0,0,1.00002,M.USER.APP.0,5400,20,0
214,LINK,2,0,1,1.00002,M.USER.APP.1,5400,20,1
215,LINK,3,2,2,1.00002,M.USER.APP.2,5400,20,2
216,LINK,4,0,3,1.00002,M.USER.APP.3,5400,20,3
215,LINK,2,0,2,1.00002,M.USER.APP.2,5401.00002,20,0
217,LINK,1,0,0,1.00002,M.USER.APP.0,5500,20,0
218,LINK,2,0,1,1.00002,M.USER.APP.1,5500,20,1
219,LINK,3,2,2,1.00002,M.USER.APP.2,5500,20,2
220,LINK,4,0,3,1.00002,M.USER.APP.3,5500,20,3
219,LINK,2,0,2,1.00002,M.USER.APP.2,5501.00002,20,0
221,LINK,1,0,0,1.00002,M.USER.APP.0,5600,20,0
222,LINK,2,0,1,1.00002,M.USER.APP.1,5600,20,1
223,LINK,3,2,2,1.00002,M.USER.APP.2,5600,20,2
224,LINK,4,0,3,1.00002,M.USER.APP.3,5600,20,3
223,LINK,2,0,2,1.00002,M.USER.APP.2,5601.00002,20,0
225,LINK,1,0,0,1.00002,M.USER.APP.0,5700,20,0
226,LINK,2,0,1,1.00002,M.USER.APP.1,5700,20,1
227,LINK,3,2,2,1.00002,M.USER.APP.2,5700,20,2
228,LINK,4,0,3,1.00002,M.USER.APP.3,5700,20,3
227,LINK,2,0,2,1.00002,M.USER.APP.2,5701.00002,20,0
229,LINK,1,0,0,1.00002,M.USER.APP.0,5800,20,0
230,LINK,2,0,1,1.00002,M.USER.APP.1,5800,20,1
231,LINK,3,2,2,1.00002,M.USER.APP.2,5800,20,2
232,LINK,4,0,3,1.00002,M.USER.APP.3,5800,20,3
231,LINK,2,0,2,1.00002,M.USER.APP.2,5801.00002,20,0
233,LINK,1,0,0,1.00002,M.USER.APP.0,5900,20,0
234,LINK,2,0,1,1.00002,M.USER.APP.1,5900,20,1
235,LINK,3,2,2,1.00002,M.USER.APP.2,5900,20,2
236,LINK,4,0,3,1.00002,M.USER.APP.3,5900,20,3
235,LINK,2,0,2,1.00002,M.USER.APP.2,5901.00002,20,0
237,LINK,1,0,0,1.00002,M.USER.APP.0,6000,20,0
238,LINK,2,0,1,1.00002,M.USER.APP.1,6000,20,1
239,LINK,3,2,2,1.00002,M.USER.APP.2,6000,20,2
240,LINK,4,0,3,1.00002,M.USER.APP.3,6000,20,3
239,LINK,2,0,2,1.00002,M.USER.APP.2,6001.00002,20,0
241,LINK,1,0,0,1.00002,M.USER.APP.0,6100,20,0
242,LINK,2,0,1,1.00002,M.USER.APP.1,6100,20,1
243,LINK,3,2,2,1.00002,M.USER.APP.2,6100,20,2
244,LINK,4,0,3,1.00002,M.USER.APP.3,6100,20,3
243,LINK,2,0,2,1.00002,M.USER.APP.2,6101.00002,20,0
245,LINK,1,0,0,1.00002,M.USER.APP.0,6200,20,0
246,LINK,2,0,1,1.00002,M.USER.APP.1,6200,20,1
247,LINK,3,2,2,1.00002,M.USER.APP.2,6200,20,2
248,LINK,4,0,3,1.00002,M.USER.APP.3,6200,20,3
247,LINK,2,0,2,1.00002,M.USER.APP.2,6201.00002,20,0
249,LINK,1,0,0,1.00002,M.USER.APP.0,6300,20,0
250,LINK,2,0,1,1.00002,M.USER.APP.1,6300,20,1
251,LINK,3,2,2,1.00002,M.USER.APP.2,6300,20,2
252,LINK,4,0,3,1.00002,M.USER.APP.3,6300,20,3
251,LINK,2,0,2,1.00002,M.USER.APP.2,6301.00002,20,0
253,LINK,1,0,0,1.00002,M.USER.APP.0,6400,20,0
254,LINK,2,0,1,1.00002,M.USER.APP.1,6400,20,1
255,LINK,3,2,2,1.00002,M.USER.APP.2,6400,20,2
256,LINK,4,0,3,1.00002,M.USER.APP.3,6400,20,3
255,LINK,2,0,2,1.00002,M.USER.APP.2,6401.00002,20,0
257,LINK,1,0,0,1.00002,M.USER.APP.0,6500,20,0
258,LINK,2,0,1,1.00002,M.USER.APP.1,6500,20,1
259,LINK,3,2,2,1.00002,M.USER.APP.2,6500,20,2
260,LINK,4,0,3,1.00002,M.USER.APP.3,6500,20,3
259,LINK,2,0,2,1.00002,M.USER.APP.2,6501.00002,20,0
261,LINK,1,0,0,1.00002,M.USER.APP.0,6600,20,0
262,LINK,2,0,1,1.00002,M.USER.APP.1,6600,20,1
263,LINK,3,2,2,1.00002,M.USER.APP.2,6600,20,2
264,LINK,4,0,3,1.00002,M.USER.APP.3,6600,20,3
263,LINK,2,0,2,1.00002,M.USER.APP.2,6601.00002,20,0
265,LINK,1,0,0,1.00002,M.USER.APP.0,6700,20,0
266,LINK,2,0,1,1.00002,M.USER.APP.1,6700,20,1
267,LINK,3,2,2,1.00002,M.USER.APP.2,6700,20,2
268,LINK,4,0,3,1.00002,M.USER.APP.3,6700,20,3
267,LINK,2,0,2,1.00002,M.USER.APP.2,6701.00002,20,0
269,LINK,1,0,0,1.00002,M.USER.APP.0,6800,20,0
270,LINK,2,0,1,1.00002,M.USER.APP.1,6800,20,1
271,LINK,3,2,2,1.00002,M.USER.APP.2,6800,20,2
272,LINK,4,0,3,1.00002,M.USER.APP.3,6800,20,3
271,LINK,2,0,2,1.00002,M.USER.APP.2,6801.00002,20,0
273,LINK,1,0,0,1.00002,M.USER.APP.0,6900,20,0
274,LINK,2,0,1,1.00002,M.USER.APP.1,6900,20,1
275,LINK,3,2,2,1.00002,M.USER.APP.2,6900,20,2
276,LINK,4,0,3,1.00002,M.USER.APP.3,6900,20,3
275,LINK,2,0,2,1.00002,M.USER.APP.2,6901.00002,20,0
277,LINK,1,0,0,1.00002,M.USER.APP.0,7000,20,0
278,LINK,2,0,1,1.00002,M.USER.APP.1,7000,20,1
279,LINK,3,2,2,1.00002,M.USER.APP.2,7000,20,2
280,LINK,4,0,3,1.00002,M.USER.APP.3,7000,20,3
279,LINK,2,0,2,1.00002,M.USER.APP.2,7001.00002,20,0
281,LINK,1,0,0,1.00002,M.USER.APP.0,7100,20,0
282,LINK,2,0,1,1.00002,M.USER.APP.1,7100,20,1
283,LINK,3,2,2,1.00002,M.USER.APP.2,7100,20,2
284,LINK,4,0,3,1.00002,M.USER.APP.3,7100,20,3
283,LINK,2,0,2,1.00002,M.USER.APP.2,7101.00002,20,0
285,LINK,1,0,0,1.00002,M.USER.APP.0,7200,20,0
286,LINK,2,0,1,1.00002,M.USER.APP.1,7200,20,1
287,LINK,3,2,2,1.00002,M.USER.APP.2,7200,20,2
288,LINK,4,0,3,1.00002,M.USER.APP.3,7200,20,3
287,LINK,2,0,2,1.00002,M.USER.APP.2,7201.00002,20,0
289,LINK,1,0,0,1.00002,M.USER.APP.0,7300,20,0
290,LINK,2,0,1,1.00002,M.USER.APP.1,7300,20,1
291,LINK,3,2,2,1.00002,M.USER.APP.2,7300,20,2
292,LINK,4,0,3,1.00002,M.USER.APP.3,7300,20,3
291,LINK,2,0,2,1.00002,M.USER.APP.2,7301.00002,20,0
293,LINK,1,0,0,1.00002,M.USER.APP.0,7400,20,0
294,LINK,2,0,1,1.00002,M.USER.APP.1,7400,20,1
295,LINK,3,2,2,1.00002,M.USER.APP.2,7400,20,2
296,LINK,4,0,3,1.00002,M.USER.APP.3,7400,20,3
295,LINK,2,0,2,1.00002,M.USER.APP.2,7401.00002,20,0
297,LINK,1,0,0,1.00002,M.USER.APP.0,7500,20,0
298,LINK,2,0,1,1.00002,M.USER.APP.1,7500,20,1
299,LINK,3,2,2,1.00002,M.USER.APP.2,7500,20,2
300,LINK,4,0,3,1.00002,M.USER.APP.3,7500,20,3
299,LINK,2,0,2,1.00002,M.USER.APP.2,7501.00002,20,0
301,LINK,1,0,0,1.00002,M.USER.APP.0,7600,20,0
302,LINK,2,0,1,1.00002,M.USER.APP.1,7600,20,1
303,LINK,3,2,2,1.00002,M.USER.APP.2,7600,20,2
304,LINK,4,0,3,1.00002,M.USER.APP.3,7600,20,3
303,LINK,2,0,2,1.00002,M.USER.APP.2,7601.00002,20,0
305,LINK,1,0,0,1.00002,M.USER.APP.0,7700,20,0
306,LINK,2,0,1,1.00002,M.USER.APP.1,7700,20,1
307,LINK,3,2,2,1.00002,M.USER.APP.2,7700,20,2
308,LINK,4,0,3,1.00002,M.USER.APP.3,7700,20,3
307,LINK,2,0,2,1.00002,M.USER.APP.2,7701.00002,20,0
309,LINK,1,0,0,1.00002,M.USER.APP.0,7800,20,0
310,LINK,2,0,1,1.00002,M.USER.APP.1,7800,20,1
311,LINK,3,2,2,1.00002,M.USER.APP.2,7800,20,2
312,LINK,4,0,3,1.00002,M.USER.APP.3,7800,20,3
311,LINK,2,0,2,1.00002,M.USER.APP.2,7801.00002,20,0
313,LINK,1,0,0,1.00002,M.USER.APP.0,7900,20,0
314,LINK,2,0,1,1.00002,M.USER.APP.1,7900,20,1
315,LINK,3,2,2,1.00002,M.USER.APP.2,7900,20,2
316,LINK,4,0,3,1.00002,M.USER.APP.3,7900,20,3
315,LINK,2,0,2,1.00002,M.USER.APP.2,7901.00002,20,0
317,LINK,1,0,0,1.00002,M.USER.APP.0,8000,20,0
318,LINK,2,0,1,1.00002,M.USER.APP.1,8000,20,1
319,LINK,3,2,2,1.00002,M.USER.APP.2,8000,20,2
320,LINK,4,0,3,1.00002,M.USER.APP.3,8000,20,3
319,LINK,2,0,2,1.00002,M.USER.APP.2,8001.00002,20,0
321,LINK,1,0,0,1.00002,M.USER.APP.0,8100,20,0
322,LINK,2,0,1,1.00002,M.USER.APP.1,8100,20,1
323,LINK,3,2,2,1.00002,M.USER.APP.2,8100,20,2
324,LINK,4,0,3,1.00002,M.USER.APP.3,8100,20,3
323,LINK,2,0,2,1.00002,M.USER.APP.2,8101.00002,20,0
325,LINK,1,0,0,1.00002,M.USER.APP.0,8200,20,0
326,LINK,2,0,1,1.00002,M.USER.APP.1,8200,20,1
327,LINK,3,2,2,1.00002,M.USER.APP.2,8200,20,2
328,LINK,4,0,3,1.00002,M.USER.APP.3,8200,20,3
327,LINK,2,0,2,1.00002,M.USER.APP.2,8201.00002,20,0
329,LINK,1,0,0,1.00002,M.USER.APP.0,8300,20,0
330,LINK,2,0,1,1.00002,M.USER.APP.1,8300,20,1
331,LINK,3,2,2,1.00002,M.USER.APP.2,8300,20,2
332,LINK,4,0,3,1.00002,M.USER.APP.3,8300,20,3
331,LINK,2,0,2,1.00002,M.USER.APP.2,8301.00002,20,0
333,LINK,1,0,0,1.00002,M.USER.APP.0,8400,20,0
334,LINK,2,0,1,1.00002,M.USER.APP.1,8400,20,1
335,LINK,3,2,2,1.00002,M.USER.APP.2,8400,20,2
336,LINK,4,0,3,1.00002,M.USER.APP.3,8400,20,3
335,LINK,2,0,2,1.00002,M.USER.APP.2,8401.00002,20,0
337,LINK,1,0,0,1.00002,M.USER.APP.0,8500,20,0
338,LINK,2,0,1,1.00002,M.USER.APP.1,8500,20,1
339,LINK,3,2,2,1.00002,M.USER.APP.2,8500,20,2
340,LINK,4,0,3,1.00002,M.USER.APP.3,8500,20,3
339,LINK,2,0,2,1.00002,M.USER.APP.2,8501.00002,20,0
341,LINK,1,0,0,1.00002,M.USER.APP.0,8600,20,0
342,LINK,2,0,1,1.00002,M.USER.APP.1,8600,20,1
343,LINK,3,2,2,1.00002,M.USER.APP.2,8600,20,2
344,LINK,4,0,3,1.00002,M.USER.APP.3,8600,20,3
343,LINK,2,0,2,1.00002,M.USER.APP.2,8601.00002,20,0
345,LINK,1,0,0,1.00002,M.USER.APP.0,8700,20,0
346,LINK,2,0,1,1.00002,M.USER.APP.1,8700,20,1
347,LINK,3,2,2,1.00002,M.USER.APP.2,8700,20,2
348,LINK,4,0,3,1.00002,M.USER.APP.3,8700,20,3
347,LINK,2,0,2,1.00002,M.USER.APP.2,8701.00002,20,0
349,LINK,1,0,0,1.00002,M.USER.APP.0,8800,20,0
350,LINK,2,0,1,1.00002,M.USER.APP.1,8800,20,1
351,LINK,3,2,2,1.00002,M.USER.APP.2,8800,20,2
352,LINK,4,0,3,1.00002,M.USER.APP.3,8800,20,3
351,LINK,2,0,2,1.00002,M.USER.APP.2,8801.00002,20,0
353,LINK,1,0,0,1.00002,M.USER.APP.0,8900,20,0
354,LINK,2,0,1,1.00002,M.USER.APP.1,8900,20,1
355,LINK,3,2,2,1.00002,M.USER.APP.2,8900,20,2
356,LINK,4,0,3,1.00002,M.USER.APP.3,8900,20,3
355,LINK,2,0,2,1.00002,M.USER.APP.2,8901.00002,20,0
357,LINK,1,0,0,1.00002,M.USER.APP.0,9000,20,0
358,LINK,2,0,1,1.00002,M.USER.APP.1,9000,20,1
359,LINK,3,2,2,1.00002,M.USER.APP.2,9000,20,2
360,LINK,4,0,3,1.00002,M.USER.APP.3,9000,20,3
359,LINK,2,0,2,1.00002,M.USER.APP.2,9001.00002,20,0
361,LINK,1,0,0,1.00002,M.USER.APP.0,9100,20,0
362,LINK,2,0,1,1.00002,M.USER.APP.1,9100,20,1
363,LINK,3,2,2,1.00002,M.USER.APP.2,9100,20,2
364,LINK,4,0,3,1.00002,M.USER.APP.3,9100,20,3
363,LINK,2,0,2,1.00002,M.USER.APP.2,9101.00002,20,0
365,LINK,1,0,0,1.00002,M.USER.APP.0,9200,20,0
366,LINK,2,0,1,1.00002,M.USER.APP.1,9200,20,1
367,LINK,3,2,2,1.00002,M.USER.APP.2,9200,20,2
368,LINK,4,0,3,1.00002,M.USER.APP.3,9200,20,3
367,LINK,2,0,2,1.00002,M.USER.APP.2,9201.00002,20,0
369,LINK,1,0,0,1.00002,M.USER.APP.0,9300,20,0
370,LINK,2,0,1,1.00002,M.USER.APP.1,9300,20,1
371,LINK,3,2,2,1.00002,M.USER.APP.2,9300,20,2
372,LINK,4,0,3,1.00002,M.USER.APP.3,9300,20,3
371,LINK,2,0,2,1.00002,M.USER.APP.2,9301.00002,20,0
373,LINK,1,0,0,1.00002,M.USER.APP.0,9400,20,0
374,LINK,2,0,1,1.00002,M.USER.APP.1,9400,20,1
375,LINK,3,2,2,1.00002,M.USER.APP.2,9400,20,2
376,LINK,4,0,3,1.00002,M.USER.APP.3,9400,20,3
375,LINK,2,0,2,1.00002,M.USER.APP.2,9401.00002,20,0
377,LINK,1,0,0,1.00002,M.USER.APP.0,9500,20,0
378,LINK,2,0,1,1.00002,M.USER.APP.1,9500,20,1
379,LINK,3,2,2,1.00002,M.USER.APP.2,9500,20,2
380,LINK,4,0,3,1.00002,M.USER.APP.3,9500,20,3
379,LINK,2,0,2,1.00002,M.USER.APP.2,9501.00002,20,0
381,LINK,1,0,0,1.00002,M.USER.APP.0,9600,20,0
382,LINK,2,0,1,1.00002,M.USER.APP.1,9600,20,1
383,LINK,3,2,2,1.00002,M.USER.APP.2,9600,20,2
384,LINK,4,0,3,1.00002,M.USER.APP.3,9600,20,3
383,LINK,2,0,2,1.00002,M.USER.APP.2,9601.00002,20,0
385,LINK,1,0,0,1.00002,M.USER.APP.0,9700,20,0
386,LINK,2,0,1,1.00002,M.USER.APP.1,9700,20,1
387,LINK,3,2,2,1.00002,M.USER.APP.2,9700,20,2
388,LINK,4,0,3,1.00002,M.USER.APP.3,9700,20,3
387,LINK,2,0,2,1.00002,M.USER.APP.2,9701.00002,20,0
389,LINK,1,0,0,1.00002,M.USER.APP.0,9800,20,0
390,LINK,2,0,1,1.00002,M.USER.APP.1,9800,20,1
391,LINK,3,2,2,1.00002,M.USER.APP.2,9800,20,2
392,LINK,4,0,3,1.00002,M.USER.APP.3,9800,20,3
391,LINK,2,0,2,1.00002,M.USER.APP.2,9801.00002,20,0
393,LINK,1,0,0,1.00002,M.USER.APP.0,9900,20,0
394,LINK,2,0,1,1.00002,M.USER.APP.1,9900,20,1
395,LINK,3,2,2,1.00002,M.USER.APP.2,9900,20,2
396,LINK,4,0,3,1.00002,M.USER.APP.3,9900,20,3
395,LINK,2,0,2,1.00002,M.USER.APP.2,9901.00002,20,0
397,LINK,1,0,0,1.00002,M.USER.APP.0,10000,20,0
398,LINK,2,0,1,1.00002,M.USER.APP.1,10000,20,1
399,LINK,3,2,2,1.00002,M.USER.APP.2,10000,20,2
400,LINK,4,0,3,1.00002,M.USER.APP.3,10000,20,3
399,LINK,2,0,2,1.00002,M.USER.APP.2,10001.00002,20,0
401,LINK,1,0,0,1.00002,M.USER.APP.0,10100,20,0
402,LINK,2,0,1,1.00002,M.USER.APP.1,10100,20,1
403,LINK,3,2,2,1.00002,M.USER.APP.2,10100,20,2
404,LINK,4,0,3,1.00002,M.USER.APP.3,10100,20,3
403,LINK,2,0,2,1.00002,M.USER.APP.2,10101.00002,20,0
405,LINK,1,0,0,1.00002,M.USER.APP.0,10200,20,0
406,LINK,2,0,1,1.00002,M.USER.APP.1,10200,20,1
407,LINK,3,2,2,1.00002,M.USER.APP.2,10200,20,2
408,LINK,4,0,3,1.00002,M.USER.APP.3,10200,20,3
407,LINK,2,0,2,1.00002,M.USER.APP.2,10201.00002,20,0
409,LINK,1,0,0,1.00002,M.USER.APP.0,10300,20,0
410,LINK,2,0,1,1.00002,M.USER.APP.1,10300,20,1
411,LINK,3,2,2,1.00002,M.USER.APP.2,10300,20,2
412,LINK,4,0,3,1.00002,M.USER.APP.3,10300,20,3
411,LINK,2,0,2,1.00002,M.USER.APP.2,10301.00002,20,0
413,LINK,1,0,0,1.00002,M.USER.APP.0,10400,20,0
414,LINK,2,0,1,1.00002,M.USER.APP.1,10400,20,1
415,LINK,3,2,2,1.00002,M.USER.APP.2,10400,20,2
416,LINK,4,0,3,1.00002,M.USER.APP.3,10400,20,3
415,LINK,2,0,2,1.00002,M.USER.APP.2,10401.00002,20,0
417,LINK,1,0,0,1.00002,M.USER.APP.0,10500,20,0
418,LINK,2,0,1,1.00002,M.USER.APP.1,10500,20,1
419,LINK,3,2,2,1.00002,M.USER.APP.2,10500,20,2
420,LINK,4,0,3,1.00002,M.USER.APP.3,10500,20,3
419,LINK,2,0,2,1.00002,M.USER.APP.2,10501.00002,20,0
421,LINK,1,0,0,1.00002,M.USER.APP.0,10600,20,0
422,LINK,2,0,1,1.00002,M.USER.APP.1,10600,20,1
423,LINK,3,2,2,1.00002,M.USER.APP.2,10600,20,2
424,LINK,4,0,3,1.00002,M.USER.APP.3,10600,20,3
423,LINK,2,0,2,1.00002,M.USER.APP.2,10601.00002,20,0
425,LINK,1,0,0,1.00002,M.USER.APP.0,10700,20,0
426,LINK,2,0,1,1.00002,M.USER.APP.1,10700,20,1
427,LINK,3,2,2,1.00002,M.USER.APP.2,10700,20,2
428,LINK,4,0,3,1.00002,M.USER.APP.3,10700,20,3
427,LINK,2,0,2,1.00002,M.USER.APP.2,10701.00002,20,0
429,LINK,1,0,0,1.00002,M.USER.APP.0,10800,20,0
430,LINK,2,0,1,1.00002,M.USER.APP.1,10800,20,1
431,LINK,3,2,2,1.00002,M.USER.APP.2,10800,20,2
432,LINK,4,0,3,1.00002,M.USER.APP.3,10800,20,3
431,LINK,2,0,2,1.00002,M.USER.APP.2,10801.00002,20,0
433,LINK,1,0,0,1.00002,M.USER.APP.0,10900,20,0
434,LINK,2,0,1,1.00002,M.USER.APP.1,10900,20,1
435,LINK,3,2,2,1.00002,M.USER.APP.2,10900,20,2
436,LINK,4,0,3,1.00002,M.USER.APP.3,10900,20,3
435,LINK,2,0,2,1.00002,M.USER.APP.2,10901.00002,20,0
437,LINK,1,0,0,1.00002,M.USER.APP.0,11000,20,0
438,LINK,2,0,1,1.00002,M.USER.APP.1,11000,20,1
439,LINK,3,2,2,1.00002,M.USER.APP.2,11000,20,2
440,LINK,4,0,3,1.00002,M.USER.APP.3,11000,20,3
439,LINK,2,0,2,1.00002,M.USER.APP.2,11001.00002,20,0
441,LINK,1,0,0,1.00002,M.USER.APP.0,11100,20,0
442,LINK,2,0,1,1.00002,M.USER.APP.1,11100,20,1
443,LINK,3,2,2,1.00002,M.USER.APP.2,11100,20,2
444,LINK,4,0,3,1.00002,M.USER.APP.3,11100,20,3
443,LINK,2,0,2,1.00002,M.USER.APP.2,11101.00002,20,0
445,LINK,1,0,0,1.00002,M.USER.APP.0,11200,20,0
446,LINK,2,0,1,1.00002,M.USER.APP.1,11200,20,1
447,LINK,3,2,2,1.00002,M.USER.APP.2,11200,20,2
448,LINK,4,0,3,1.00002,M.USER.APP.3,11200,20,3
447,LINK,2,0,2,1.00002,M.USER.APP.2,11201.00002,20,0
449,LINK,1,0,0,1.00002,M.USER.APP.0,11300,20,0
450,LINK,2,0,1,1.00002,M.USER.APP.1,11300,20,1
451,LINK,3,2,2,1.00002,M.USER.APP.2,11300,20,2
452,LINK,4,0,3,1.00002,M.USER.APP.3,11300,20,3
451,LINK,2,0,2,1.00002,M.USER.APP.2,11301.00002,20,0
453,LINK,1,0,0,1.00002,M.USER.APP.0,11400,20,0
454,LINK,2,0,1,1.00002,M.USER.APP.1,11400,20,1
455,LINK,3,2,2,1.00002,M.USER.APP.2,11400,20,2
456,LINK,4,0,3,1.00002,M.USER.APP.3,11400,20,3
455,LINK,2,0,2,1.00002,M.USER.APP.2,11401.00002,20,0
457,LINK,1,0,0,1.00002,M.USER.APP.0,11500,20,0
458,LINK,2,0,1,1.00002,M.USER.APP.1,11500,20,1
459,LINK,3,2,2,1.00002,M.USER.APP.2,11500,20,2
460,LINK,4,0,3,1.00002,M.USER.APP.3,11500,20,3
459,LINK,2,0,2,1.00002,M.USER.APP.2,11501.00002,20,0
461,LINK,1,0,0,1.00002,M.USER.APP.0,11600,20,0
462,LINK,2,0,1,1.00002,M.USER.APP.1,11600,20,1
463,LINK,3,2,2,1.00002,M.USER.APP.2,11600,20,2
464,LINK,4,0,3,1.00002,M.USER.APP.3,11600,20,3
463,LINK,2,0,2,1.00002,M.USER.APP.2,11601.00002,20,0
465,LINK,1,0,0,1.00002,M.USER.APP.0,11700,20,0
466,LINK,2,0,1,1.00002,M.USER.APP.1,11700,20,1
467,LINK,3,2,2,1.00002,M.USER.APP.2,11700,20,2
468,LINK,4,0,3,1.00002,M.USER.APP.3,11700,20,3
467,LINK,2,0,2,1.00002,M.USER.APP.2,11701.00002,20,0
469,LINK,1,0,0,1.00002,M.USER.APP.0,11800,20,0
470,LINK,2,0,1,1.00002,M.USER.APP.1,11800,20,1
471,LINK,3,2,2,1.00002,M.USER.APP.2,11800,20,2
472,LINK,4,0,3,1.00002,M.USER.APP.3,11800,20,3
471,LINK,2,0,2,1.00002,M.USER.APP.2,11801.00002,20,0
473,LINK,1,0,0,1.00002,M.USER.APP.0,11900,20,0
474,LINK,2,0,1,1.00002,M.USER.APP.1,11900,20,1
475,LINK,3,2,2,1.00002,M.USER.APP.2,11900,20,2
476,LINK,4,0,3,1.00002,M.USER.APP.3,11900,20,3
475,LINK,2,0,2,1.00002,M.USER.APP.2,11901.00002,20,0
477,LINK,1,0,0,1.00002,M.USER.APP.0,12000,20,0
478,LINK,2,0,1,1.00002,M.USER.APP.1,12000,20,1
479,LINK,3,2,2,1.00002,M.USER.APP.2,12000,20,2
480,LINK,4,0,3,1.00002,M.USER.APP.3,12000,20,3
479,LINK,2,0,2,1.00002,M.USER.APP.2,12001.00002,20,0
481,LINK,1,0,0,1.00002,M.USER.APP.0,12100,20,0
482,LINK,2,0,1,1.00002,M.USER.APP.1,12100,20,1
483,LINK,3,2,2,1.00002,M.USER.APP.2,12100,20,2
484,LINK,4,0,3,1.00002,M.USER.APP.3,12100,20,3
483,LINK,2,0,2,1.00002,M.USER.APP.2,12101.00002,20,0
485,LINK,1,0,0,1.00002,M.USER.APP.0,12200,20,0
486,LINK,2,0,1,1.00002,M.USER.APP.1,12200,20,1
487,LINK,3,2,2,1.00002,M.USER.APP.2,12200,20,2
488,LINK,4,0,3,1.00002,M.USER.APP.3,12200,20,3
487,LINK,2,0,2,1.00002,M.USER.APP.2,12201.00002,20,0
489,LINK,1,0,0,1.00002,M.USER.APP.0,12300,20,0
490,LINK,2,0,1,1.00002,M.USER.APP.1,12300,20,1
491,LINK,3,2,2,1.00002,M.USER.APP.2,12300,20,2
492,LINK,4,0,3,1.00002,M.USER.APP.3,12300,20,3
491,LINK,2,0,2,1.00002,M.USER.APP.2,12301.00002,20,0
493,LINK,1,0,0,1.00002,M.USER.APP.0,12400,20,0
494,LINK,2,0,1,1.00002,M.USER.APP.1,12400,20,1
495,LINK,3,2,2,1.00002,M.USER.APP.2,12400,20,2
496,LINK,4,0,3,1.00002,M.USER.APP.3,12400,20,3
495,LINK,2,0,2,1.00002,M.USER.APP.2,12401.00002,20,0
497,LINK,1,0,0,1.00002,M.USER.APP.0,12500,20,0
498,LINK,2,0,1,1.00002,M.USER.APP.1,12500,20,1
499,LINK,3,2,2,1.00002,M.USER.APP.2,12500,20,2
500,LINK,4,0,3,1.00002,M.USER.APP.3,12500,20,3
499,LINK,2,0,2,1.00002,M.USER.APP.2,12501.00002,20,0
501,LINK,1,0,0,1.00002,M.USER.APP.0,12600,20,0
502,LINK,2,0,1,1.00002,M.USER.APP.1,12600,20,1
503,LINK,3,2,2,1.00002,M.USER.APP.2,12600,20,2
504,LINK,4,0,3,1.00002,M.USER.APP.3,12600,20,3
503,LINK,2,0,2,1.00002,M.USER.APP.2,12601.00002,20,0
505,LINK,1,0,0,1.00002,M.USER.APP.0,12700,20,0
506,LINK,2,0,1,1.00002,M.USER.APP.1,12700,20,1
507,LINK,3,2,2,1.00002,M.USER.APP.2,12700,20,2
508,LINK,4,0,3,1.00002,M.USER.APP.3,12700,20,3
507,LINK,2,0,2,1.00002,M.USER.APP.2,12701.00002,20,0
509,LINK,1,0,0,1.00002,M.USER.APP.0,12800,20,0
510,LINK,2,0,1,1.00002,M.USER.APP.1,12800,20,1
511,LINK,3,2,2,1.00002,M.USER.APP.2,12800,20,2
512,LINK,4,0,3,1.00002,M.USER.APP.3,12800,20,3
511,LINK,2,0,2,1.00002,M.USER.APP.2,12801.00002,20,0
513,LINK,1,0,0,1.00002,M.USER.APP.0,12900,20,0
514,LINK,2,0,1,1.00002,M.USER.APP.1,12900,20,1
515,LINK,3,2,2,1.00002,M.USER.APP.2,12900,20,2
516,LINK,4,0,3,1.00002,M.USER.APP.3,12900,20,3
515,LINK,2,0,2,1.00002,M.USER.APP.2,12901.00002,20,0
517,LINK,1,0,0,1.00002,M.USER.APP.0,13000,20,0
518,LINK,2,0,1,1.00002,M.USER.APP.1,13000,20,1
519,LINK,3,2,2,1.00002,M.USER.APP.2,13000,20,2
520,LINK,4,0,3,1.00002,M.USER.APP.3,13000,20,3
519,LINK,2,0,2,1.00002,M.USER.APP.2,13001.00002,20,0
521,LINK,1,0,0,1.00002,M.USER.APP.0,13100,20,0
522,LINK,2,0,1,1.00002,M.USER.APP.1,13100,20,1
523,LINK,3,2,2,1.00002,M.USER.APP.2,13100,20,2
524,LINK,4,0,3,1.00002,M.USER.APP.3,13100,20,3
523,LINK,2,0,2,1.00002,M.USER.APP.2,13101.00002,20,0
525,LINK,1,0,0,1.00002,M.USER.APP.0,13200,20,0
526,LINK,2,0,1,1.00002,M.USER.APP.1,13200,20,1
527,LINK,3,2,2,1.00002,M.USER.APP.2,13200,20,2
528,LINK,4,0,3,1.00002,M.USER.APP.3,13200,20,3
527,LINK,2,0,2,1.00002,M.USER.APP.2,13201.00002,20,0
529,LINK,1,0,0,1.00002,M.USER.APP.0,13300,20,0
530,LINK,2,0,1,1.00002,M.USER.APP.1,13300,20,1
531,LINK,3,2,2,1.00002,M.USER.APP.2,13300,20,2
532,LINK,4,0,3,1.00002,M.USER.APP.3,13300,20,3
531,LINK,2,0,2,1.00002,M.USER.APP.2,13301.00002,20,0
533,LINK,1,0,0,1.00002,M.USER.APP.0,13400,20,0
534,LINK,2,0,1,1.00002,M.USER.APP.1,13400,20,1
535,LINK,3,2,2,1.00002,M.USER.APP.2,13400,20,2
536,LINK,4,0,3,1.00002,M.USER.APP.3,13400,20,3
535,LINK,2,0,2,1.00002,M.USER.APP.2,13401.00002,20,0
537,LINK,1,0,0,1.00002,M.USER.APP.0,13500,20,0
538,LINK,2,0,1,1.00002,M.USER.APP.1,13500,20,1
539,LINK,3,2,2,1.00002,M.USER.APP.2,13500,20,2
540,LINK,4,0,3,1.00002,M.USER.APP.3,13500,20,3
539,LINK,2,0,2,1.00002,M.USER.APP.2,13501.00002,20,0
541,LINK,1,0,0,1.00002,M.USER.APP.0,13600,20,0
542,LINK,2,0,1,1.00002,M.USER.APP.1,13600,20,1
543,LINK,3,2,2,1.00002,M.USER.APP.2,13600,20,2
544,LINK,4,0,3,1.00002,M.USER.APP.3,13600,20,3
543,LINK,2,0,2,1.00002,M.USER.APP.2,13601.00002,20,0
545,LINK,1,0,0,1.00002,M.USER.APP.0,13700,20,0
546,LINK,2,0,1,1.00002,M.USER.APP.1,13700,20,1
547,LINK,3,2,2,1.00002,M.USER.APP.2,13700,20,2
548,LINK,4,0,3,1.00002,M.USER.APP.3,13700,20,3
547,LINK,2,0,2,1.00002,M.USER.APP.2,13701.00002,20,0
549,LINK,1,0,0,1.00002,M.USER.APP.0,13800,20,0
550,LINK,2,0,1,1.00002,M.USER.APP.1,13800,20,1
551,LINK,3,2,2,1.00002,M.USER.APP.2,13800,20,2
552,LINK,4,0,3,1.00002,M.USER.APP.3,13800,20,3
551,LINK,2,0,2,1.00002,M.USER.APP.2,13801.00002,20,0
553,LINK,1,0,0,1.00002,M.USER.APP.0,13900,20,0
554,LINK,2,0,1,1.00002,M.USER.APP.1,13900,20,1
555,LINK,3,2,2,1.00002,M.USER.APP.2,13900,20,2
556,LINK,4,0,3,1.00002,M.USER.APP.3,13900,20,3
555,LINK,2,0,2,1.00002,M.USER.APP.2,13901.00002,20,0
557,LINK,1,0,0,1.00002,M.USER.APP.0,14000,20,0
558,LINK,2,0,1,1.00002,M.USER.APP.1,14000,20,1
559,LINK,3,2,2,1.00002,M.USER.APP.2,14000,20,2
560,LINK,4,0,3,1.00002,M.USER.APP.3,14000,20,3
559,LINK,2,0,2,1.00002,M.USER.APP.2,14001.00002,20,0
561,LINK,1,0,0,1.00002,M.USER.APP.0,14100,20,0
562,LINK,2,0,1,1.00002,M.USER.APP.1,14100,20,1
563,LINK,3,2,2,1.00002,M.USER.APP.2,14100,20,2
564,LINK,4,0,3,1.00002,M.USER.APP.3,14100,20,3
563,LINK,2,0,2,1.00002,M.USER.APP.2,14101.00002,20,0
565,LINK,1,0,0,1.00002,M.USER.APP.0,14200,20,0
566,LINK,2,0,1,1.00002,M.USER.APP.1,14200,20,1
567,LINK,3,2,2,1.00002,M.USER.APP.2,14200,20,2
568,LINK,4,0,3,1.00002,M.USER.APP.3,14200,20,3
567,LINK,2,0,2,1.00002,M.USER.APP.2,14201.00002,20,0
569,LINK,1,0,0,1.00002,M.USER.APP.0,14300,20,0
570,LINK,2,0,1,1.00002,M.USER.APP.1,14300,20,1
571,LINK,3,2,2,1.00002,M.USER.APP.2,14300,20,2
572,LINK,4,0,3,1.00002,M.USER.APP.3,14300,20,3
571,LINK,2,0,2,1.00002,M.USER.APP.2,14301.00002,20,0
573,LINK,1,0,0,1.00002,M.USER.APP.0,14400,20,0
574,LINK,2,0,1,1.00002,M.USER.APP.1,14400,20,1
575,LINK,3,2,2,1.00002,M.USER.APP.2,14400,20,2
576,LINK,4,0,3,1.00002,M.USER.APP.3,14400,20,3
575,LINK,2,0,2,1.00002,M.USER.APP.2,14401.00002,20,0
577,LINK,1,0,0,1.00002,M.USER.APP.0,14500,20,0
578,LINK,2,0,1,1.00002,M.USER.APP.1,14500,20,1
579,LINK,3,2,2,1.00002,M.USER.APP.2,14500,20,2
580,LINK,4,0,3,1.00002,M.USER.APP.3,14500,20,3
579,LINK,2,0,2,1.00002,M.USER.APP.2,14501.00002,20,0
581,LINK,1,0,0,1.00002,M.USER.APP.0,14600,20,0
582,LINK,2,0,1,1.00002,M.USER.APP.1,14600,20,1
583,LINK,3,2,2,1.00002,M.USER.APP.2,14600,20,2
584,LINK,4,0,3,1.00002,M.USER.APP.3,14600,20,3
583,LINK,2,0,2,1.00002,M.USER.APP.2,14601.00002,20,0
585,LINK,1,0,0,1.00002,M.USER.APP.0,14700,20,0
586,LINK,2,0,1,1.00002,M.USER.APP.1,14700,20,1
587,LINK,3,2,2,1.00002,M.USER.APP.2,14700,20,2
588,LINK,4,0,3,1.00002,M.USER.APP.3,14700,20,3
587,LINK,2,0,2,1.00002,M.USER.APP.2,14701.00002,20,0
589,LINK,1,0,0,1.00002,M.USER.APP.0,14800,20,0
590,LINK,2,0,1,1.00002,M.USER.APP.1,14800,20,1
591,LINK,3,2,2,1.00002,M.USER.APP.2,14800,20,2
592,LINK,4,0,3,1.00002,M.USER.APP.3,14800,20,3
591,LINK,2,0,2,1.00002,M.USER.APP.2,14801.00002,20,0
593,LINK,1,0,0,1.00002,M.USER.APP.0,14900,20,0
594,LINK,2,0,1,1.00002,M.USER.APP.1,14900,20,1
595,LINK,3,2,2,1.00002,M.USER.APP.2,14900,20,2
596,LINK,4,0,3,1.00002,M.USER.APP.3,14900,20,3
595,LINK,2,0,2,1.00002,M.USER.APP.2,14901.00002,20,0
597,LINK,1,0,0,1.00002,M.USER.APP.0,15000,20,0
598,LINK,2,0,1,1.00002,M.USER.APP.1,15000,20,1
599,LINK,3,2,2,1.00002,M.USER.APP.2,15000,20,2
600,LINK,4,0,3,1.00002,M.USER.APP.3,15000,20,3
599,LINK,2,0,2,1.00002,M.USER.APP.2,15001.00002,20,0
601,LINK,1,0,0,1.00002,M.USER.APP.0,15100,20,0
602,LINK,2,0,1,1.00002,M.USER.APP.1,15100,20,1
603,LINK,3,2,2,1.00002,M.USER.APP.2,15100,20,2
604,LINK,4,0,3,1.00002,M.USER.APP.3,15100,20,3
603,LINK,2,0,2,1.00002,M.USER.APP.2,15101.00002,20,0
605,LINK,1,0,0,1.00002,M.USER.APP.0,15200,20,0
606,LINK,2,0,1,1.00002,M.USER.APP.1,15200,20,1
607,LINK,3,2,2,1.00002,M.USER.APP.2,15200,20,2
608,LINK,4,0,3,1.00002,M.USER.APP.3,15200,20,3
607,LINK,2,0,2,1.00002,M.USER.APP.2,15201.00002,20,0
609,LINK,1,0,0,1.00002,M.USER.APP.0,15300,20,0
610,LINK,2,0,1,1.00002,M.USER.APP.1,15300,20,1
611,LINK,3,2,2,1.00002,M.USER.APP.2,15300,20,2
612,LINK,4,0,3,1.00002,M.USER.APP.3,15300,20,3
611,LINK,2,0,2,1.00002,M.USER.APP.2,15301.00002,20,0
613,LINK,1,0,0,1.00002,M.USER.APP.0,15400,20,0
614,LINK,2,0,1,1.00002,M.USER.APP.1,15400,20,1
615,LINK,3,2,2,1.00002,M.USER.APP.2,15400,20,2
616,LINK,4,0,3,1.00002,M.USER.APP.3,15400,20,3
615,LINK,2,0,2,1.00002,M.USER.APP.2,15401.00002,20,0
617,LINK,1,0,0,1.00002,M.USER.APP.0,15500,20,0
618,LINK,2,0,1,1.00002,M.USER.APP.1,15500,20,1
619,LINK,3,2,2,1.00002,M.USER.APP.2,15500,20,2
620,LINK,4,0,3,1.00002,M.USER.APP.3,15500,20,3
619,LINK,2,0,2,1.00002,M.USER.APP.2,15501.00002,20,0
621,LINK,1,0,0,1.00002,M.USER.APP.0,15600,20,0
622,LINK,2,0,1,1.00002,M.USER.APP.1,15600,20,1
623,LINK,3,2,2,1.00002,M.USER.APP.2,15600,20,2
624,LINK,4,0,3,1.00002,M.USER.APP.3,15600,20,3
623,LINK,2,0,2,1.00002,M.USER.APP.2,15601.00002,20,0
625,LINK,1,0,0,1.00002,M.USER.APP.0,15700,20,0
626,LINK,2,0,1,1.00002,M.USER.APP.1,15700,20,1
627,LINK,3,2,2,1.00002,M.USER.APP.2,15700,20,2
628,LINK,4,0,3,1.00002,M.USER.APP.3,15700,20,3
627,LINK,2,0,2,1.00002,M.USER.APP.2,15701.00002,20,0
629,LINK,1,0,0,1.00002,M.USER.APP.0,15800,20,0
630,LINK,2,0,1,1.00002,M.USER.APP.1,15800,20,1
631,LINK,3,2,2,1.00002,M.USER.APP.2,15800,20,2
632,LINK,4,0,3,1.00002,M.USER.APP.3,15800,20,3
631,LINK,2,0,2,1.00002,M.USER.APP.2,15801.00002,20,0
633,LINK,1,0,0,1.00002,M.USER.APP.0,15900,20,0
634,LINK,2,0,1,1.00002,M.USER.APP.1,15900,20,1
635,LINK,3,2,2,1.00002,M.USER.APP.2,15900,20,2
636,LINK,4,0,3,1.00002,M.USER.APP.3,15900,20,3
635,LINK,2,0,2,1.00002,M.USER.APP.2,15901.00002,20,0
637,LINK,1,0,0,1.00002,M.USER.APP.0,16000,20,0
638,LINK,2,0,1,1.00002,M.USER.APP.1,16000,20,1
639,LINK,3,2,2,1.00002,M.USER.APP.2,16000,20,2
640,LINK,4,0,3,1.00002,M.USER.APP.3,16000,20,3
639,LINK,2,0,2,1.00002,M.USER.APP.2,16001.00002,20,0
641,LINK,1,0,0,1.00002,M.USER.APP.0,16100,20,0
642,LINK,2,0,1,1.00002,M.USER.APP.1,16100,20,1
643,LINK,3,2,2,1.00002,M.USER.APP.2,16100,20,2
644,LINK,4,0,3,1.00002,M.USER.APP.3,16100,20,3
643,LINK,2,0,2,1.00002,M.USER.APP.2,16101.00002,20,0
645,LINK,1,0,0,1.00002,M.USER.APP.0,16200,20,0
646,LINK,2,0,1,1.00002,M.USER.APP.1,16200,20,1
647,LINK,3,2,2,1.00002,M.USER.APP.2,16200,20,2
648,LINK,4,0,3,1.00002,M.USER.APP.3,16200,20,3
647,LINK,2,0,2,1.00002,M.USER.APP.2,16201.00002,20,0
649,LINK,1,0,0,1.00002,M.USER.APP.0,16300,20,0
650,LINK,2,0,1,1.00002,M.USER.APP.1,16300,20,1
651,LINK,3,2,2,1.00002,M.USER.APP.2,16300,20,2
652,LINK,4,0,3,1.00002,M.USER.APP.3,16300,20,3
651,LINK,2,0,2,1.00002,M.USER.APP.2,16301.00002,20,0
653,LINK,1,0,0,1.00002,M.USER.APP.0,16400,20,0
654,LINK,2,0,1,1.00002,M.USER.APP.1,16400,20,1
655,LINK,3,2,2,1.00002,M.USER.APP.2,16400,20,2
656,LINK,4,0,3,1.00002,M.USER.APP.3,16400,20,3
655,LINK,2,0,2,1.00002,M.USER.APP.2,16401.00002,20,0
657,LINK,1,0,0,1.00002,M.USER.APP.0,16500,20,0
658,LINK,2,0,1,1.00002,M.USER.APP.1,16500,20,1
659,LINK,3,2,2,1.00002,M.USER.APP.2,16500,20,2
660,LINK,4,0,3,1.00002,M.USER.APP.3,16500,20,3
659,LINK,2,0,2,1.00002,M.USER.APP.2,16501.00002,20,0
661,LINK,1,0,0,1.00002,M.USER.APP.0,16600,20,0
662,LINK,2,0,1,1.00002,M.USER.APP.1,16600,20,1
663,LINK,3,2,2,1.00002,M.USER.APP.2,16600,20,2
664,LINK,4,0,3,1.00002,M.USER.APP.3,16600,20,3
663,LINK,2,0,2,1.00002,M.USER.APP.2,16601.00002,20,0
665,LINK,1,0,0,1.00002,M.USER.APP.0,16700,20,0
666,LINK,2,0,1,1.00002,M.USER.APP.1,16700,20,1
667,LINK,3,2,2,1.00002,M.USER.APP.2,16700,20,2
668,LINK,4,0,3,1.00002,M.USER.APP.3,16700,20,3
667,LINK,2,0,2,1.00002,M.USER.APP.2,16701.00002,20,0
669,LINK,1,0,0,1.00002,M.USER.APP.0,16800,20,0
670,LINK,2,0,1,1.00002,M.USER.APP.1,16800,20,1
671,LINK,3,2,2,1.00002,M.USER.APP.2,16800,20,2
672,LINK,4,0,3,1.00002,M.USER.APP.3,16800,20,3
671,LINK,2,0,2,1.00002,M.USER.APP.2,16801.00002,20,0
673,LINK,1,0,0,1.00002,M.USER.APP.0,16900,20,0
674,LINK,2,0,1,1.00002,M.USER.APP.1,16900,20,1
675,LINK,3,2,2,1.00002,M.USER.APP.2,16900,20,2
676,LINK,4,0,3,1.00002,M.USER.APP.3,16900,20,3
675,LINK,2,0,2,1.00002,M.USER.APP.2,16901.00002,20,0
677,LINK,1,0,0,1.00002,M.USER.APP.0,17000,20,0
678,LINK,2,0,1,1.00002,M.USER.APP.1,17000,20,1
679,LINK,3,2,2,1.00002,M.USER.APP.2,17000,20,2
680,LINK,4,0,3,1.00002,M.USER.APP.3,17000,20,3
679,LINK,2,0,2,1.00002,M.USER.APP.2,17001.00002,20,0
681,LINK,1,0,0,1.00002,M.USER.APP.0,17100,20,0
682,LINK,2,0,1,1.00002,M.USER.APP.1,17100,20,1
683,LINK,3,2,2,1.00002,M.USER.APP.2,17100,20,2
684,LINK,4,0,3,1.00002,M.USER.APP.3,17100,20,3
683,LINK,2,0,2,1.00002,M.USER.APP.2,17101.00002,20,0
685,LINK,1,0,0,1.00002,M.USER.APP.0,17200,20,0
686,LINK,2,0,1,1.00002,M.USER.APP.1,17200,20,1
687,LINK,3,2,2,1.00002,M.USER.APP.2,17200,20,2
688,LINK,4,0,3,1.00002,M.USER.APP.3,17200,20,3
687,LINK,2,0,2,1.00002,M.USER.APP.2,17201.00002,20,0
689,LINK,1,0,0,1.00002,M.USER.APP.0,17300,20,0
690,LINK,2,0,1,1.00002,M.USER.APP.1,17300,20,1
691,LINK,3,2,2,1.00002,M.USER.APP.2,17300,20,2
692,LINK,4,0,3,1.00002,M.USER.APP.3,17300,20,3
691,LINK,2,0,2,1.00002,M.USER.APP.2,17301.00002,20,0
693,LINK,1,0,0,1.00002,M.USER.APP.0,17400,20,0
694,LINK,2,0,1,1.00002,M.USER.APP.1,17400,20,1
695,LINK,3,2,2,1.00002,M.USER.APP.2,17400,20,2
696,LINK,4,0,3,1.00002,M.USER.APP.3,17400,20,3
695,LINK,2,0,2,1.00002,M.USER.APP.2,17401.00002,20,0
697,LINK,1,0,0,1.00002,M.USER.APP.0,17500,20,0
698,LINK,2,0,1,1.00002,M.USER.APP.1,17500,20,1
699,LINK,3,2,2,1.00002,M.USER.APP.2,17500,20,2
700,LINK,4,0,3,1.00002,M.USER.APP.3,17500,20,3
699,LINK,2,0,2,1.00002,M.USER.APP.2,17501.00002,20,0
701,LINK,1,0,0,1.00002,M.USER.APP.0,17600,20,0
702,LINK,2,0,1,1.00002,M.USER.APP.1,17600,20,1
703,LINK,3,2,2,1.00002,M.USER.APP.2,17600,20,2
704,LINK,4,0,3,1.00002,M.USER.APP.3,17600,20,3
703,LINK,2,0,2,1.00002,M.USER.APP.2,17601.00002,20,0
705,LINK,1,0,0,1.00002,M.USER.APP.0,17700,20,0
706,LINK,2,0,1,1.00002,M.USER.APP.1,17700,20,1
707,LINK,3,2,2,1.00002,M.USER.APP.2,17700,20,2
708,LINK,4,0,3,1.00002,M.USER.APP.3,17700,20,3
707,LINK,2,0,2,1.00002,M.USER.APP.2,17701.00002,20,0
709,LINK,1,0,0,1.00002,M.USER.APP.0,17800,20,0
710,LINK,2,0,1,1.00002,M.USER.APP.1,17800,20,1
711,LINK,3,2,2,1.00002,M.USER.APP.2,17800,20,2
712,LINK,4,0,3,1.00002,M.USER.APP.3,17800,20,3
711,LINK,2,0,2,1.00002,M.USER.APP.2,17801.00002,20,0
713,LINK,1,0,0,1.00002,M.USER.APP.0,17900,20,0
714,LINK,2,0,1,1.00002,M.USER.APP.1,17900,20,1
715,LINK,3,2,2,1.00002,M.USER.APP.2,17900,20,2
716,LINK,4,0,3,1.00002,M.USER.APP.3,17900,20,3
715,LINK,2,0,2,1.00002,M.USER.APP.2,17901.00002,20,0
717,LINK,1,0,0,1.00002,M.USER.APP.0,18000,20,0
718,LINK,2,0,1,1.00002,M.USER.APP.1,18000,20,1
719,LINK,3,2,2,1.00002,M.USER.APP.2,18000,20,2
720,LINK,4,0,3,1.00002,M.USER.APP.3,18000,20,3
719,LINK,2,0,2,1.00002,M.USER.APP.2,18001.00002,20,0
721,LINK,1,0,0,1.00002,M.USER.APP.0,18100,20,0
722,LINK,2,0,1,1.00002,M.USER.APP.1,18100,20,1
723,LINK,3,2,2,1.00002,M.USER.APP.2,18100,20,2
724,LINK,4,0,3,1.00002,M.USER.APP.3,18100,20,3
723,LINK,2,0,2,1.00002,M.USER.APP.2,18101.00002,20,0
725,LINK,1,0,0,1.00002,M.USER.APP.0,18200,20,0
726,LINK,2,0,1,1.00002,M.USER.APP.1,18200,20,1
727,LINK,3,2,2,1.00002,M.USER.APP.2,18200,20,2
728,LINK,4,0,3,1.00002,M.USER.APP.3,18200,20,3
727,LINK,2,0,2,1.00002,M.USER.APP.2,18201.00002,20,0
729,LINK,1,0,0,1.00002,M.USER.APP.0,18300,20,0
730,LINK,2,0,1,1.00002,M.USER.APP.1,18300,20,1
731,LINK,3,2,2,1.00002,M.USER.APP.2,18300,20,2
732,LINK,4,0,3,1.00002,M.USER.APP.3,18300,20,3
731,LINK,2,0,2,1.00002,M.USER.APP.2,18301.00002,20,0
733,LINK,1,0,0,1.00002,M.USER.APP.0,18400,20,0
734,LINK,2,0,1,1.00002,M.USER.APP.1,18400,20,1
735,LINK,3,2,2,1.00002,M.USER.APP.2,18400,20,2
736,LINK,4,0,3,1.00002,M.USER.APP.3,18400,20,3
735,LINK,2,0,2,1.00002,M.USER.APP.2,18401.00002,20,0
737,LINK,1,0,0,1.00002,M.USER.APP.0,18500,20,0
738,LINK,2,0,1,1.00002,M.USER.APP.1,18500,20,1
739,LINK,3,2,2,1.00002,M.USER.APP.2,18500,20,2
740,LINK,4,0,3,1.00002,M.USER.APP.3,18500,20,3
739,LINK,2,0,2,1.00002,M.USER.APP.2,18501.00002,20,0
741,LINK,1,0,0,1.00002,M.USER.APP.0,18600,20,0
742,LINK,2,0,1,1.00002,M.USER.APP.1,18600,20,1
743,LINK,3,2,2,1.00002,M.USER.APP.2,18600,20,2
744,LINK,4,0,3,1.00002,M.USER.APP.3,18600,20,3
743,LINK,2,0,2,1.00002,M.USER.APP.2,18601.00002,20,0
745,LINK,1,0,0,1.00002,M.USER.APP.0,18700,20,0
746,LINK,2,0,1,1.00002,M.USER.APP.1,18700,20,1
747,LINK,3,2,2,1.00002,M.USER.APP.2,18700,20,2
748,LINK,4,0,3,1.00002,M.USER.APP.3,18700,20,3
747,LINK,2,0,2,1.00002,M.USER.APP.2,18701.00002,20,0
749,LINK,1,0,0,1.00002,M.USER.APP.0,18800,20,0
750,LINK,2,0,1,1.00002,M.USER.APP.1,18800,20,1
751,LINK,3,2,2,1.00002,M.USER.APP.2,18800,20,2
752,LINK,4,0,3,1.00002,M.USER.APP.3,18800,20,3
751,LINK,2,0,2,1.00002,M.USER.APP.2,18801.00002,20,0
753,LINK,1,0,0,1.00002,M.USER.APP.0,18900,20,0
754,LINK,2,0,1,1.00002,M.USER.APP.1,18900,20,1
755,LINK,3,2,2,1.00002,M.USER.APP.2,18900,20,2
756,LINK,4,0,3,1.00002,M.USER.APP.3,18900,20,3
755,LINK,2,0,2,1.00002,M.USER.APP.2,18901.00002,20,0
757,LINK,1,0,0,1.00002,M.USER.APP.0,19000,20,0
758,LINK,2,0,1,1.00002,M.USER.APP.1,19000,20,1
759,LINK,3,2,2,1.00002,M.USER.APP.2,19000,20,2
759,LINK,2,0,2,1.00002,M.USER.APP.2,19001.00002,20,0
760,LINK,1,0,0,1.00002,M.USER.APP.0,19100,20,0
761,LINK,2,0,1,1.00002,M.USER.APP.1,19100,20,1
762,LINK,3,2,2,1.00002,M.USER.APP.2,19100,20,2
762,LINK,2,0,2,1.00002,M.USER.APP.2,19101.00002,20,0
763,LINK,1,0,0,1.00002,M.USER.APP.0,19200,20,0
764,LINK,2,0,1,1.00002,M.USER.APP.1,19200,20,1
765,LINK,3,2,2,1.00002,M.USER.APP.2,19200,20,2
765,LINK,2,0,2,1.00002,M.USER.APP.2,19201.00002,20,0
766,LINK,1,0,0,1.00002,M.USER.APP.0,19300,20,0
767,LINK,2,0,1,1.00002,M.USER.APP.1,19300,20,1
768,LINK,3,2,2,1.00002,M.USER.APP.2,19300,20,2
768,LINK,2,0,2,1.00002,M.USER.APP.2,19301.00002,20,0
769,LINK,1,0,0,1.00002,M.USER.APP.0,19400,20,0
770,LINK,2,0,1,1.00002,M.USER.APP.1,19400,20,1
771,LINK,3,2,2,1.00002,M.USER.APP.2,19400,20,2
771,LINK,2,0,2,1.00002,M.USER.APP.2,19401.00002,20,0
772,LINK,1,0,0,1.00002,M.USER.APP.0,19500,20,0
773,LINK,2,0,1,1.00002,M.USER.APP.1,19500,20,1
774,LINK,3,2,2,1.00002,M.USER.APP.2,19500,20,2
774,LINK,2,0,2,1.00002,M.USER.APP.2,19501.00002,20,0
775,LINK,1,0,0,1.00002,M.USER.APP.0,19600,20,0
776,LINK,2,0,1,1.00002,M.USER.APP.1,19600,20,1
777,LINK,3,2,2,1.00002,M.USER.APP.2,19600,20,2
777,LINK,2,0,2,1.00002,M.USER.APP.2,19601.00002,20,0
778,LINK,1,0,0,1.00002,M.USER.APP.0,19700,20,0
779,LINK,2,0,1,1.00002,M.USER.APP.1,19700,20,1
780,LINK,3,2,2,1.00002,M.USER.APP.2,19700,20,2
780,LINK,2,0,2,1.00002,M.USER.APP.2,19701.00002,20,0
781,LINK,1,0,0,1.00002,M.USER.APP.0,19800,20,0
782,LINK,2,0,1,1.00002,M.USER.APP.1,19800,20,1
783,LINK,3,2,2,1.00002,M.USER.APP.2,19800,20,2
783,LINK,2,0,2,1.00002,M.USER.APP.2,19801.00002,20,0
784,LINK,1,0,0,1.00002,M.USER.APP.0,19900,20,0
785,LINK,2,0,1,1.00002,M.USER.APP.1,19900,20,1
786,LINK,3,2,2,1.00002,M.USER.APP.2,19900,20,2
786,LINK,2,0,2,1.00002,M.USER.APP.2,19901.00002,20,0
