totalMSG;0;rep-f100-n200;614842
totalMSGsrcrep;0;rep-f100-n200;518461
totalMSGrepclo;0;rep-f100-n200;96381
totalLATrepclo;0;rep-f100-n200;2038.614361
totalLATrepcloSTD;0;rep-f100-n200;925.122902
totalLATmin;0;rep-f100-n200;11.870181
totalLATmax;0;rep-f100-n200;17.550267
totalLATminSTD;0;rep-f100-n200;4.851163
totalLATmaxSTD;0;rep-f100-n200;4.116770
totalMSG;0;sin-f100-n200;301646
totalMSGsrcrep;0;sin-f100-n200;174732
totalMSGrepclo;0;sin-f100-n200;126914
totalLATrepclo;0;sin-f100-n200;4313.241338
totalLATrepcloSTD;0;sin-f100-n200;1834.487200
totalLATmin;0;sin-f100-n200;15.080226
totalLATmax;0;sin-f100-n200;15.080226
totalLATminSTD;0;sin-f100-n200;4.237216
totalLATmaxSTD;0;sin-f100-n200;4.237216
totalMSG;0;Fstrrep-f100-n200;702531
totalMSGsrcrep;0;Fstrrep-f100-n200;588684
totalMSGrepclo;0;Fstrrep-f100-n200;113847
totalLATrepclo;0;Fstrrep-f100-n200;2224.180496
totalLATrepcloSTD;0;Fstrrep-f100-n200;766.942650
totalLATmin;0;Fstrrep-f100-n200;14.560213
totalLATmax;0;Fstrrep-f100-n200;18.980294
totalLATminSTD;0;Fstrrep-f100-n200;4.652624
totalLATmaxSTD;0;Fstrrep-f100-n200;3.878118
totalMSG;0;rep-f110-n200;681825
totalMSGsrcrep;0;rep-f110-n200;573137
totalMSGrepclo;0;rep-f110-n200;108688
totalLATrepclo;0;rep-f110-n200;6671.563639
totalLATrepcloSTD;0;rep-f110-n200;3895.790691
totalLATmin;0;rep-f110-n200;12.827460
totalLATmax;0;rep-f110-n200;17.636633
totalLATminSTD;0;rep-f110-n200;5.310187
totalLATmaxSTD;0;rep-f110-n200;4.186010
totalMSG;0;sin-f110-n200;330380
totalMSGsrcrep;0;sin-f110-n200;191497
totalMSGrepclo;0;sin-f110-n200;138883
totalLATrepclo;0;sin-f110-n200;8846.849082
totalLATrepcloSTD;0;sin-f110-n200;4510.207977
totalLATmin;0;sin-f110-n200;15.191136
totalLATmax;0;sin-f110-n200;15.191136
totalLATminSTD;0;sin-f110-n200;3.855366
totalLATmaxSTD;0;sin-f110-n200;3.855366
totalMSG;0;Fstrrep-f110-n200;767941
totalMSGsrcrep;0;Fstrrep-f110-n200;639235
totalMSGrepclo;0;Fstrrep-f110-n200;128706
totalLATrepclo;0;Fstrrep-f110-n200;7360.829522
totalLATrepcloSTD;0;Fstrrep-f110-n200;3818.895588
totalLATmin;0;Fstrrep-f110-n200;14.400209
totalLATmax;0;Fstrrep-f110-n200;18.663923
totalLATminSTD;0;Fstrrep-f110-n200;4.784874
totalLATmaxSTD;0;Fstrrep-f110-n200;4.061562
totalMSG;0;rep-f120-n200;753820
totalMSGsrcrep;0;rep-f120-n200;636861
totalMSGrepclo;0;rep-f120-n200;116959
totalLATrepclo;0;rep-f120-n200;10159.227543
totalLATrepcloSTD;0;rep-f120-n200;6351.893062
totalLATmin;0;rep-f120-n200;13.133526
totalLATmax;0;rep-f120-n200;17.933603
totalLATminSTD;0;rep-f120-n200;5.289881
totalLATmaxSTD;0;rep-f120-n200;4.377501
totalMSG;0;sin-f120-n200;357087
totalMSGsrcrep;0;sin-f120-n200;209355
totalMSGrepclo;0;sin-f120-n200;147732
totalLATrepclo;0;sin-f120-n200;11970.604658
totalLATrepcloSTD;0;sin-f120-n200;6451.985579
totalLATmin;0;sin-f120-n200;15.341892
totalLATmax;0;sin-f120-n200;15.341892
totalLATminSTD;0;sin-f120-n200;3.884829
totalLATmaxSTD;0;sin-f120-n200;3.884829
totalMSG;0;Fstrrep-f120-n200;845913
totalMSGsrcrep;0;Fstrrep-f120-n200;709873
totalMSGrepclo;0;Fstrrep-f120-n200;136040
totalLATrepclo;0;Fstrrep-f120-n200;10447.139092
totalLATrepcloSTD;0;Fstrrep-f120-n200;5824.959835
totalLATmin;0;Fstrrep-f120-n200;14.558543
totalLATmax;0;Fstrrep-f120-n200;18.708619
totalLATminSTD;0;Fstrrep-f120-n200;5.034596
totalLATmaxSTD;0;Fstrrep-f120-n200;3.867411
totalMSG;0;rep-f130-n200;819205
totalMSGsrcrep;0;rep-f130-n200;693096
totalMSGrepclo;0;rep-f130-n200;126109
totalLATrepclo;0;rep-f130-n200;13164.780362
totalLATrepcloSTD;0;rep-f130-n200;8409.289299
totalLATmin;0;rep-f130-n200;13.392510
totalLATmax;0;rep-f130-n200;17.954122
totalLATminSTD;0;rep-f130-n200;5.245562
totalLATmaxSTD;0;rep-f130-n200;4.161882
totalMSG;0;sin-f130-n200;386455
totalMSGsrcrep;0;sin-f130-n200;227334
totalMSGrepclo;0;sin-f130-n200;159121
totalLATrepclo;0;sin-f130-n200;15133.265146
totalLATrepcloSTD;0;sin-f130-n200;8268.745843
totalLATmin;0;sin-f130-n200;15.438694
totalLATmax;0;sin-f130-n200;15.438694
totalLATminSTD;0;sin-f130-n200;3.930212
totalLATmaxSTD;0;sin-f130-n200;3.930212
totalMSG;0;Fstrrep-f130-n200;901990
totalMSGsrcrep;0;Fstrrep-f130-n200;757026
totalMSGrepclo;0;Fstrrep-f130-n200;144964
totalLATrepclo;0;Fstrrep-f130-n200;13627.907305
totalLATrepcloSTD;0;Fstrrep-f130-n200;7745.559227
totalLATmin;0;Fstrrep-f130-n200;14.092513
totalLATmax;0;Fstrrep-f130-n200;18.569519
totalLATminSTD;0;Fstrrep-f130-n200;5.026815
totalLATmaxSTD;0;Fstrrep-f130-n200;4.064776
totalMSG;0;rep-f140-n200;878616
totalMSGsrcrep;0;rep-f140-n200;744678
totalMSGrepclo;0;rep-f140-n200;133938
totalLATrepclo;0;rep-f140-n200;14975.614255
totalLATrepcloSTD;0;rep-f140-n200;9871.160804
totalLATmin;0;rep-f140-n200;13.714483
totalLATmax;0;rep-f140-n200;18.214561
totalLATminSTD;0;rep-f140-n200;5.559199
totalLATmaxSTD;0;rep-f140-n200;4.254082
totalMSG;0;sin-f140-n200;414590
totalMSGsrcrep;0;sin-f140-n200;246882
totalMSGrepclo;0;sin-f140-n200;167708
totalLATrepclo;0;sin-f140-n200;17593.708220
totalLATrepcloSTD;0;sin-f140-n200;9727.542096
totalLATmin;0;sin-f140-n200;15.550233
totalLATmax;0;sin-f140-n200;15.550233
totalLATminSTD;0;sin-f140-n200;3.759461
totalLATmaxSTD;0;sin-f140-n200;3.759461
totalMSG;0;Fstrrep-f140-n200;964799
totalMSGsrcrep;0;Fstrrep-f140-n200;813912
totalMSGrepclo;0;Fstrrep-f140-n200;150887
totalLATrepclo;0;Fstrrep-f140-n200;15572.300098
totalLATrepcloSTD;0;Fstrrep-f140-n200;9400.907513
totalLATmin;0;Fstrrep-f140-n200;14.485919
totalLATmax;0;Fstrrep-f140-n200;18.557429
totalLATminSTD;0;Fstrrep-f140-n200;4.796591
totalLATmaxSTD;0;Fstrrep-f140-n200;3.479085
totalMSG;0;rep-f150-n200;959563
totalMSGsrcrep;0;rep-f150-n200;817591
totalMSGrepclo;0;rep-f150-n200;141972
totalLATrepclo;0;rep-f150-n200;17172.305710
totalLATrepcloSTD;0;rep-f150-n200;11697.925449
totalLATmin;0;rep-f150-n200;13.513530
totalLATmax;0;rep-f150-n200;18.446940
totalLATminSTD;0;rep-f150-n200;5.757067
totalLATmaxSTD;0;rep-f150-n200;4.298152
totalMSG;0;sin-f150-n200;444736
totalMSGsrcrep;0;sin-f150-n200;267888
totalMSGrepclo;0;sin-f150-n200;176848
totalLATrepclo;0;sin-f150-n200;20079.984843
totalLATrepcloSTD;0;sin-f150-n200;11262.070219
totalLATmin;0;sin-f150-n200;15.633566
totalLATmax;0;sin-f150-n200;15.633566
totalLATminSTD;0;sin-f150-n200;3.811284
totalLATmaxSTD;0;sin-f150-n200;3.811284
totalMSG;0;Fstrrep-f150-n200;1039780
totalMSGsrcrep;0;Fstrrep-f150-n200;881973
totalMSGrepclo;0;Fstrrep-f150-n200;157807
totalLATrepclo;0;Fstrrep-f150-n200;17604.631667
totalLATrepcloSTD;0;Fstrrep-f150-n200;11240.635476
totalLATmin;0;Fstrrep-f150-n200;14.120205
totalLATmax;0;Fstrrep-f150-n200;18.666954
totalLATminSTD;0;Fstrrep-f150-n200;5.076695
totalLATmaxSTD;0;Fstrrep-f150-n200;4.045873
totalMSG;0;rep-f160-n200;1015452
totalMSGsrcrep;0;rep-f160-n200;865732
totalMSGrepclo;0;rep-f160-n200;149720
totalLATrepclo;0;rep-f160-n200;18994.536811
totalLATrepcloSTD;0;rep-f160-n200;12920.350724
totalLATmin;0;rep-f160-n200;13.768951
totalLATmax;0;rep-f160-n200;18.500281
totalLATminSTD;0;rep-f160-n200;5.657161
totalLATmaxSTD;0;rep-f160-n200;4.524967
totalMSG;0;sin-f160-n200;469246
totalMSGsrcrep;0;sin-f160-n200;284559
totalMSGrepclo;0;sin-f160-n200;184687
totalLATrepclo;0;sin-f160-n200;21558.729437
totalLATrepcloSTD;0;sin-f160-n200;12156.982663
totalLATmin;0;sin-f160-n200;15.681485
totalLATmax;0;sin-f160-n200;15.681485
totalLATminSTD;0;sin-f160-n200;3.737313
totalLATmaxSTD;0;sin-f160-n200;3.737313
totalMSG;0;Fstrrep-f160-n200;1091556
totalMSGsrcrep;0;Fstrrep-f160-n200;927560
totalMSGrepclo;0;Fstrrep-f160-n200;163996
totalLATrepclo;0;Fstrrep-f160-n200;19423.669751
totalLATrepcloSTD;0;Fstrrep-f160-n200;12398.357082
totalLATmin;0;Fstrrep-f160-n200;13.800203
totalLATmax;0;Fstrrep-f160-n200;18.844040
totalLATminSTD;0;Fstrrep-f160-n200;4.965939
totalLATmaxSTD;0;Fstrrep-f160-n200;3.550640
totalMSG;0;rep-f170-n200;1080400
totalMSGsrcrep;0;rep-f170-n200;922260
totalMSGrepclo;0;rep-f170-n200;158140
totalLATrepclo;0;rep-f170-n200;20519.944799
totalLATrepcloSTD;0;rep-f170-n200;14059.515772
totalLATmin;0;rep-f170-n200;13.882555
totalLATmax;0;rep-f170-n200;18.317925
totalLATminSTD;0;rep-f170-n200;5.336749
totalLATmaxSTD;0;rep-f170-n200;4.286020
totalMSG;0;sin-f170-n200;495948
totalMSGsrcrep;0;sin-f170-n200;302932
totalMSGrepclo;0;sin-f170-n200;193016
totalLATrepclo;0;sin-f170-n200;23029.329136
totalLATrepcloSTD;0;sin-f170-n200;13119.381798
totalLATmin;0;sin-f170-n200;15.770821
totalLATmax;0;sin-f170-n200;15.770821
totalLATminSTD;0;sin-f170-n200;3.824157
totalLATmaxSTD;0;sin-f170-n200;3.824157
totalMSG;0;Fstrrep-f170-n200;1152772
totalMSGsrcrep;0;Fstrrep-f170-n200;985318
totalMSGrepclo;0;Fstrrep-f170-n200;167454
totalLATrepclo;0;Fstrrep-f170-n200;21284.216290
totalLATrepcloSTD;0;Fstrrep-f170-n200;13786.335298
totalLATmin;0;Fstrrep-f170-n200;14.306085
totalLATmax;0;Fstrrep-f170-n200;18.512052
totalLATminSTD;0;Fstrrep-f170-n200;4.600612
totalLATmaxSTD;0;Fstrrep-f170-n200;3.564943
totalMSG;0;rep-f180-n200;1157689
totalMSGsrcrep;0;rep-f180-n200;990412
totalMSGrepclo;0;rep-f180-n200;167277
totalLATrepclo;0;rep-f180-n200;22224.907913
totalLATrepcloSTD;0;rep-f180-n200;15028.840703
totalLATmin;0;rep-f180-n200;13.805758
totalLATmax;0;rep-f180-n200;18.539168
totalLATminSTD;0;rep-f180-n200;5.094816
totalLATmaxSTD;0;rep-f180-n200;4.393666
totalMSG;0;sin-f180-n200;535679
totalMSGsrcrep;0;sin-f180-n200;327190
totalMSGrepclo;0;sin-f180-n200;208489
totalLATrepclo;0;sin-f180-n200;25288.604129
totalLATrepcloSTD;0;sin-f180-n200;14397.658741
totalLATmin;0;sin-f180-n200;15.711346
totalLATmax;0;sin-f180-n200;15.711346
totalLATminSTD;0;sin-f180-n200;3.597095
totalLATmaxSTD;0;sin-f180-n200;3.597095
totalMSG;0;Fstrrep-f180-n200;1232300
totalMSGsrcrep;0;Fstrrep-f180-n200;1057781
totalMSGrepclo;0;Fstrrep-f180-n200;174519
totalLATrepclo;0;Fstrrep-f180-n200;23619.019835
totalLATrepcloSTD;0;Fstrrep-f180-n200;16129.480949
totalLATmin;0;Fstrrep-f180-n200;13.789087
totalLATmax;0;Fstrrep-f180-n200;18.705842
totalLATminSTD;0;Fstrrep-f180-n200;5.069552
totalLATmaxSTD;0;Fstrrep-f180-n200;3.678328
totalMSG;0;rep-f190-n200;1218325
totalMSGsrcrep;0;rep-f190-n200;1045453
totalMSGrepclo;0;rep-f190-n200;172872
totalLATrepclo;0;rep-f190-n200;23379.508061
totalLATrepcloSTD;0;rep-f190-n200;15638.810884
totalLATmin;0;rep-f190-n200;14.452835
totalLATmax;0;rep-f190-n200;18.047645
totalLATminSTD;0;rep-f190-n200;5.103744
totalLATmaxSTD;0;rep-f190-n200;4.184319
totalMSG;0;sin-f190-n200;561891
totalMSGsrcrep;0;sin-f190-n200;345177
totalMSGrepclo;0;sin-f190-n200;216714
totalLATrepclo;0;sin-f190-n200;26380.327558
totalLATrepcloSTD;0;sin-f190-n200;15122.888967
totalLATmin;0;sin-f190-n200;15.947604
totalLATmax;0;sin-f190-n200;15.947604
totalLATminSTD;0;sin-f190-n200;3.849495
totalLATmaxSTD;0;sin-f190-n200;3.849495
totalMSG;0;Fstrrep-f190-n200;1286080
totalMSGsrcrep;0;Fstrrep-f190-n200;1112208
totalMSGrepclo;0;Fstrrep-f190-n200;173872
totalLATrepclo;0;Fstrrep-f190-n200;24933.140870
totalLATrepcloSTD;0;Fstrrep-f190-n200;17800.041027
totalLATmin;0;Fstrrep-f190-n200;13.652822
totalLATmax;0;Fstrrep-f190-n200;18.289756
totalLATminSTD;0;Fstrrep-f190-n200;5.260165
totalLATmaxSTD;0;Fstrrep-f190-n200;3.935745
totalMSG;0;rep-f200-n200;1279901
totalMSGsrcrep;0;rep-f200-n200;1099929
totalMSGrepclo;0;rep-f200-n200;179972
totalLATrepclo;0;rep-f200-n200;24317.631962
totalLATrepcloSTD;0;rep-f200-n200;16614.584940
totalLATmin;0;rep-f200-n200;14.215203
totalLATmax;0;rep-f200-n200;18.105272
totalLATminSTD;0;rep-f200-n200;4.940572
totalLATmaxSTD;0;rep-f200-n200;3.969158
totalMSG;0;sin-f200-n200;588494
totalMSGsrcrep;0;sin-f200-n200;364246
totalMSGrepclo;0;sin-f200-n200;224248
totalLATrepclo;0;sin-f200-n200;27235.091400
totalLATrepcloSTD;0;sin-f200-n200;15671.547398
totalLATmin;0;sin-f200-n200;16.000236
totalLATmax;0;sin-f200-n200;16.000236
totalLATminSTD;0;sin-f200-n200;3.860097
totalLATmaxSTD;0;sin-f200-n200;3.860097
totalMSG;0;Fstrrep-f200-n200;1335603
totalMSGsrcrep;0;Fstrrep-f200-n200;1163078
totalMSGrepclo;0;Fstrrep-f200-n200;172525
totalLATrepclo;0;Fstrrep-f200-n200;26170.800852
totalLATrepcloSTD;0;Fstrrep-f200-n200;19550.032432
totalLATmin;0;Fstrrep-f200-n200;13.265188
totalLATmax;0;Fstrrep-f200-n200;18.400277
totalLATminSTD;0;Fstrrep-f200-n200;5.189932
totalLATmaxSTD;0;Fstrrep-f200-n200;4.178540
totalMSG;1;rep-f100-n200;607818
totalMSGsrcrep;1;rep-f100-n200;508526
totalMSGrepclo;1;rep-f100-n200;99292
totalLATrepclo;1;rep-f100-n200;4891.468606
totalLATrepcloSTD;1;rep-f100-n200;2186.711953
totalLATmin;1;rep-f100-n200;11.870181
totalLATmax;1;rep-f100-n200;17.550267
totalLATminSTD;1;rep-f100-n200;4.851163
totalLATmaxSTD;1;rep-f100-n200;4.116770
totalMSG;1;sin-f100-n200;291656
totalMSGsrcrep;1;sin-f100-n200;169244
totalMSGrepclo;1;sin-f100-n200;122412
totalLATrepclo;1;sin-f100-n200;2483.539440
totalLATrepcloSTD;1;sin-f100-n200;1142.022411
totalLATmin;1;sin-f100-n200;15.080226
totalLATmax;1;sin-f100-n200;15.080226
totalLATminSTD;1;sin-f100-n200;4.237216
totalLATmaxSTD;1;sin-f100-n200;4.237216
totalMSG;1;Fstrrep-f100-n200;692244
totalMSGsrcrep;1;Fstrrep-f100-n200;575940
totalMSGrepclo;1;Fstrrep-f100-n200;116304
totalLATrepclo;1;Fstrrep-f100-n200;4809.645131
totalLATrepcloSTD;1;Fstrrep-f100-n200;1658.040995
totalLATmin;1;Fstrrep-f100-n200;14.560213
totalLATmax;1;Fstrrep-f100-n200;18.980294
totalLATminSTD;1;Fstrrep-f100-n200;4.652624
totalLATmaxSTD;1;Fstrrep-f100-n200;3.878118
totalMSG;1;rep-f110-n200;673960
totalMSGsrcrep;1;rep-f110-n200;562260
totalMSGrepclo;1;rep-f110-n200;111700
totalLATrepclo;1;rep-f110-n200;9255.877543
totalLATrepcloSTD;1;rep-f110-n200;5005.309830
totalLATmin;1;rep-f110-n200;12.827460
totalLATmax;1;rep-f110-n200;17.636633
totalLATminSTD;1;rep-f110-n200;5.310187
totalLATmaxSTD;1;rep-f110-n200;4.186010
totalMSG;1;sin-f110-n200;319915
totalMSGsrcrep;1;sin-f110-n200;185494
totalMSGrepclo;1;sin-f110-n200;134421
totalLATrepclo;1;sin-f110-n200;7420.267502
totalLATrepcloSTD;1;sin-f110-n200;3967.455735
totalLATmin;1;sin-f110-n200;15.191136
totalLATmax;1;sin-f110-n200;15.191136
totalLATminSTD;1;sin-f110-n200;3.855366
totalLATmaxSTD;1;sin-f110-n200;3.855366
totalMSG;1;Fstrrep-f110-n200;757117
totalMSGsrcrep;1;Fstrrep-f110-n200;625956
totalMSGrepclo;1;Fstrrep-f110-n200;131161
totalLATrepclo;1;Fstrrep-f110-n200;9878.572197
totalLATrepcloSTD;1;Fstrrep-f110-n200;4779.356492
totalLATmin;1;Fstrrep-f110-n200;14.400209
totalLATmax;1;Fstrrep-f110-n200;18.663923
totalLATminSTD;1;Fstrrep-f110-n200;4.784874
totalLATmaxSTD;1;Fstrrep-f110-n200;4.061562
totalMSG;1;rep-f120-n200;743523
totalMSGsrcrep;1;rep-f120-n200;623570
totalMSGrepclo;1;rep-f120-n200;119953
totalLATrepclo;1;rep-f120-n200;12381.762383
totalLATrepcloSTD;1;rep-f120-n200;7273.553833
totalLATmin;1;rep-f120-n200;13.133526
totalLATmax;1;rep-f120-n200;17.933603
totalLATminSTD;1;rep-f120-n200;5.289881
totalLATmaxSTD;1;rep-f120-n200;4.377501
totalMSG;1;sin-f120-n200;346832
totalMSGsrcrep;1;sin-f120-n200;203011
totalMSGrepclo;1;sin-f120-n200;143821
totalLATrepclo;1;sin-f120-n200;10792.144055
totalLATrepcloSTD;1;sin-f120-n200;6020.215462
totalLATmin;1;sin-f120-n200;15.341892
totalLATmax;1;sin-f120-n200;15.341892
totalLATminSTD;1;sin-f120-n200;3.884829
totalLATmaxSTD;1;sin-f120-n200;3.884829
totalMSG;1;Fstrrep-f120-n200;832586
totalMSGsrcrep;1;Fstrrep-f120-n200;694141
totalMSGrepclo;1;Fstrrep-f120-n200;138445
totalLATrepclo;1;Fstrrep-f120-n200;12783.408348
totalLATrepcloSTD;1;Fstrrep-f120-n200;6697.342269
totalLATmin;1;Fstrrep-f120-n200;14.558543
totalLATmax;1;Fstrrep-f120-n200;18.708619
totalLATminSTD;1;Fstrrep-f120-n200;5.034596
totalLATmaxSTD;1;Fstrrep-f120-n200;3.867411
totalMSG;1;rep-f130-n200;808552
totalMSGsrcrep;1;rep-f130-n200;679765
totalMSGrepclo;1;rep-f130-n200;128787
totalLATrepclo;1;rep-f130-n200;15164.641456
totalLATrepcloSTD;1;rep-f130-n200;9337.151282
totalLATmin;1;rep-f130-n200;13.392510
totalLATmax;1;rep-f130-n200;17.954122
totalLATminSTD;1;rep-f130-n200;5.245562
totalLATmaxSTD;1;rep-f130-n200;4.161882
totalMSG;1;sin-f130-n200;375392
totalMSGsrcrep;1;sin-f130-n200;220378
totalMSGrepclo;1;sin-f130-n200;155014
totalLATrepclo;1;sin-f130-n200;14039.277928
totalLATrepcloSTD;1;sin-f130-n200;8000.783393
totalLATmin;1;sin-f130-n200;15.438694
totalLATmax;1;sin-f130-n200;15.438694
totalLATminSTD;1;sin-f130-n200;3.930212
totalLATmaxSTD;1;sin-f130-n200;3.930212
totalMSG;1;Fstrrep-f130-n200;888846
totalMSGsrcrep;1;Fstrrep-f130-n200;741288
totalMSGrepclo;1;Fstrrep-f130-n200;147558
totalLATrepclo;1;Fstrrep-f130-n200;16104.465051
totalLATrepcloSTD;1;Fstrrep-f130-n200;8885.639990
totalLATmin;1;Fstrrep-f130-n200;14.092513
totalLATmax;1;Fstrrep-f130-n200;18.569519
totalLATminSTD;1;Fstrrep-f130-n200;5.026815
totalLATmaxSTD;1;Fstrrep-f130-n200;4.064776
totalMSG;1;rep-f140-n200;869659
totalMSGsrcrep;1;rep-f140-n200;731239
totalMSGrepclo;1;rep-f140-n200;138420
totalLATrepclo;1;rep-f140-n200;17765.957448
totalLATrepcloSTD;1;rep-f140-n200;11297.766487
totalLATmin;1;rep-f140-n200;13.714483
totalLATmax;1;rep-f140-n200;18.214561
totalLATminSTD;1;rep-f140-n200;5.559199
totalLATmaxSTD;1;rep-f140-n200;4.254082
totalMSG;1;sin-f140-n200;402385
totalMSGsrcrep;1;sin-f140-n200;238947
totalMSGrepclo;1;sin-f140-n200;163438
totalLATrepclo;1;sin-f140-n200;16351.463705
totalLATrepcloSTD;1;sin-f140-n200;9420.093894
totalLATmin;1;sin-f140-n200;15.550233
totalLATmax;1;sin-f140-n200;15.550233
totalLATminSTD;1;sin-f140-n200;3.759461
totalLATmaxSTD;1;sin-f140-n200;3.759461
totalMSG;1;Fstrrep-f140-n200;951671
totalMSGsrcrep;1;Fstrrep-f140-n200;797230
totalMSGrepclo;1;Fstrrep-f140-n200;154441
totalLATrepclo;1;Fstrrep-f140-n200;18384.367437
totalLATrepcloSTD;1;Fstrrep-f140-n200;10773.900037
totalLATmin;1;Fstrrep-f140-n200;14.485919
totalLATmax;1;Fstrrep-f140-n200;18.557429
totalLATminSTD;1;Fstrrep-f140-n200;4.796591
totalLATmaxSTD;1;Fstrrep-f140-n200;3.479085
totalMSG;1;rep-f150-n200;948276
totalMSGsrcrep;1;rep-f150-n200;803034
totalMSGrepclo;1;rep-f150-n200;145242
totalLATrepclo;1;rep-f150-n200;19246.575819
totalLATrepcloSTD;1;rep-f150-n200;12726.028187
totalLATmin;1;rep-f150-n200;13.513530
totalLATmax;1;rep-f150-n200;18.446940
totalLATminSTD;1;rep-f150-n200;5.757067
totalLATmaxSTD;1;rep-f150-n200;4.298152
totalMSG;1;sin-f150-n200;430829
totalMSGsrcrep;1;sin-f150-n200;259486
totalMSGrepclo;1;sin-f150-n200;171343
totalLATrepclo;1;sin-f150-n200;18807.366033
totalLATrepcloSTD;1;sin-f150-n200;10867.362342
totalLATmin;1;sin-f150-n200;15.633566
totalLATmax;1;sin-f150-n200;15.633566
totalLATminSTD;1;sin-f150-n200;3.811284
totalLATmaxSTD;1;sin-f150-n200;3.811284
totalMSG;1;Fstrrep-f150-n200;1023995
totalMSGsrcrep;1;Fstrrep-f150-n200;863454
totalMSGrepclo;1;Fstrrep-f150-n200;160541
totalLATrepclo;1;Fstrrep-f150-n200;20059.173865
totalLATrepcloSTD;1;Fstrrep-f150-n200;12635.935160
totalLATmin;1;Fstrrep-f150-n200;14.120205
totalLATmax;1;Fstrrep-f150-n200;18.666954
totalLATminSTD;1;Fstrrep-f150-n200;5.076695
totalLATmaxSTD;1;Fstrrep-f150-n200;4.045873
totalMSG;1;rep-f160-n200;1005237
totalMSGsrcrep;1;rep-f160-n200;851383
totalMSGrepclo;1;rep-f160-n200;153854
totalLATrepclo;1;rep-f160-n200;20867.724494
totalLATrepcloSTD;1;rep-f160-n200;13945.321373
totalLATmin;1;rep-f160-n200;13.768951
totalLATmax;1;rep-f160-n200;18.500281
totalLATminSTD;1;rep-f160-n200;5.657161
totalLATmaxSTD;1;rep-f160-n200;4.524967
totalMSG;1;sin-f160-n200;454585
totalMSGsrcrep;1;sin-f160-n200;275553
totalMSGrepclo;1;sin-f160-n200;179032
totalLATrepclo;1;sin-f160-n200;20475.288272
totalLATrepcloSTD;1;sin-f160-n200;11918.274241
totalLATmin;1;sin-f160-n200;15.681485
totalLATmax;1;sin-f160-n200;15.681485
totalLATminSTD;1;sin-f160-n200;3.737313
totalLATmaxSTD;1;sin-f160-n200;3.737313
totalMSG;1;Fstrrep-f160-n200;1076691
totalMSGsrcrep;1;Fstrrep-f160-n200;909736
totalMSGrepclo;1;Fstrrep-f160-n200;166955
totalLATrepclo;1;Fstrrep-f160-n200;21689.599667
totalLATrepcloSTD;1;Fstrrep-f160-n200;13740.074065
totalLATmin;1;Fstrrep-f160-n200;13.800203
totalLATmax;1;Fstrrep-f160-n200;18.844040
totalLATminSTD;1;Fstrrep-f160-n200;4.965939
totalLATmaxSTD;1;Fstrrep-f160-n200;3.550640
totalMSG;1;rep-f170-n200;1069147
totalMSGsrcrep;1;rep-f170-n200;906557
totalMSGrepclo;1;rep-f170-n200;162590
totalLATrepclo;1;rep-f170-n200;22426.090484
totalLATrepcloSTD;1;rep-f170-n200;15155.988741
totalLATmin;1;rep-f170-n200;13.882555
totalLATmax;1;rep-f170-n200;18.317925
totalLATminSTD;1;rep-f170-n200;5.336749
totalLATmaxSTD;1;rep-f170-n200;4.286020
totalMSG;1;sin-f170-n200;480698
totalMSGsrcrep;1;sin-f170-n200;292859
totalMSGrepclo;1;sin-f170-n200;187839
totalLATrepclo;1;sin-f170-n200;21983.614793
totalLATrepcloSTD;1;sin-f170-n200;12882.848676
totalLATmin;1;sin-f170-n200;15.770821
totalLATmax;1;sin-f170-n200;15.770821
totalLATminSTD;1;sin-f170-n200;3.824157
totalLATmaxSTD;1;sin-f170-n200;3.824157
totalMSG;1;Fstrrep-f170-n200;1137618
totalMSGsrcrep;1;Fstrrep-f170-n200;965390
totalMSGrepclo;1;Fstrrep-f170-n200;172228
totalLATrepclo;1;Fstrrep-f170-n200;23319.593970
totalLATrepcloSTD;1;Fstrrep-f170-n200;15058.003124
totalLATmin;1;Fstrrep-f170-n200;14.306085
totalLATmax;1;Fstrrep-f170-n200;18.512052
totalLATminSTD;1;Fstrrep-f170-n200;4.600612
totalLATmaxSTD;1;Fstrrep-f170-n200;3.564943
totalMSG;1;rep-f180-n200;1144345
totalMSGsrcrep;1;rep-f180-n200;971721
totalMSGrepclo;1;rep-f180-n200;172624
totalLATrepclo;1;rep-f180-n200;24011.416975
totalLATrepcloSTD;1;rep-f180-n200;16011.961251
totalLATmin;1;rep-f180-n200;13.805758
totalLATmax;1;rep-f180-n200;18.539168
totalLATminSTD;1;rep-f180-n200;5.094816
totalLATmaxSTD;1;rep-f180-n200;4.393666
totalMSG;1;sin-f180-n200;519407
totalMSGsrcrep;1;sin-f180-n200;316621
totalMSGrepclo;1;sin-f180-n200;202786
totalLATrepclo;1;sin-f180-n200;23996.830013
totalLATrepcloSTD;1;sin-f180-n200;14048.400115
totalLATmin;1;sin-f180-n200;15.711346
totalLATmax;1;sin-f180-n200;15.711346
totalLATminSTD;1;sin-f180-n200;3.597095
totalLATmaxSTD;1;sin-f180-n200;3.597095
totalMSG;1;Fstrrep-f180-n200;1213950
totalMSGsrcrep;1;Fstrrep-f180-n200;1035067
totalMSGrepclo;1;Fstrrep-f180-n200;178883
totalLATrepclo;1;Fstrrep-f180-n200;25167.485793
totalLATrepcloSTD;1;Fstrrep-f180-n200;17067.001523
totalLATmin;1;Fstrrep-f180-n200;13.789087
totalLATmax;1;Fstrrep-f180-n200;18.705842
totalLATminSTD;1;Fstrrep-f180-n200;5.069552
totalLATmaxSTD;1;Fstrrep-f180-n200;3.678328
totalMSG;1;rep-f190-n200;1202625
totalMSGsrcrep;1;rep-f190-n200;1025015
totalMSGrepclo;1;rep-f190-n200;177610
totalLATrepclo;1;rep-f190-n200;25189.470438
totalLATrepcloSTD;1;rep-f190-n200;16626.818643
totalLATmin;1;rep-f190-n200;14.452835
totalLATmax;1;rep-f190-n200;18.047645
totalLATminSTD;1;rep-f190-n200;5.103744
totalLATmaxSTD;1;rep-f190-n200;4.184319
totalMSG;1;sin-f190-n200;544968
totalMSGsrcrep;1;sin-f190-n200;334439
totalMSGrepclo;1;sin-f190-n200;210529
totalLATrepclo;1;sin-f190-n200;25088.580962
totalLATrepcloSTD;1;sin-f190-n200;14757.483035
totalLATmin;1;sin-f190-n200;15.947604
totalLATmax;1;sin-f190-n200;15.947604
totalLATminSTD;1;sin-f190-n200;3.849495
totalLATmaxSTD;1;sin-f190-n200;3.849495
totalMSG;1;Fstrrep-f190-n200;1265288
totalMSGsrcrep;1;Fstrrep-f190-n200;1088106
totalMSGrepclo;1;Fstrrep-f190-n200;177182
totalLATrepclo;1;Fstrrep-f190-n200;26025.099373
totalLATrepcloSTD;1;Fstrrep-f190-n200;18580.356400
totalLATmin;1;Fstrrep-f190-n200;13.652822
totalLATmax;1;Fstrrep-f190-n200;18.289756
totalLATminSTD;1;Fstrrep-f190-n200;5.260165
totalLATmaxSTD;1;Fstrrep-f190-n200;3.935745
totalMSG;1;rep-f200-n200;1266136
totalMSGsrcrep;1;rep-f200-n200;1079827
totalMSGrepclo;1;rep-f200-n200;186309
totalLATrepclo;1;rep-f200-n200;26035.006213
totalLATrepcloSTD;1;rep-f200-n200;17600.071324
totalLATmin;1;rep-f200-n200;14.215203
totalLATmax;1;rep-f200-n200;18.105272
totalLATminSTD;1;rep-f200-n200;4.940572
totalLATmaxSTD;1;rep-f200-n200;3.969158
totalMSG;1;sin-f200-n200;570382
totalMSGsrcrep;1;sin-f200-n200;352341
totalMSGrepclo;1;sin-f200-n200;218041
totalLATrepclo;1;sin-f200-n200;26069.504047
totalLATrepcloSTD;1;sin-f200-n200;15338.806796
totalLATmin;1;sin-f200-n200;16.000236
totalLATmax;1;sin-f200-n200;16.000236
totalLATminSTD;1;sin-f200-n200;3.860097
totalLATmaxSTD;1;sin-f200-n200;3.860097
totalMSG;1;Fstrrep-f200-n200;1315606
totalMSGsrcrep;1;Fstrrep-f200-n200;1138036
totalMSGrepclo;1;Fstrrep-f200-n200;177570
totalLATrepclo;1;Fstrrep-f200-n200;27393.368827
totalLATrepcloSTD;1;Fstrrep-f200-n200;20263.207400
totalLATmin;1;Fstrrep-f200-n200;13.265188
totalLATmax;1;Fstrrep-f200-n200;18.400277
totalLATminSTD;1;Fstrrep-f200-n200;5.189932
totalLATmaxSTD;1;Fstrrep-f200-n200;4.178540
totalMSG;2;rep-f100-n200;597655
totalMSGsrcrep;2;rep-f100-n200;500954
totalMSGrepclo;2;rep-f100-n200;96701
totalLATrepclo;2;rep-f100-n200;1416.134305
totalLATrepcloSTD;2;rep-f100-n200;834.924188
totalLATmin;2;rep-f100-n200;11.870181
totalLATmax;2;rep-f100-n200;17.550267
totalLATminSTD;2;rep-f100-n200;4.851163
totalLATmaxSTD;2;rep-f100-n200;4.116770
totalMSG;2;sin-f100-n200;277001
totalMSGsrcrep;2;sin-f100-n200;160034
totalMSGrepclo;2;sin-f100-n200;116967
totalLATrepclo;2;sin-f100-n200;432.233509
totalLATrepcloSTD;2;sin-f100-n200;469.921455
totalLATmin;2;sin-f100-n200;15.080226
totalLATmax;2;sin-f100-n200;15.080226
totalLATminSTD;2;sin-f100-n200;4.237216
totalLATmaxSTD;2;sin-f100-n200;4.237216
totalMSG;2;Fstrrep-f100-n200;681757
totalMSGsrcrep;2;Fstrrep-f100-n200;568256
totalMSGrepclo;2;Fstrrep-f100-n200;113501
totalLATrepclo;2;Fstrrep-f100-n200;1407.685294
totalLATrepcloSTD;2;Fstrrep-f100-n200;619.337406
totalLATmin;2;Fstrrep-f100-n200;14.560213
totalLATmax;2;Fstrrep-f100-n200;18.980294
totalLATminSTD;2;Fstrrep-f100-n200;4.652624
totalLATmaxSTD;2;Fstrrep-f100-n200;3.878118
totalMSG;2;rep-f110-n200;662235
totalMSGsrcrep;2;rep-f110-n200;552874
totalMSGrepclo;2;rep-f110-n200;109361
totalLATrepclo;2;rep-f110-n200;5879.923729
totalLATrepcloSTD;2;rep-f110-n200;3855.292056
totalLATmin;2;rep-f110-n200;12.827460
totalLATmax;2;rep-f110-n200;17.636633
totalLATminSTD;2;rep-f110-n200;5.310187
totalLATmaxSTD;2;rep-f110-n200;4.186010
totalMSG;2;sin-f110-n200;304341
totalMSGsrcrep;2;sin-f110-n200;175475
totalMSGrepclo;2;sin-f110-n200;128866
totalLATrepclo;2;sin-f110-n200;4494.513693
totalLATrepcloSTD;2;sin-f110-n200;2079.587247
totalLATmin;2;sin-f110-n200;15.191136
totalLATmax;2;sin-f110-n200;15.191136
totalLATminSTD;2;sin-f110-n200;3.855366
totalLATmaxSTD;2;sin-f110-n200;3.855366
totalMSG;2;Fstrrep-f110-n200;746179
totalMSGsrcrep;2;Fstrrep-f110-n200;617957
totalMSGrepclo;2;Fstrrep-f110-n200;128222
totalLATrepclo;2;Fstrrep-f110-n200;5872.799758
totalLATrepcloSTD;2;Fstrrep-f110-n200;3541.033911
totalLATmin;2;Fstrrep-f110-n200;14.400209
totalLATmax;2;Fstrrep-f110-n200;18.663923
totalLATminSTD;2;Fstrrep-f110-n200;4.784874
totalLATmaxSTD;2;Fstrrep-f110-n200;4.061562
totalMSG;2;rep-f120-n200;731596
totalMSGsrcrep;2;rep-f120-n200;613911
totalMSGrepclo;2;rep-f120-n200;117685
totalLATrepclo;2;rep-f120-n200;9169.512276
totalLATrepcloSTD;2;rep-f120-n200;6068.498774
totalLATmin;2;rep-f120-n200;13.133526
totalLATmax;2;rep-f120-n200;17.933603
totalLATminSTD;2;rep-f120-n200;5.289881
totalLATmaxSTD;2;rep-f120-n200;4.377501
totalMSG;2;sin-f120-n200;329799
totalMSGsrcrep;2;sin-f120-n200;192473
totalMSGrepclo;2;sin-f120-n200;137326
totalLATrepclo;2;sin-f120-n200;7463.167673
totalLATrepcloSTD;2;sin-f120-n200;3974.099651
totalLATmin;2;sin-f120-n200;15.341892
totalLATmax;2;sin-f120-n200;15.341892
totalLATminSTD;2;sin-f120-n200;3.884829
totalLATmaxSTD;2;sin-f120-n200;3.884829
totalMSG;2;Fstrrep-f120-n200;820431
totalMSGsrcrep;2;Fstrrep-f120-n200;684782
totalMSGrepclo;2;Fstrrep-f120-n200;135649
totalLATrepclo;2;Fstrrep-f120-n200;9292.188983
totalLATrepcloSTD;2;Fstrrep-f120-n200;5648.830971
totalLATmin;2;Fstrrep-f120-n200;14.558543
totalLATmax;2;Fstrrep-f120-n200;18.708619
totalLATminSTD;2;Fstrrep-f120-n200;5.034596
totalLATmaxSTD;2;Fstrrep-f120-n200;3.867411
totalMSG;2;rep-f130-n200;795945
totalMSGsrcrep;2;rep-f130-n200;669362
totalMSGrepclo;2;rep-f130-n200;126583
totalLATrepclo;2;rep-f130-n200;11874.081596
totalLATrepcloSTD;2;rep-f130-n200;8032.389843
totalLATmin;2;rep-f130-n200;13.392510
totalLATmax;2;rep-f130-n200;17.954122
totalLATminSTD;2;rep-f130-n200;5.245562
totalLATmaxSTD;2;rep-f130-n200;4.161882
totalMSG;2;sin-f130-n200;359346
totalMSGsrcrep;2;sin-f130-n200;209083
totalMSGrepclo;2;sin-f130-n200;150263
totalLATrepclo;2;sin-f130-n200;11092.383750
totalLATrepcloSTD;2;sin-f130-n200;6091.844418
totalLATmin;2;sin-f130-n200;15.438694
totalLATmax;2;sin-f130-n200;15.438694
totalLATminSTD;2;sin-f130-n200;3.930212
totalLATmaxSTD;2;sin-f130-n200;3.930212
totalMSG;2;Fstrrep-f130-n200;875478
totalMSGsrcrep;2;Fstrrep-f130-n200;730817
totalMSGrepclo;2;Fstrrep-f130-n200;144661
totalLATrepclo;2;Fstrrep-f130-n200;12364.084074
totalLATrepcloSTD;2;Fstrrep-f130-n200;7589.685193
totalLATmin;2;Fstrrep-f130-n200;14.092513
totalLATmax;2;Fstrrep-f130-n200;18.569519
totalLATminSTD;2;Fstrrep-f130-n200;5.026815
totalLATmaxSTD;2;Fstrrep-f130-n200;4.064776
totalMSG;2;rep-f140-n200;854797
totalMSGsrcrep;2;rep-f140-n200;719761
totalMSGrepclo;2;rep-f140-n200;135036
totalLATrepclo;2;rep-f140-n200;13818.052069
totalLATrepcloSTD;2;rep-f140-n200;9361.229369
totalLATmin;2;rep-f140-n200;13.714483
totalLATmax;2;rep-f140-n200;18.214561
totalLATminSTD;2;rep-f140-n200;5.559199
totalLATmaxSTD;2;rep-f140-n200;4.254082
totalMSG;2;sin-f140-n200;384519
totalMSGsrcrep;2;sin-f140-n200;226874
totalMSGrepclo;2;sin-f140-n200;157645
totalLATrepclo;2;sin-f140-n200;13370.731508
totalLATrepcloSTD;2;sin-f140-n200;7363.021793
totalLATmin;2;sin-f140-n200;15.550233
totalLATmax;2;sin-f140-n200;15.550233
totalLATminSTD;2;sin-f140-n200;3.759461
totalLATmaxSTD;2;sin-f140-n200;3.759461
totalMSG;2;Fstrrep-f140-n200;937549
totalMSGsrcrep;2;Fstrrep-f140-n200;785809
totalMSGrepclo;2;Fstrrep-f140-n200;151740
totalLATrepclo;2;Fstrrep-f140-n200;14805.242402
totalLATrepcloSTD;2;Fstrrep-f140-n200;9261.239811
totalLATmin;2;Fstrrep-f140-n200;14.485919
totalLATmax;2;Fstrrep-f140-n200;18.557429
totalLATminSTD;2;Fstrrep-f140-n200;4.796591
totalLATmaxSTD;2;Fstrrep-f140-n200;3.479085
totalMSG;2;rep-f150-n200;933184
totalMSGsrcrep;2;rep-f150-n200;790322
totalMSGrepclo;2;rep-f150-n200;142862
totalLATrepclo;2;rep-f150-n200;16099.168545
totalLATrepcloSTD;2;rep-f150-n200;11238.359640
totalLATmin;2;rep-f150-n200;13.513530
totalLATmax;2;rep-f150-n200;18.446940
totalLATminSTD;2;rep-f150-n200;5.757067
totalLATmaxSTD;2;rep-f150-n200;4.298152
totalMSG;2;sin-f150-n200;411662
totalMSGsrcrep;2;sin-f150-n200;246132
totalMSGrepclo;2;sin-f150-n200;165530
totalLATrepclo;2;sin-f150-n200;16117.300754
totalLATrepcloSTD;2;sin-f150-n200;8943.540322
totalLATmin;2;sin-f150-n200;15.633566
totalLATmax;2;sin-f150-n200;15.633566
totalLATminSTD;2;sin-f150-n200;3.811284
totalLATmaxSTD;2;sin-f150-n200;3.811284
totalMSG;2;Fstrrep-f150-n200;1010026
totalMSGsrcrep;2;Fstrrep-f150-n200;852394
totalMSGrepclo;2;Fstrrep-f150-n200;157632
totalLATrepclo;2;Fstrrep-f150-n200;16327.578157
totalLATrepcloSTD;2;Fstrrep-f150-n200;10872.782589
totalLATmin;2;Fstrrep-f150-n200;14.120205
totalLATmax;2;Fstrrep-f150-n200;18.666954
totalLATminSTD;2;Fstrrep-f150-n200;5.076695
totalLATmaxSTD;2;Fstrrep-f150-n200;4.045873
totalMSG;2;rep-f160-n200;987877
totalMSGsrcrep;2;rep-f160-n200;837280
totalMSGrepclo;2;rep-f160-n200;150597
totalLATrepclo;2;rep-f160-n200;17759.193042
totalLATrepcloSTD;2;rep-f160-n200;12353.119783
totalLATmin;2;rep-f160-n200;13.768951
totalLATmax;2;rep-f160-n200;18.500281
totalLATminSTD;2;rep-f160-n200;5.657161
totalLATmaxSTD;2;rep-f160-n200;4.524967
totalMSG;2;sin-f160-n200;434776
totalMSGsrcrep;2;sin-f160-n200;261647
totalMSGrepclo;2;sin-f160-n200;173129
totalLATrepclo;2;sin-f160-n200;17894.515587
totalLATrepcloSTD;2;sin-f160-n200;10047.458267
totalLATmin;2;sin-f160-n200;15.681485
totalLATmax;2;sin-f160-n200;15.681485
totalLATminSTD;2;sin-f160-n200;3.737313
totalLATmaxSTD;2;sin-f160-n200;3.737313
totalMSG;2;Fstrrep-f160-n200;1060725
totalMSGsrcrep;2;Fstrrep-f160-n200;896365
totalMSGrepclo;2;Fstrrep-f160-n200;164360
totalLATrepclo;2;Fstrrep-f160-n200;18220.862852
totalLATrepcloSTD;2;Fstrrep-f160-n200;11971.387337
totalLATmin;2;Fstrrep-f160-n200;13.800203
totalLATmax;2;Fstrrep-f160-n200;18.844040
totalLATminSTD;2;Fstrrep-f160-n200;4.965939
totalLATmaxSTD;2;Fstrrep-f160-n200;3.550640
totalMSG;2;rep-f170-n200;1051481
totalMSGsrcrep;2;rep-f170-n200;892223
totalMSGrepclo;2;rep-f170-n200;159258
totalLATrepclo;2;rep-f170-n200;19233.441258
totalLATrepcloSTD;2;rep-f170-n200;13471.002518
totalLATmin;2;rep-f170-n200;13.882555
totalLATmax;2;rep-f170-n200;18.317925
totalLATminSTD;2;rep-f170-n200;5.336749
totalLATmaxSTD;2;rep-f170-n200;4.286020
totalMSG;2;sin-f170-n200;458444
totalMSGsrcrep;2;sin-f170-n200;277996
totalMSGrepclo;2;sin-f170-n200;180448
totalLATrepclo;2;sin-f170-n200;19507.944693
totalLATrepcloSTD;2;sin-f170-n200;11000.019212
totalLATmin;2;sin-f170-n200;15.770821
totalLATmax;2;sin-f170-n200;15.770821
totalLATminSTD;2;sin-f170-n200;3.824157
totalLATmaxSTD;2;sin-f170-n200;3.824157
totalMSG;2;Fstrrep-f170-n200;1120204
totalMSGsrcrep;2;Fstrrep-f170-n200;951606
totalMSGrepclo;2;Fstrrep-f170-n200;168598
totalLATrepclo;2;Fstrrep-f170-n200;19947.636548
totalLATrepcloSTD;2;Fstrrep-f170-n200;13204.676908
totalLATmin;2;Fstrrep-f170-n200;14.306085
totalLATmax;2;Fstrrep-f170-n200;18.512052
totalLATminSTD;2;Fstrrep-f170-n200;4.600612
totalLATmaxSTD;2;Fstrrep-f170-n200;3.564943
totalMSG;2;rep-f180-n200;1127049
totalMSGsrcrep;2;rep-f180-n200;957825
totalMSGrepclo;2;rep-f180-n200;169224
totalLATrepclo;2;rep-f180-n200;21062.008074
totalLATrepcloSTD;2;rep-f180-n200;14407.249747
totalLATmin;2;rep-f180-n200;13.805758
totalLATmax;2;rep-f180-n200;18.539168
totalLATminSTD;2;rep-f180-n200;5.094816
totalLATmaxSTD;2;rep-f180-n200;4.393666
totalMSG;2;sin-f180-n200;495823
totalMSGsrcrep;2;sin-f180-n200;300413
totalMSGrepclo;2;sin-f180-n200;195410
totalLATrepclo;2;sin-f180-n200;21993.270482
totalLATrepcloSTD;2;sin-f180-n200;12519.762911
totalLATmin;2;sin-f180-n200;15.711346
totalLATmax;2;sin-f180-n200;15.711346
totalLATminSTD;2;sin-f180-n200;3.597095
totalLATmaxSTD;2;sin-f180-n200;3.597095
totalMSG;2;Fstrrep-f180-n200;1197104
totalMSGsrcrep;2;Fstrrep-f180-n200;1022039
totalMSGrepclo;2;Fstrrep-f180-n200;175065
totalLATrepclo;2;Fstrrep-f180-n200;22277.622284
totalLATrepcloSTD;2;Fstrrep-f180-n200;15367.893791
totalLATmin;2;Fstrrep-f180-n200;13.789087
totalLATmax;2;Fstrrep-f180-n200;18.705842
totalLATminSTD;2;Fstrrep-f180-n200;5.069552
totalLATmaxSTD;2;Fstrrep-f180-n200;3.678328
totalMSG;2;rep-f190-n200;1184833
totalMSGsrcrep;2;rep-f190-n200;1010655
totalMSGrepclo;2;rep-f190-n200;174178
totalLATrepclo;2;rep-f190-n200;22332.467899
totalLATrepcloSTD;2;rep-f190-n200;15074.719571
totalLATmin;2;rep-f190-n200;14.452835
totalLATmax;2;rep-f190-n200;18.047645
totalLATminSTD;2;rep-f190-n200;5.103744
totalLATmaxSTD;2;rep-f190-n200;4.184319
totalMSG;2;sin-f190-n200;519133
totalMSGsrcrep;2;sin-f190-n200;317143
totalMSGrepclo;2;sin-f190-n200;201990
totalLATrepclo;2;sin-f190-n200;22993.407754
totalLATrepcloSTD;2;sin-f190-n200;13122.789374
totalLATmin;2;sin-f190-n200;15.947604
totalLATmax;2;sin-f190-n200;15.947604
totalLATminSTD;2;sin-f190-n200;3.849495
totalLATmaxSTD;2;sin-f190-n200;3.849495
totalMSG;2;Fstrrep-f190-n200;1248460
totalMSGsrcrep;2;Fstrrep-f190-n200;1074165
totalMSGrepclo;2;Fstrrep-f190-n200;174295
totalLATrepclo;2;Fstrrep-f190-n200;23369.476820
totalLATrepcloSTD;2;Fstrrep-f190-n200;16919.046463
totalLATmin;2;Fstrrep-f190-n200;13.652822
totalLATmax;2;Fstrrep-f190-n200;18.289756
totalLATminSTD;2;Fstrrep-f190-n200;5.260165
totalLATmaxSTD;2;Fstrrep-f190-n200;3.935745
totalMSG;2;rep-f200-n200;1247867
totalMSGsrcrep;2;rep-f200-n200;1065383
totalMSGrepclo;2;rep-f200-n200;182484
totalLATrepclo;2;rep-f200-n200;23294.283745
totalLATrepcloSTD;2;rep-f200-n200;15914.942077
totalLATmin;2;rep-f200-n200;14.215203
totalLATmax;2;rep-f200-n200;18.105272
totalLATminSTD;2;rep-f200-n200;4.940572
totalLATmaxSTD;2;rep-f200-n200;3.969158
totalMSG;2;sin-f200-n200;543796
totalMSGsrcrep;2;sin-f200-n200;334732
totalMSGrepclo;2;sin-f200-n200;209064
totalLATrepclo;2;sin-f200-n200;24309.006342
totalLATrepcloSTD;2;sin-f200-n200;13911.627594
totalLATmin;2;sin-f200-n200;16.000236
totalLATmax;2;sin-f200-n200;16.000236
totalLATminSTD;2;sin-f200-n200;3.860097
totalLATmaxSTD;2;sin-f200-n200;3.860097
totalMSG;2;Fstrrep-f200-n200;1296337
totalMSGsrcrep;2;Fstrrep-f200-n200;1123312
totalMSGrepclo;2;Fstrrep-f200-n200;173025
totalLATrepclo;2;Fstrrep-f200-n200;25010.380787
totalLATrepcloSTD;2;Fstrrep-f200-n200;18549.383401
totalLATmin;2;Fstrrep-f200-n200;13.265188
totalLATmax;2;Fstrrep-f200-n200;18.400277
totalLATminSTD;2;Fstrrep-f200-n200;5.189932
totalLATmaxSTD;2;Fstrrep-f200-n200;4.178540
totalMSG;3;rep-f100-n200;580438
totalMSGsrcrep;3;rep-f100-n200;490852
totalMSGrepclo;3;rep-f100-n200;89586
totalLATrepclo;3;rep-f100-n200;167.822096
totalLATrepcloSTD;3;rep-f100-n200;232.591564
totalLATmin;3;rep-f100-n200;11.870181
totalLATmax;3;rep-f100-n200;17.550267
totalLATminSTD;3;rep-f100-n200;4.851163
totalLATmaxSTD;3;rep-f100-n200;4.116770
totalMSG;3;sin-f100-n200;268946
totalMSGsrcrep;3;sin-f100-n200;155562
totalMSGrepclo;3;sin-f100-n200;113384
totalLATrepclo;3;sin-f100-n200;438.873495
totalLATrepcloSTD;3;sin-f100-n200;641.094099
totalLATmin;3;sin-f100-n200;15.080226
totalLATmax;3;sin-f100-n200;15.080226
totalLATminSTD;3;sin-f100-n200;4.237216
totalLATmaxSTD;3;sin-f100-n200;4.237216
totalMSG;3;Fstrrep-f100-n200;660654
totalMSGsrcrep;3;Fstrrep-f100-n200;556973
totalMSGrepclo;3;Fstrrep-f100-n200;103681
totalLATrepclo;3;Fstrrep-f100-n200;157.767502
totalLATrepcloSTD;3;Fstrrep-f100-n200;236.935653
totalLATmin;3;Fstrrep-f100-n200;14.560213
totalLATmax;3;Fstrrep-f100-n200;18.980294
totalLATminSTD;3;Fstrrep-f100-n200;4.652624
totalLATmaxSTD;3;Fstrrep-f100-n200;3.878118
totalMSG;3;rep-f110-n200;643406
totalMSGsrcrep;3;rep-f110-n200;542166
totalMSGrepclo;3;rep-f110-n200;101240
totalLATrepclo;3;rep-f110-n200;2348.532634
totalLATrepcloSTD;3;rep-f110-n200;841.841835
totalLATmin;3;rep-f110-n200;12.827460
totalLATmax;3;rep-f110-n200;17.636633
totalLATminSTD;3;rep-f110-n200;5.310187
totalLATmaxSTD;3;rep-f110-n200;4.186010
totalMSG;3;sin-f110-n200;295034
totalMSGsrcrep;3;sin-f110-n200;170286
totalMSGrepclo;3;sin-f110-n200;124748
totalLATrepclo;3;sin-f110-n200;3580.889588
totalLATrepcloSTD;3;sin-f110-n200;857.049148
totalLATmin;3;sin-f110-n200;15.191136
totalLATmax;3;sin-f110-n200;15.191136
totalLATminSTD;3;sin-f110-n200;3.855366
totalLATmaxSTD;3;sin-f110-n200;3.855366
totalMSG;3;Fstrrep-f110-n200;724296
totalMSGsrcrep;3;Fstrrep-f110-n200;605847
totalMSGrepclo;3;Fstrrep-f110-n200;118449
totalLATrepclo;3;Fstrrep-f110-n200;2434.963447
totalLATrepcloSTD;3;Fstrrep-f110-n200;709.059252
totalLATmin;3;Fstrrep-f110-n200;14.400209
totalLATmax;3;Fstrrep-f110-n200;18.663923
totalLATminSTD;3;Fstrrep-f110-n200;4.784874
totalLATmaxSTD;3;Fstrrep-f110-n200;4.061562
totalMSG;3;rep-f120-n200;710688
totalMSGsrcrep;3;rep-f120-n200;602258
totalMSGrepclo;3;rep-f120-n200;108430
totalLATrepclo;3;rep-f120-n200;6048.593113
totalLATrepcloSTD;3;rep-f120-n200;3115.456897
totalLATmin;3;rep-f120-n200;13.133526
totalLATmax;3;rep-f120-n200;17.933603
totalLATminSTD;3;rep-f120-n200;5.289881
totalLATmaxSTD;3;rep-f120-n200;4.377501
totalMSG;3;sin-f120-n200;320032
totalMSGsrcrep;3;sin-f120-n200;186531
totalMSGrepclo;3;sin-f120-n200;133501
totalLATrepclo;3;sin-f120-n200;7452.193444
totalLATrepcloSTD;3;sin-f120-n200;3004.576481
totalLATmin;3;sin-f120-n200;15.341892
totalLATmax;3;sin-f120-n200;15.341892
totalLATminSTD;3;sin-f120-n200;3.884829
totalLATmaxSTD;3;sin-f120-n200;3.884829
totalMSG;3;Fstrrep-f120-n200;796395
totalMSGsrcrep;3;Fstrrep-f120-n200;671444
totalMSGrepclo;3;Fstrrep-f120-n200;124951
totalLATrepclo;3;Fstrrep-f120-n200;6016.935924
totalLATrepcloSTD;3;Fstrrep-f120-n200;2921.868602
totalLATmin;3;Fstrrep-f120-n200;14.558543
totalLATmax;3;Fstrrep-f120-n200;18.708619
totalLATminSTD;3;Fstrrep-f120-n200;5.034596
totalLATmaxSTD;3;Fstrrep-f120-n200;3.867411
totalMSG;3;rep-f130-n200;774628
totalMSGsrcrep;3;rep-f130-n200;656043
totalMSGrepclo;3;rep-f130-n200;118585
totalLATrepclo;3;rep-f130-n200;9534.652377
totalLATrepcloSTD;3;rep-f130-n200;5656.074669
totalLATmin;3;rep-f130-n200;13.392510
totalLATmax;3;rep-f130-n200;17.954122
totalLATminSTD;3;rep-f130-n200;5.245562
totalLATmaxSTD;3;rep-f130-n200;4.161882
totalMSG;3;sin-f130-n200;348192
totalMSGsrcrep;3;sin-f130-n200;202768
totalMSGrepclo;3;sin-f130-n200;145424
totalLATrepclo;3;sin-f130-n200;10753.755916
totalLATrepcloSTD;3;sin-f130-n200;4953.483754
totalLATmin;3;sin-f130-n200;15.438694
totalLATmax;3;sin-f130-n200;15.438694
totalLATminSTD;3;sin-f130-n200;3.930212
totalLATmaxSTD;3;sin-f130-n200;3.930212
totalMSG;3;Fstrrep-f130-n200;852831
totalMSGsrcrep;3;Fstrrep-f130-n200;716928
totalMSGrepclo;3;Fstrrep-f130-n200;135903
totalLATrepclo;3;Fstrrep-f130-n200;10154.456680
totalLATrepcloSTD;3;Fstrrep-f130-n200;5302.472985
totalLATmin;3;Fstrrep-f130-n200;14.092513
totalLATmax;3;Fstrrep-f130-n200;18.569519
totalLATminSTD;3;Fstrrep-f130-n200;5.026815
totalLATmaxSTD;3;Fstrrep-f130-n200;4.064776
totalMSG;3;rep-f140-n200;832697
totalMSGsrcrep;3;rep-f140-n200;705867
totalMSGrepclo;3;rep-f140-n200;126830
totalLATrepclo;3;rep-f140-n200;11901.399769
totalLATrepcloSTD;3;rep-f140-n200;7349.994087
totalLATmin;3;rep-f140-n200;13.714483
totalLATmax;3;rep-f140-n200;18.214561
totalLATminSTD;3;rep-f140-n200;5.559199
totalLATmaxSTD;3;rep-f140-n200;4.254082
totalMSG;3;sin-f140-n200;373743
totalMSGsrcrep;3;sin-f140-n200;220080
totalMSGrepclo;3;sin-f140-n200;153663
totalLATrepclo;3;sin-f140-n200;13679.772974
totalLATrepcloSTD;3;sin-f140-n200;6633.427861
totalLATmin;3;sin-f140-n200;15.550233
totalLATmax;3;sin-f140-n200;15.550233
totalLATminSTD;3;sin-f140-n200;3.759461
totalLATmaxSTD;3;sin-f140-n200;3.759461
totalMSG;3;Fstrrep-f140-n200;912246
totalMSGsrcrep;3;Fstrrep-f140-n200;771197
totalMSGrepclo;3;Fstrrep-f140-n200;141049
totalLATrepclo;3;Fstrrep-f140-n200;12126.852363
totalLATrepcloSTD;3;Fstrrep-f140-n200;6750.599004
totalLATmin;3;Fstrrep-f140-n200;14.485919
totalLATmax;3;Fstrrep-f140-n200;18.557429
totalLATminSTD;3;Fstrrep-f140-n200;4.796591
totalLATmaxSTD;3;Fstrrep-f140-n200;3.479085
totalMSG;3;rep-f150-n200;908604
totalMSGsrcrep;3;rep-f150-n200;775027
totalMSGrepclo;3;rep-f150-n200;133577
totalLATrepclo;3;rep-f150-n200;14411.198736
totalLATrepcloSTD;3;rep-f150-n200;9257.668624
totalLATmin;3;rep-f150-n200;13.513530
totalLATmax;3;rep-f150-n200;18.446940
totalLATminSTD;3;rep-f150-n200;5.757067
totalLATmaxSTD;3;rep-f150-n200;4.298152
totalMSG;3;sin-f150-n200;399859
totalMSGsrcrep;3;sin-f150-n200;238695
totalMSGrepclo;3;sin-f150-n200;161164
totalLATrepclo;3;sin-f150-n200;16407.844316
totalLATrepcloSTD;3;sin-f150-n200;8298.354462
totalLATmin;3;sin-f150-n200;15.633566
totalLATmax;3;sin-f150-n200;15.633566
totalLATminSTD;3;sin-f150-n200;3.811284
totalLATmaxSTD;3;sin-f150-n200;3.811284
totalMSG;3;Fstrrep-f150-n200;983228
totalMSGsrcrep;3;Fstrrep-f150-n200;835616
totalMSGrepclo;3;Fstrrep-f150-n200;147612
totalLATrepclo;3;Fstrrep-f150-n200;14894.927890
totalLATrepcloSTD;3;Fstrrep-f150-n200;8902.312294
totalLATmin;3;Fstrrep-f150-n200;14.120205
totalLATmax;3;Fstrrep-f150-n200;18.666954
totalLATminSTD;3;Fstrrep-f150-n200;5.076695
totalLATmaxSTD;3;Fstrrep-f150-n200;4.045873
totalMSG;3;rep-f160-n200;961443
totalMSGsrcrep;3;rep-f160-n200;820766
totalMSGrepclo;3;rep-f160-n200;140677
totalLATrepclo;3;rep-f160-n200;16055.845363
totalLATrepcloSTD;3;rep-f160-n200;10397.355569
totalLATmin;3;rep-f160-n200;13.768951
totalLATmax;3;rep-f160-n200;18.500281
totalLATminSTD;3;rep-f160-n200;5.657161
totalLATmaxSTD;3;rep-f160-n200;4.524967
totalMSG;3;sin-f160-n200;422409
totalMSGsrcrep;3;sin-f160-n200;253706
totalMSGrepclo;3;sin-f160-n200;168703
totalLATrepclo;3;sin-f160-n200;18118.300623
totalLATrepcloSTD;3;sin-f160-n200;9327.874320
totalLATmin;3;sin-f160-n200;15.681485
totalLATmax;3;sin-f160-n200;15.681485
totalLATminSTD;3;sin-f160-n200;3.737313
totalLATmaxSTD;3;sin-f160-n200;3.737313
totalMSG;3;Fstrrep-f160-n200;1032791
totalMSGsrcrep;3;Fstrrep-f160-n200;879478
totalMSGrepclo;3;Fstrrep-f160-n200;153313
totalLATrepclo;3;Fstrrep-f160-n200;16937.732801
totalLATrepcloSTD;3;Fstrrep-f160-n200;10246.186721
totalLATmin;3;Fstrrep-f160-n200;13.800203
totalLATmax;3;Fstrrep-f160-n200;18.844040
totalLATminSTD;3;Fstrrep-f160-n200;4.965939
totalLATmaxSTD;3;Fstrrep-f160-n200;3.550640
totalMSG;3;rep-f170-n200;1022960
totalMSGsrcrep;3;rep-f170-n200;874405
totalMSGrepclo;3;rep-f170-n200;148555
totalLATrepclo;3;rep-f170-n200;17972.121742
totalLATrepcloSTD;3;rep-f170-n200;11791.721791
totalLATmin;3;rep-f170-n200;13.882555
totalLATmax;3;rep-f170-n200;18.317925
totalLATminSTD;3;rep-f170-n200;5.336749
totalLATmaxSTD;3;rep-f170-n200;4.286020
totalMSG;3;sin-f170-n200;445908
totalMSGsrcrep;3;sin-f170-n200;269676
totalMSGrepclo;3;sin-f170-n200;176232
totalLATrepclo;3;sin-f170-n200;19912.955094
totalLATrepcloSTD;3;sin-f170-n200;10435.427197
totalLATmin;3;sin-f170-n200;15.770821
totalLATmax;3;sin-f170-n200;15.770821
totalLATminSTD;3;sin-f170-n200;3.824157
totalLATmaxSTD;3;sin-f170-n200;3.824157
totalMSG;3;Fstrrep-f170-n200;1090780
totalMSGsrcrep;3;Fstrrep-f170-n200;934083
totalMSGrepclo;3;Fstrrep-f170-n200;156697
totalLATrepclo;3;Fstrrep-f170-n200;18735.386537
totalLATrepcloSTD;3;Fstrrep-f170-n200;11612.908044
totalLATmin;3;Fstrrep-f170-n200;14.306085
totalLATmax;3;Fstrrep-f170-n200;18.512052
totalLATminSTD;3;Fstrrep-f170-n200;4.600612
totalLATmaxSTD;3;Fstrrep-f170-n200;3.564943
totalMSG;3;rep-f180-n200;1094653
totalMSGsrcrep;3;rep-f180-n200;937123
totalMSGrepclo;3;rep-f180-n200;157530
totalLATrepclo;3;rep-f180-n200;20071.052999
totalLATrepcloSTD;3;rep-f180-n200;13145.213007
totalLATmin;3;rep-f180-n200;13.805758
totalLATmax;3;rep-f180-n200;18.539168
totalLATminSTD;3;rep-f180-n200;5.094816
totalLATmaxSTD;3;rep-f180-n200;4.393666
totalMSG;3;sin-f180-n200;482058
totalMSGsrcrep;3;sin-f180-n200;291397
totalMSGrepclo;3;sin-f180-n200;190661
totalLATrepclo;3;sin-f180-n200;22377.180340
totalLATrepcloSTD;3;sin-f180-n200;11891.592387
totalLATmin;3;sin-f180-n200;15.711346
totalLATmax;3;sin-f180-n200;15.711346
totalLATminSTD;3;sin-f180-n200;3.597095
totalLATmaxSTD;3;sin-f180-n200;3.597095
totalMSG;3;Fstrrep-f180-n200;1164880
totalMSGsrcrep;3;Fstrrep-f180-n200;1001910
totalMSGrepclo;3;Fstrrep-f180-n200;162970
totalLATrepclo;3;Fstrrep-f180-n200;21612.716514
totalLATrepcloSTD;3;Fstrrep-f180-n200;14161.857427
totalLATmin;3;Fstrrep-f180-n200;13.789087
totalLATmax;3;Fstrrep-f180-n200;18.705842
totalLATminSTD;3;Fstrrep-f180-n200;5.069552
totalLATmaxSTD;3;Fstrrep-f180-n200;3.678328
totalMSG;3;rep-f190-n200;1151544
totalMSGsrcrep;3;rep-f190-n200;989119
totalMSGrepclo;3;rep-f190-n200;162425
totalLATrepclo;3;rep-f190-n200;21289.666554
totalLATrepcloSTD;3;rep-f190-n200;13663.101492
totalLATmin;3;rep-f190-n200;14.452835
totalLATmax;3;rep-f190-n200;18.047645
totalLATminSTD;3;rep-f190-n200;5.103744
totalLATmaxSTD;3;rep-f190-n200;4.184319
totalMSG;3;sin-f190-n200;504725
totalMSGsrcrep;3;sin-f190-n200;307847
totalMSGrepclo;3;sin-f190-n200;196878
totalLATrepclo;3;sin-f190-n200;23643.363694
totalLATrepcloSTD;3;sin-f190-n200;12625.291087
totalLATmin;3;sin-f190-n200;15.947604
totalLATmax;3;sin-f190-n200;15.947604
totalLATminSTD;3;sin-f190-n200;3.849495
totalLATmaxSTD;3;sin-f190-n200;3.849495
totalMSG;3;Fstrrep-f190-n200;1214470
totalMSGsrcrep;3;Fstrrep-f190-n200;1052854
totalMSGrepclo;3;Fstrrep-f190-n200;161616
totalLATrepclo;3;Fstrrep-f190-n200;23012.615755
totalLATrepcloSTD;3;Fstrrep-f190-n200;15962.704057
totalLATmin;3;Fstrrep-f190-n200;13.652822
totalLATmax;3;Fstrrep-f190-n200;18.289756
totalLATminSTD;3;Fstrrep-f190-n200;5.260165
totalLATmaxSTD;3;Fstrrep-f190-n200;3.935745
totalMSG;3;rep-f200-n200;1212150
totalMSGsrcrep;3;rep-f200-n200;1042648
totalMSGrepclo;3;rep-f200-n200;169502
totalLATrepclo;3;rep-f200-n200;22457.708398
totalLATrepcloSTD;3;rep-f200-n200;14781.942841
totalLATmin;3;rep-f200-n200;14.215203
totalLATmax;3;rep-f200-n200;18.105272
totalLATminSTD;3;rep-f200-n200;4.940572
totalLATmaxSTD;3;rep-f200-n200;3.969158
totalMSG;3;sin-f200-n200;528504
totalMSGsrcrep;3;sin-f200-n200;324596
totalMSGrepclo;3;sin-f200-n200;203908
totalLATrepclo;3;sin-f200-n200;24547.078170
totalLATrepcloSTD;3;sin-f200-n200;13200.681023
totalLATmin;3;sin-f200-n200;16.000236
totalLATmax;3;sin-f200-n200;16.000236
totalLATminSTD;3;sin-f200-n200;3.860097
totalLATmaxSTD;3;sin-f200-n200;3.860097
totalMSG;3;Fstrrep-f200-n200;1263679
totalMSGsrcrep;3;Fstrrep-f200-n200;1102820
totalMSGrepclo;3;Fstrrep-f200-n200;160859
totalLATrepclo;3;Fstrrep-f200-n200;25122.002648
totalLATrepcloSTD;3;Fstrrep-f200-n200;17897.395287
totalLATmin;3;Fstrrep-f200-n200;13.265188
totalLATmax;3;Fstrrep-f200-n200;18.400277
totalLATminSTD;3;Fstrrep-f200-n200;5.189932
totalLATmaxSTD;3;Fstrrep-f200-n200;4.178540
totalMSG;4;rep-f100-n200;590091
totalMSGsrcrep;4;rep-f100-n200;499381
totalMSGrepclo;4;rep-f100-n200;90710
totalLATrepclo;4;rep-f100-n200;277.134978
totalLATrepcloSTD;4;rep-f100-n200;343.947587
totalLATmin;4;rep-f100-n200;11.870181
totalLATmax;4;rep-f100-n200;17.550267
totalLATminSTD;4;rep-f100-n200;4.851163
totalLATmaxSTD;4;rep-f100-n200;4.116770
totalMSG;4;sin-f100-n200;285284
totalMSGsrcrep;4;sin-f100-n200;164978
totalMSGrepclo;4;sin-f100-n200;120306
totalLATrepclo;4;sin-f100-n200;1273.362615
totalLATrepcloSTD;4;sin-f100-n200;508.332319
totalLATmin;4;sin-f100-n200;15.080226
totalLATmax;4;sin-f100-n200;15.080226
totalLATminSTD;4;sin-f100-n200;4.237216
totalLATmaxSTD;4;sin-f100-n200;4.237216
totalMSG;4;Fstrrep-f100-n200;672552
totalMSGsrcrep;4;Fstrrep-f100-n200;567245
totalMSGrepclo;4;Fstrrep-f100-n200;105307
totalLATrepclo;4;Fstrrep-f100-n200;144.107511
totalLATrepcloSTD;4;Fstrrep-f100-n200;148.720964
totalLATmin;4;Fstrrep-f100-n200;14.560213
totalLATmax;4;Fstrrep-f100-n200;18.980294
totalLATminSTD;4;Fstrrep-f100-n200;4.652624
totalLATmaxSTD;4;Fstrrep-f100-n200;3.878118
totalMSG;4;rep-f110-n200;654571
totalMSGsrcrep;4;rep-f110-n200;552199
totalMSGrepclo;4;rep-f110-n200;102372
totalLATrepclo;4;rep-f110-n200;1505.162515
totalLATrepcloSTD;4;rep-f110-n200;1759.808329
totalLATmin;4;rep-f110-n200;12.827460
totalLATmax;4;rep-f110-n200;17.636633
totalLATminSTD;4;rep-f110-n200;5.310187
totalLATmaxSTD;4;rep-f110-n200;4.186010
totalMSG;4;sin-f110-n200;312542
totalMSGsrcrep;4;sin-f110-n200;180787
totalMSGrepclo;4;sin-f110-n200;131755
totalLATrepclo;4;sin-f110-n200;6339.336347
totalLATrepcloSTD;4;sin-f110-n200;2907.593997
totalLATmin;4;sin-f110-n200;15.191136
totalLATmax;4;sin-f110-n200;15.191136
totalLATminSTD;4;sin-f110-n200;3.855366
totalLATmaxSTD;4;sin-f110-n200;3.855366
totalMSG;4;Fstrrep-f110-n200;736098
totalMSGsrcrep;4;Fstrrep-f110-n200;615863
totalMSGrepclo;4;Fstrrep-f110-n200;120235
totalLATrepclo;4;Fstrrep-f110-n200;1737.480617
totalLATrepcloSTD;4;Fstrrep-f110-n200;1951.131573
totalLATmin;4;Fstrrep-f110-n200;14.400209
totalLATmax;4;Fstrrep-f110-n200;18.663923
totalLATminSTD;4;Fstrrep-f110-n200;4.784874
totalLATmaxSTD;4;Fstrrep-f110-n200;4.061562
totalMSG;4;rep-f120-n200;723344
totalMSGsrcrep;4;rep-f120-n200;612893
totalMSGrepclo;4;rep-f120-n200;110451
totalLATrepclo;4;rep-f120-n200;4659.727541
totalLATrepcloSTD;4;rep-f120-n200;3757.712720
totalLATmin;4;rep-f120-n200;13.133526
totalLATmax;4;rep-f120-n200;17.933603
totalLATminSTD;4;rep-f120-n200;5.289881
totalLATmaxSTD;4;rep-f120-n200;4.377501
totalMSG;4;sin-f120-n200;339293
totalMSGsrcrep;4;sin-f120-n200;198154
totalMSGrepclo;4;sin-f120-n200;141139
totalLATrepclo;4;sin-f120-n200;9629.999812
totalLATrepcloSTD;4;sin-f120-n200;4898.866277
totalLATmin;4;sin-f120-n200;15.341892
totalLATmax;4;sin-f120-n200;15.341892
totalLATminSTD;4;sin-f120-n200;3.884829
totalLATmaxSTD;4;sin-f120-n200;3.884829
totalMSG;4;Fstrrep-f120-n200;809794
totalMSGsrcrep;4;Fstrrep-f120-n200;682673
totalMSGrepclo;4;Fstrrep-f120-n200;127121
totalLATrepclo;4;Fstrrep-f120-n200;4454.465750
totalLATrepcloSTD;4;Fstrrep-f120-n200;3497.325645
totalLATmin;4;Fstrrep-f120-n200;14.558543
totalLATmax;4;Fstrrep-f120-n200;18.708619
totalLATminSTD;4;Fstrrep-f120-n200;5.034596
totalLATmaxSTD;4;Fstrrep-f120-n200;3.867411
totalMSG;4;rep-f130-n200;788569
totalMSGsrcrep;4;rep-f130-n200;668734
totalMSGrepclo;4;rep-f130-n200;119835
totalLATrepclo;4;rep-f130-n200;7502.005708
totalLATrepcloSTD;4;rep-f130-n200;5635.989909
totalLATmin;4;rep-f130-n200;13.392510
totalLATmax;4;rep-f130-n200;17.954122
totalLATminSTD;4;rep-f130-n200;5.245562
totalLATmaxSTD;4;rep-f130-n200;4.161882
totalMSG;4;sin-f130-n200;367648
totalMSGsrcrep;4;sin-f130-n200;215127
totalMSGrepclo;4;sin-f130-n200;152521
totalLATrepclo;4;sin-f130-n200;12866.909711
totalLATrepcloSTD;4;sin-f130-n200;6899.063226
totalLATmin;4;sin-f130-n200;15.438694
totalLATmax;4;sin-f130-n200;15.438694
totalLATminSTD;4;sin-f130-n200;3.930212
totalLATmaxSTD;4;sin-f130-n200;3.930212
totalMSG;4;Fstrrep-f130-n200;866404
totalMSGsrcrep;4;Fstrrep-f130-n200;729146
totalMSGrepclo;4;Fstrrep-f130-n200;137258
totalLATrepclo;4;Fstrrep-f130-n200;8240.700669
totalLATrepcloSTD;4;Fstrrep-f130-n200;5591.011355
totalLATmin;4;Fstrrep-f130-n200;14.092513
totalLATmax;4;Fstrrep-f130-n200;18.569519
totalLATminSTD;4;Fstrrep-f130-n200;5.026815
totalLATmaxSTD;4;Fstrrep-f130-n200;4.064776
totalMSG;4;rep-f140-n200;848225
totalMSGsrcrep;4;rep-f140-n200;718845
totalMSGrepclo;4;rep-f140-n200;129380
totalLATrepclo;4;rep-f140-n200;10195.418576
totalLATrepcloSTD;4;rep-f140-n200;7352.302861
totalLATmin;4;rep-f140-n200;13.714483
totalLATmax;4;rep-f140-n200;18.214561
totalLATminSTD;4;rep-f140-n200;5.559199
totalLATmaxSTD;4;rep-f140-n200;4.254082
totalMSG;4;sin-f140-n200;393526
totalMSGsrcrep;4;sin-f140-n200;233496
totalMSGrepclo;4;sin-f140-n200;160030
totalLATrepclo;4;sin-f140-n200;15019.210514
totalLATrepcloSTD;4;sin-f140-n200;8155.129308
totalLATmin;4;sin-f140-n200;15.550233
totalLATmax;4;sin-f140-n200;15.550233
totalLATminSTD;4;sin-f140-n200;3.759461
totalLATmaxSTD;4;sin-f140-n200;3.759461
totalMSG;4;Fstrrep-f140-n200;927145
totalMSGsrcrep;4;Fstrrep-f140-n200;784009
totalMSGrepclo;4;Fstrrep-f140-n200;143136
totalLATrepclo;4;Fstrrep-f140-n200;10267.683789
totalLATrepcloSTD;4;Fstrrep-f140-n200;7003.625163
totalLATmin;4;Fstrrep-f140-n200;14.485919
totalLATmax;4;Fstrrep-f140-n200;18.557429
totalLATminSTD;4;Fstrrep-f140-n200;4.796591
totalLATmaxSTD;4;Fstrrep-f140-n200;3.479085
totalMSG;4;rep-f150-n200;924735
totalMSGsrcrep;4;rep-f150-n200;789313
totalMSGrepclo;4;rep-f150-n200;135422
totalLATrepclo;4;rep-f150-n200;12228.802554
totalLATrepcloSTD;4;rep-f150-n200;8719.385849
totalLATmin;4;rep-f150-n200;13.513530
totalLATmax;4;rep-f150-n200;18.446940
totalLATminSTD;4;rep-f150-n200;5.757067
totalLATmaxSTD;4;rep-f150-n200;4.298152
totalMSG;4;sin-f150-n200;421101
totalMSGsrcrep;4;sin-f150-n200;253322
totalMSGrepclo;4;sin-f150-n200;167779
totalLATrepclo;4;sin-f150-n200;17671.841325
totalLATrepcloSTD;4;sin-f150-n200;9766.811633
totalLATmin;4;sin-f150-n200;15.633566
totalLATmax;4;sin-f150-n200;15.633566
totalLATminSTD;4;sin-f150-n200;3.811284
totalLATmaxSTD;4;sin-f150-n200;3.811284
totalMSG;4;Fstrrep-f150-n200;999312
totalMSGsrcrep;4;Fstrrep-f150-n200;849497
totalMSGrepclo;4;Fstrrep-f150-n200;149815
totalLATrepclo;4;Fstrrep-f150-n200;12856.221753
totalLATrepcloSTD;4;Fstrrep-f150-n200;8696.610955
totalLATmin;4;Fstrrep-f150-n200;14.120205
totalLATmax;4;Fstrrep-f150-n200;18.666954
totalLATminSTD;4;Fstrrep-f150-n200;5.076695
totalLATmaxSTD;4;Fstrrep-f150-n200;4.045873
totalMSG;4;rep-f160-n200;979808
totalMSGsrcrep;4;rep-f160-n200;836747
totalMSGrepclo;4;rep-f160-n200;143061
totalLATrepclo;4;rep-f160-n200;14000.516803
totalLATrepcloSTD;4;rep-f160-n200;9927.650873
totalLATmin;4;rep-f160-n200;13.768951
totalLATmax;4;rep-f160-n200;18.500281
totalLATminSTD;4;rep-f160-n200;5.657161
totalLATmaxSTD;4;rep-f160-n200;4.524967
totalMSG;4;sin-f160-n200;445064
totalMSGsrcrep;4;sin-f160-n200;269269
totalMSGrepclo;4;sin-f160-n200;175795
totalLATrepclo;4;sin-f160-n200;19475.056416
totalLATrepcloSTD;4;sin-f160-n200;10832.195540
totalLATmin;4;sin-f160-n200;15.681485
totalLATmax;4;sin-f160-n200;15.681485
totalLATminSTD;4;sin-f160-n200;3.737313
totalLATmaxSTD;4;sin-f160-n200;3.737313
totalMSG;4;Fstrrep-f160-n200;1050295
totalMSGsrcrep;4;Fstrrep-f160-n200;894349
totalMSGrepclo;4;Fstrrep-f160-n200;155946
totalLATrepclo;4;Fstrrep-f160-n200;14631.089468
totalLATrepcloSTD;4;Fstrrep-f160-n200;9755.482437
totalLATmin;4;Fstrrep-f160-n200;13.800203
totalLATmax;4;Fstrrep-f160-n200;18.844040
totalLATminSTD;4;Fstrrep-f160-n200;4.965939
totalLATmaxSTD;4;Fstrrep-f160-n200;3.550640
totalMSG;4;rep-f170-n200;1041725
totalMSGsrcrep;4;rep-f170-n200;891181
totalMSGrepclo;4;rep-f170-n200;150544
totalLATrepclo;4;rep-f170-n200;15424.448932
totalLATrepcloSTD;4;rep-f170-n200;10830.954482
totalLATmin;4;rep-f170-n200;13.882555
totalLATmax;4;rep-f170-n200;18.317925
totalLATminSTD;4;rep-f170-n200;5.336749
totalLATmaxSTD;4;rep-f170-n200;4.286020
totalMSG;4;sin-f170-n200;470353
totalMSGsrcrep;4;sin-f170-n200;286208
totalMSGrepclo;4;sin-f170-n200;184145
totalLATrepclo;4;sin-f170-n200;21043.022138
totalLATrepcloSTD;4;sin-f170-n200;11846.061544
totalLATmin;4;sin-f170-n200;15.770821
totalLATmax;4;sin-f170-n200;15.770821
totalLATminSTD;4;sin-f170-n200;3.824157
totalLATmaxSTD;4;sin-f170-n200;3.824157
totalMSG;4;Fstrrep-f170-n200;1109744
totalMSGsrcrep;4;Fstrrep-f170-n200;950377
totalMSGrepclo;4;Fstrrep-f170-n200;159367
totalLATrepclo;4;Fstrrep-f170-n200;16467.173365
totalLATrepcloSTD;4;Fstrrep-f170-n200;10950.624420
totalLATmin;4;Fstrrep-f170-n200;14.306085
totalLATmax;4;Fstrrep-f170-n200;18.512052
totalLATminSTD;4;Fstrrep-f170-n200;4.600612
totalLATmaxSTD;4;Fstrrep-f170-n200;3.564943
totalMSG;4;rep-f180-n200;1116247
totalMSGsrcrep;4;rep-f180-n200;955752
totalMSGrepclo;4;rep-f180-n200;160495
totalLATrepclo;4;rep-f180-n200;17775.718266
totalLATrepcloSTD;4;rep-f180-n200;12219.990314
totalLATmin;4;rep-f180-n200;13.805758
totalLATmax;4;rep-f180-n200;18.539168
totalLATminSTD;4;rep-f180-n200;5.094816
totalLATmaxSTD;4;rep-f180-n200;4.393666
totalMSG;4;sin-f180-n200;509459
totalMSGsrcrep;4;sin-f180-n200;309493
totalMSGrepclo;4;sin-f180-n200;199966
totalLATrepclo;4;sin-f180-n200;23338.346460
totalLATrepcloSTD;4;sin-f180-n200;13288.156012
totalLATmin;4;sin-f180-n200;15.711346
totalLATmax;4;sin-f180-n200;15.711346
totalLATminSTD;4;sin-f180-n200;3.597095
totalLATmaxSTD;4;sin-f180-n200;3.597095
totalMSG;4;Fstrrep-f180-n200;1185580
totalMSGsrcrep;4;Fstrrep-f180-n200;1020010
totalMSGrepclo;4;Fstrrep-f180-n200;165570
totalLATrepclo;4;Fstrrep-f180-n200;19385.328080
totalLATrepcloSTD;4;Fstrrep-f180-n200;13225.143390
totalLATmin;4;Fstrrep-f180-n200;13.789087
totalLATmax;4;Fstrrep-f180-n200;18.705842
totalLATminSTD;4;Fstrrep-f180-n200;5.069552
totalLATmaxSTD;4;Fstrrep-f180-n200;3.678328
totalMSG;4;rep-f190-n200;1173996
totalMSGsrcrep;4;rep-f190-n200;1008928
totalMSGrepclo;4;rep-f190-n200;165068
totalLATrepclo;4;rep-f190-n200;18621.938954
totalLATrepcloSTD;4;rep-f190-n200;12626.190705
totalLATmin;4;rep-f190-n200;14.452835
totalLATmax;4;rep-f190-n200;18.047645
totalLATminSTD;4;rep-f190-n200;5.103744
totalLATmaxSTD;4;rep-f190-n200;4.184319
totalMSG;4;sin-f190-n200;534296
totalMSGsrcrep;4;sin-f190-n200;326840
totalMSGrepclo;4;sin-f190-n200;207456
totalLATrepclo;4;sin-f190-n200;24605.977732
totalLATrepcloSTD;4;sin-f190-n200;14012.055573
totalLATmin;4;sin-f190-n200;15.947604
totalLATmax;4;sin-f190-n200;15.947604
totalLATminSTD;4;sin-f190-n200;3.849495
totalLATmaxSTD;4;sin-f190-n200;3.849495
totalMSG;4;Fstrrep-f190-n200;1236355
totalMSGsrcrep;4;Fstrrep-f190-n200;1072763
totalMSGrepclo;4;Fstrrep-f190-n200;163592
totalLATrepclo;4;Fstrrep-f190-n200;21111.134329
totalLATrepcloSTD;4;Fstrrep-f190-n200;14937.128216
totalLATmin;4;Fstrrep-f190-n200;13.652822
totalLATmax;4;Fstrrep-f190-n200;18.289756
totalLATminSTD;4;Fstrrep-f190-n200;5.260165
totalLATmaxSTD;4;Fstrrep-f190-n200;3.935745
totalMSG;4;rep-f200-n200;1235422
totalMSGsrcrep;4;rep-f200-n200;1062811
totalMSGrepclo;4;rep-f200-n200;172611
totalLATrepclo;4;rep-f200-n200;20070.197457
totalLATrepcloSTD;4;rep-f200-n200;13692.863932
totalLATmin;4;rep-f200-n200;14.215203
totalLATmax;4;rep-f200-n200;18.105272
totalLATminSTD;4;rep-f200-n200;4.940572
totalLATmaxSTD;4;rep-f200-n200;3.969158
totalMSG;4;sin-f200-n200;558852
totalMSGsrcrep;4;sin-f200-n200;344901
totalMSGrepclo;4;sin-f200-n200;213951
totalLATrepclo;4;sin-f200-n200;25549.945147
totalLATrepcloSTD;4;sin-f200-n200;14606.734404
totalLATmin;4;sin-f200-n200;16.000236
totalLATmax;4;sin-f200-n200;16.000236
totalLATminSTD;4;sin-f200-n200;3.860097
totalLATmaxSTD;4;sin-f200-n200;3.860097
totalMSG;4;Fstrrep-f200-n200;1285239
totalMSGsrcrep;4;Fstrrep-f200-n200;1122704
totalMSGrepclo;4;Fstrrep-f200-n200;162535
totalLATrepclo;4;Fstrrep-f200-n200;23277.343356
totalLATrepcloSTD;4;Fstrrep-f200-n200;16962.040871
totalLATmin;4;Fstrrep-f200-n200;13.265188
totalLATmax;4;Fstrrep-f200-n200;18.400277
totalLATminSTD;4;Fstrrep-f200-n200;5.189932
totalLATmaxSTD;4;Fstrrep-f200-n200;4.178540
