id,type,src,dst,app,latency,message,ctime,size,buffer
1,LINK,1,0,0,1.00002,M.USER.APP.0,100,20,0
2,LINK,2,0,1,1.00002,M.USER.APP.1,100,20,1
4,LINK,4,0,3,1.00002,M.USER.APP.3,100,20,2
5,LINK,16,0,2,1.00002,M.USER.APP.2,100,20,3
6,LINK,1,0,0,1.00002,M.USER.APP.0,200,20,0
7,LINK,2,0,1,1.00002,M.USER.APP.1,200,20,1
9,LINK,4,0,3,1.00002,M.USER.APP.3,200,20,2
10,LINK,16,0,2,1.00002,M.USER.APP.2,200,20,3
11,LINK,1,0,0,1.00002,M.USER.APP.0,300,20,0
12,LINK,2,0,1,1.00002,M.USER.APP.1,300,20,1
14,LINK,4,0,3,1.00002,M.USER.APP.3,300,20,2
15,LINK,16,0,2,1.00002,M.USER.APP.2,300,20,3
16,LINK,1,0,0,1.00002,M.USER.APP.0,400,20,0
17,LINK,2,0,1,1.00002,M.USER.APP.1,400,20,1
19,LINK,4,0,3,1.00002,M.USER.APP.3,400,20,2
20,LINK,16,0,2,1.00002,M.USER.APP.2,400,20,3
21,LINK,1,0,0,1.00002,M.USER.APP.0,500,20,0
22,LINK,2,0,1,1.00002,M.USER.APP.1,500,20,1
24,LINK,4,0,3,1.00002,M.USER.APP.3,500,20,2
25,LINK,16,0,2,1.00002,M.USER.APP.2,500,20,3
26,LINK,1,0,0,1.00002,M.USER.APP.0,600,20,0
27,LINK,2,0,1,1.00002,M.USER.APP.1,600,20,1
29,LINK,4,0,3,1.00002,M.USER.APP.3,600,20,2
30,LINK,16,0,2,1.00002,M.USER.APP.2,600,20,3
31,LINK,1,0,0,1.00002,M.USER.APP.0,700,20,0
32,LINK,2,0,1,1.00002,M.USER.APP.1,700,20,1
34,LINK,4,0,3,1.00002,M.USER.APP.3,700,20,2
35,LINK,16,0,2,1.00002,M.USER.APP.2,700,20,3
36,LINK,1,0,0,1.00002,M.USER.APP.0,800,20,0
37,LINK,2,0,1,1.00002,M.USER.APP.1,800,20,1
39,LINK,4,0,3,1.00002,M.USER.APP.3,800,20,2
40,LINK,16,0,2,1.00002,M.USER.APP.2,800,20,3
41,LINK,1,0,0,1.00002,M.USER.APP.0,900,20,0
42,LINK,2,0,1,1.00002,M.USER.APP.1,900,20,1
44,LINK,4,0,3,1.00002,M.USER.APP.3,900,20,2
45,LINK,16,0,2,1.00002,M.USER.APP.2,900,20,3
46,LINK,1,0,0,1.00002,M.USER.APP.0,1000,20,0
47,LINK,2,0,1,1.00002,M.USER.APP.1,1000,20,1
49,LINK,4,0,3,1.00002,M.USER.APP.3,1000,20,2
50,LINK,16,0,2,1.00002,M.USER.APP.2,1000,20,3
51,LINK,1,0,0,1.00002,M.USER.APP.0,1100,20,0
52,LINK,2,0,1,1.00002,M.USER.APP.1,1100,20,1
54,LINK,4,0,3,1.00002,M.USER.APP.3,1100,20,2
55,LINK,16,0,2,1.00002,M.USER.APP.2,1100,20,3
56,LINK,1,0,0,1.00002,M.USER.APP.0,1200,20,0
57,LINK,2,0,1,1.00002,M.USER.APP.1,1200,20,1
59,LINK,4,0,3,1.00002,M.USER.APP.3,1200,20,2
60,LINK,16,0,2,1.00002,M.USER.APP.2,1200,20,3
61,LINK,1,0,0,1.00002,M.USER.APP.0,1300,20,0
62,LINK,2,0,1,1.00002,M.USER.APP.1,1300,20,1
64,LINK,4,0,3,1.00002,M.USER.APP.3,1300,20,2
65,LINK,16,0,2,1.00002,M.USER.APP.2,1300,20,3
66,LINK,1,0,0,1.00002,M.USER.APP.0,1400,20,0
67,LINK,2,0,1,1.00002,M.USER.APP.1,1400,20,1
69,LINK,4,0,3,1.00002,M.USER.APP.3,1400,20,2
70,LINK,16,0,2,1.00002,M.USER.APP.2,1400,20,3
71,LINK,1,0,0,1.00002,M.USER.APP.0,1500,20,0
72,LINK,2,0,1,1.00002,M.USER.APP.1,1500,20,1
74,LINK,4,0,3,1.00002,M.USER.APP.3,1500,20,2
75,LINK,16,0,2,1.00002,M.USER.APP.2,1500,20,3
76,LINK,1,0,0,1.00002,M.USER.APP.0,1600,20,0
77,LINK,2,0,1,1.00002,M.USER.APP.1,1600,20,1
79,LINK,4,0,3,1.00002,M.USER.APP.3,1600,20,2
80,LINK,16,0,2,1.00002,M.USER.APP.2,1600,20,3
81,LINK,1,0,0,1.00002,M.USER.APP.0,1700,20,0
82,LINK,2,0,1,1.00002,M.USER.APP.1,1700,20,1
84,LINK,4,0,3,1.00002,M.USER.APP.3,1700,20,2
85,LINK,16,0,2,1.00002,M.USER.APP.2,1700,20,3
86,LINK,1,0,0,1.00002,M.USER.APP.0,1800,20,0
87,LINK,2,0,1,1.00002,M.USER.APP.1,1800,20,1
89,LINK,4,0,3,1.00002,M.USER.APP.3,1800,20,2
90,LINK,16,0,2,1.00002,M.USER.APP.2,1800,20,3
91,LINK,1,0,0,1.00002,M.USER.APP.0,1900,20,0
92,LINK,2,0,1,1.00002,M.USER.APP.1,1900,20,1
94,LINK,4,0,3,1.00002,M.USER.APP.3,1900,20,2
95,LINK,16,0,2,1.00002,M.USER.APP.2,1900,20,3
96,LINK,1,0,0,1.00002,M.USER.APP.0,2000,20,0
97,LINK,2,0,1,1.00002,M.USER.APP.1,2000,20,1
99,LINK,4,0,3,1.00002,M.USER.APP.3,2000,20,2
100,LINK,16,0,2,1.00002,M.USER.APP.2,2000,20,3
101,LINK,1,0,0,1.00002,M.USER.APP.0,2100,20,0
102,LINK,2,0,1,1.00002,M.USER.APP.1,2100,20,1
104,LINK,4,0,3,1.00002,M.USER.APP.3,2100,20,2
105,LINK,16,0,2,1.00002,M.USER.APP.2,2100,20,3
106,LINK,1,0,0,1.00002,M.USER.APP.0,2200,20,0
107,LINK,2,0,1,1.00002,M.USER.APP.1,2200,20,1
109,LINK,4,0,3,1.00002,M.USER.APP.3,2200,20,2
110,LINK,16,0,2,1.00002,M.USER.APP.2,2200,20,3
111,LINK,1,0,0,1.00002,M.USER.APP.0,2300,20,0
112,LINK,2,0,1,1.00002,M.USER.APP.1,2300,20,1
114,LINK,4,0,3,1.00002,M.USER.APP.3,2300,20,2
115,LINK,16,0,2,1.00002,M.USER.APP.2,2300,20,3
116,LINK,1,0,0,1.00002,M.USER.APP.0,2400,20,0
117,LINK,2,0,1,1.00002,M.USER.APP.1,2400,20,1
119,LINK,4,0,3,1.00002,M.USER.APP.3,2400,20,2
120,LINK,16,0,2,1.00002,M.USER.APP.2,2400,20,3
121,LINK,1,0,0,1.00002,M.USER.APP.0,2500,20,0
122,LINK,2,0,1,1.00002,M.USER.APP.1,2500,20,1
124,LINK,4,0,3,1.00002,M.USER.APP.3,2500,20,2
125,LINK,16,0,2,1.00002,M.USER.APP.2,2500,20,3
126,LINK,1,0,0,1.00002,M.USER.APP.0,2600,20,0
127,LINK,2,0,1,1.00002,M.USER.APP.1,2600,20,1
129,LINK,4,0,3,1.00002,M.USER.APP.3,2600,20,2
130,LINK,16,0,2,1.00002,M.USER.APP.2,2600,20,3
131,LINK,1,0,0,1.00002,M.USER.APP.0,2700,20,0
132,LINK,2,0,1,1.00002,M.USER.APP.1,2700,20,1
134,LINK,4,0,3,1.00002,M.USER.APP.3,2700,20,2
135,LINK,16,0,2,1.00002,M.USER.APP.2,2700,20,3
136,LINK,1,0,0,1.00002,M.USER.APP.0,2800,20,0
137,LINK,2,0,1,1.00002,M.USER.APP.1,2800,20,1
139,LINK,4,0,3,1.00002,M.USER.APP.3,2800,20,2
140,LINK,16,0,2,1.00002,M.USER.APP.2,2800,20,3
141,LINK,1,0,0,1.00002,M.USER.APP.0,2900,20,0
142,LINK,2,0,1,1.00002,M.USER.APP.1,2900,20,1
144,LINK,4,0,3,1.00002,M.USER.APP.3,2900,20,2
145,LINK,16,0,2,1.00002,M.USER.APP.2,2900,20,3
146,LINK,1,0,0,1.00002,M.USER.APP.0,3000,20,0
147,LINK,2,0,1,1.00002,M.USER.APP.1,3000,20,1
149,LINK,4,0,3,1.00002,M.USER.APP.3,3000,20,2
150,LINK,16,0,2,1.00002,M.USER.APP.2,3000,20,3
151,LINK,1,0,0,1.00002,M.USER.APP.0,3100,20,0
152,LINK,2,0,1,1.00002,M.USER.APP.1,3100,20,1
154,LINK,4,0,3,1.00002,M.USER.APP.3,3100,20,2
155,LINK,16,0,2,1.00002,M.USER.APP.2,3100,20,3
156,LINK,1,0,0,1.00002,M.USER.APP.0,3200,20,0
157,LINK,2,0,1,1.00002,M.USER.APP.1,3200,20,1
159,LINK,4,0,3,1.00002,M.USER.APP.3,3200,20,2
160,LINK,16,0,2,1.00002,M.USER.APP.2,3200,20,3
161,LINK,1,0,0,1.00002,M.USER.APP.0,3300,20,0
162,LINK,2,0,1,1.00002,M.USER.APP.1,3300,20,1
164,LINK,4,0,3,1.00002,M.USER.APP.3,3300,20,2
165,LINK,16,0,2,1.00002,M.USER.APP.2,3300,20,3
166,LINK,1,0,0,1.00002,M.USER.APP.0,3400,20,0
167,LINK,2,0,1,1.00002,M.USER.APP.1,3400,20,1
169,LINK,4,0,3,1.00002,M.USER.APP.3,3400,20,2
170,LINK,16,0,2,1.00002,M.USER.APP.2,3400,20,3
171,LINK,1,0,0,1.00002,M.USER.APP.0,3500,20,0
172,LINK,2,0,1,1.00002,M.USER.APP.1,3500,20,1
174,LINK,4,0,3,1.00002,M.USER.APP.3,3500,20,2
175,LINK,16,0,2,1.00002,M.USER.APP.2,3500,20,3
176,LINK,1,0,0,1.00002,M.USER.APP.0,3600,20,0
177,LINK,2,0,1,1.00002,M.USER.APP.1,3600,20,1
179,LINK,4,0,3,1.00002,M.USER.APP.3,3600,20,2
180,LINK,16,0,2,1.00002,M.USER.APP.2,3600,20,3
181,LINK,1,0,0,1.00002,M.USER.APP.0,3700,20,0
182,LINK,2,0,1,1.00002,M.USER.APP.1,3700,20,1
184,LINK,4,0,3,1.00002,M.USER.APP.3,3700,20,2
185,LINK,16,0,2,1.00002,M.USER.APP.2,3700,20,3
186,LINK,1,0,0,1.00002,M.USER.APP.0,3800,20,0
187,LINK,2,0,1,1.00002,M.USER.APP.1,3800,20,1
189,LINK,4,0,3,1.00002,M.USER.APP.3,3800,20,2
190,LINK,16,0,2,1.00002,M.USER.APP.2,3800,20,3
191,LINK,1,0,0,1.00002,M.USER.APP.0,3900,20,0
192,LINK,2,0,1,1.00002,M.USER.APP.1,3900,20,1
194,LINK,4,0,3,1.00002,M.USER.APP.3,3900,20,2
195,LINK,16,0,2,1.00002,M.USER.APP.2,3900,20,3
196,LINK,1,0,0,1.00002,M.USER.APP.0,4000,20,0
197,LINK,2,0,1,1.00002,M.USER.APP.1,4000,20,1
199,LINK,4,0,3,1.00002,M.USER.APP.3,4000,20,2
200,LINK,16,0,2,1.00002,M.USER.APP.2,4000,20,3
201,LINK,1,0,0,1.00002,M.USER.APP.0,4100,20,0
202,LINK,2,0,1,1.00002,M.USER.APP.1,4100,20,1
204,LINK,4,0,3,1.00002,M.USER.APP.3,4100,20,2
205,LINK,16,0,2,1.00002,M.USER.APP.2,4100,20,3
206,LINK,1,0,0,1.00002,M.USER.APP.0,4200,20,0
207,LINK,2,0,1,1.00002,M.USER.APP.1,4200,20,1
209,LINK,4,0,3,1.00002,M.USER.APP.3,4200,20,2
210,LINK,16,0,2,1.00002,M.USER.APP.2,4200,20,3
211,LINK,1,0,0,1.00002,M.USER.APP.0,4300,20,0
212,LINK,2,0,1,1.00002,M.USER.APP.1,4300,20,1
214,LINK,4,0,3,1.00002,M.USER.APP.3,4300,20,2
215,LINK,16,0,2,1.00002,M.USER.APP.2,4300,20,3
216,LINK,1,0,0,1.00002,M.USER.APP.0,4400,20,0
217,LINK,2,0,1,1.00002,M.USER.APP.1,4400,20,1
219,LINK,4,0,3,1.00002,M.USER.APP.3,4400,20,2
220,LINK,16,0,2,1.00002,M.USER.APP.2,4400,20,3
221,LINK,1,0,0,1.00002,M.USER.APP.0,4500,20,0
222,LINK,2,0,1,1.00002,M.USER.APP.1,4500,20,1
224,LINK,4,0,3,1.00002,M.USER.APP.3,4500,20,2
225,LINK,16,0,2,1.00002,M.USER.APP.2,4500,20,3
226,LINK,1,0,0,1.00002,M.USER.APP.0,4600,20,0
227,LINK,2,0,1,1.00002,M.USER.APP.1,4600,20,1
229,LINK,4,0,3,1.00002,M.USER.APP.3,4600,20,2
230,LINK,16,0,2,1.00002,M.USER.APP.2,4600,20,3
231,LINK,1,0,0,1.00002,M.USER.APP.0,4700,20,0
232,LINK,2,0,1,1.00002,M.USER.APP.1,4700,20,1
234,LINK,4,0,3,1.00002,M.USER.APP.3,4700,20,2
235,LINK,16,0,2,1.00002,M.USER.APP.2,4700,20,3
236,LINK,1,0,0,1.00002,M.USER.APP.0,4800,20,0
237,LINK,2,0,1,1.00002,M.USER.APP.1,4800,20,1
239,LINK,4,0,3,1.00002,M.USER.APP.3,4800,20,2
240,LINK,16,0,2,1.00002,M.USER.APP.2,4800,20,3
241,LINK,1,0,0,1.00002,M.USER.APP.0,4900,20,0
242,LINK,2,0,1,1.00002,M.USER.APP.1,4900,20,1
244,LINK,4,0,3,1.00002,M.USER.APP.3,4900,20,2
245,LINK,16,0,2,1.00002,M.USER.APP.2,4900,20,3
246,LINK,1,0,0,1.00002,M.USER.APP.0,5000,20,0
247,LINK,2,0,1,1.00002,M.USER.APP.1,5000,20,1
249,LINK,4,0,3,1.00002,M.USER.APP.3,5000,20,2
250,LINK,16,0,2,1.00002,M.USER.APP.2,5000,20,3
251,LINK,1,0,0,1.00002,M.USER.APP.0,5100,20,0
252,LINK,2,0,1,1.00002,M.USER.APP.1,5100,20,1
254,LINK,4,0,3,1.00002,M.USER.APP.3,5100,20,2
255,LINK,16,0,2,1.00002,M.USER.APP.2,5100,20,3
256,LINK,1,0,0,1.00002,M.USER.APP.0,5200,20,0
257,LINK,2,0,1,1.00002,M.USER.APP.1,5200,20,1
259,LINK,4,0,3,1.00002,M.USER.APP.3,5200,20,2
260,LINK,16,0,2,1.00002,M.USER.APP.2,5200,20,3
261,LINK,1,0,0,1.00002,M.USER.APP.0,5300,20,0
262,LINK,2,0,1,1.00002,M.USER.APP.1,5300,20,1
264,LINK,4,0,3,1.00002,M.USER.APP.3,5300,20,2
265,LINK,16,0,2,1.00002,M.USER.APP.2,5300,20,3
266,LINK,1,0,0,1.00002,M.USER.APP.0,5400,20,0
267,LINK,2,0,1,1.00002,M.USER.APP.1,5400,20,1
269,LINK,4,0,3,1.00002,M.USER.APP.3,5400,20,2
270,LINK,16,0,2,1.00002,M.USER.APP.2,5400,20,3
271,LINK,1,0,0,1.00002,M.USER.APP.0,5500,20,0
272,LINK,2,0,1,1.00002,M.USER.APP.1,5500,20,1
274,LINK,4,0,3,1.00002,M.USER.APP.3,5500,20,2
275,LINK,16,0,2,1.00002,M.USER.APP.2,5500,20,3
276,LINK,1,0,0,1.00002,M.USER.APP.0,5600,20,0
277,LINK,2,0,1,1.00002,M.USER.APP.1,5600,20,1
279,LINK,4,0,3,1.00002,M.USER.APP.3,5600,20,2
280,LINK,16,0,2,1.00002,M.USER.APP.2,5600,20,3
281,LINK,1,0,0,1.00002,M.USER.APP.0,5700,20,0
282,LINK,2,0,1,1.00002,M.USER.APP.1,5700,20,1
284,LINK,4,0,3,1.00002,M.USER.APP.3,5700,20,2
285,LINK,16,0,2,1.00002,M.USER.APP.2,5700,20,3
286,LINK,1,0,0,1.00002,M.USER.APP.0,5800,20,0
287,LINK,2,0,1,1.00002,M.USER.APP.1,5800,20,1
289,LINK,4,0,3,1.00002,M.USER.APP.3,5800,20,2
290,LINK,16,0,2,1.00002,M.USER.APP.2,5800,20,3
291,LINK,1,0,0,1.00002,M.USER.APP.0,5900,20,0
292,LINK,2,0,1,1.00002,M.USER.APP.1,5900,20,1
294,LINK,4,0,3,1.00002,M.USER.APP.3,5900,20,2
295,LINK,16,0,2,1.00002,M.USER.APP.2,5900,20,3
296,LINK,1,0,0,1.00002,M.USER.APP.0,6000,20,0
297,LINK,2,0,1,1.00002,M.USER.APP.1,6000,20,1
299,LINK,4,0,3,1.00002,M.USER.APP.3,6000,20,2
300,LINK,16,0,2,1.00002,M.USER.APP.2,6000,20,3
301,LINK,1,0,0,1.00002,M.USER.APP.0,6100,20,0
302,LINK,2,0,1,1.00002,M.USER.APP.1,6100,20,1
304,LINK,4,0,3,1.00002,M.USER.APP.3,6100,20,2
305,LINK,16,0,2,1.00002,M.USER.APP.2,6100,20,3
306,LINK,1,0,0,1.00002,M.USER.APP.0,6200,20,0
307,LINK,2,0,1,1.00002,M.USER.APP.1,6200,20,1
309,LINK,4,0,3,1.00002,M.USER.APP.3,6200,20,2
310,LINK,16,0,2,1.00002,M.USER.APP.2,6200,20,3
311,LINK,1,0,0,1.00002,M.USER.APP.0,6300,20,0
312,LINK,2,0,1,1.00002,M.USER.APP.1,6300,20,1
314,LINK,4,0,3,1.00002,M.USER.APP.3,6300,20,2
315,LINK,16,0,2,1.00002,M.USER.APP.2,6300,20,3
316,LINK,1,0,0,1.00002,M.USER.APP.0,6400,20,0
317,LINK,2,0,1,1.00002,M.USER.APP.1,6400,20,1
319,LINK,4,0,3,1.00002,M.USER.APP.3,6400,20,2
320,LINK,16,0,2,1.00002,M.USER.APP.2,6400,20,3
321,LINK,1,0,0,1.00002,M.USER.APP.0,6500,20,0
322,LINK,2,0,1,1.00002,M.USER.APP.1,6500,20,1
324,LINK,4,0,3,1.00002,M.USER.APP.3,6500,20,2
325,LINK,16,0,2,1.00002,M.USER.APP.2,6500,20,3
326,LINK,1,0,0,1.00002,M.USER.APP.0,6600,20,0
327,LINK,2,0,1,1.00002,M.USER.APP.1,6600,20,1
329,LINK,4,0,3,1.00002,M.USER.APP.3,6600,20,2
330,LINK,16,0,2,1.00002,M.USER.APP.2,6600,20,3
331,LINK,1,0,0,1.00002,M.USER.APP.0,6700,20,0
332,LINK,2,0,1,1.00002,M.USER.APP.1,6700,20,1
334,LINK,4,0,3,1.00002,M.USER.APP.3,6700,20,2
335,LINK,16,0,2,1.00002,M.USER.APP.2,6700,20,3
336,LINK,1,0,0,1.00002,M.USER.APP.0,6800,20,0
337,LINK,2,0,1,1.00002,M.USER.APP.1,6800,20,1
339,LINK,4,0,3,1.00002,M.USER.APP.3,6800,20,2
340,LINK,16,0,2,1.00002,M.USER.APP.2,6800,20,3
341,LINK,1,0,0,1.00002,M.USER.APP.0,6900,20,0
342,LINK,2,0,1,1.00002,M.USER.APP.1,6900,20,1
344,LINK,4,0,3,1.00002,M.USER.APP.3,6900,20,2
345,LINK,16,0,2,1.00002,M.USER.APP.2,6900,20,3
346,LINK,1,0,0,1.00002,M.USER.APP.0,7000,20,0
347,LINK,2,0,1,1.00002,M.USER.APP.1,7000,20,1
349,LINK,4,0,3,1.00002,M.USER.APP.3,7000,20,2
350,LINK,16,0,2,1.00002,M.USER.APP.2,7000,20,3
351,LINK,1,0,0,1.00002,M.USER.APP.0,7100,20,0
352,LINK,2,0,1,1.00002,M.USER.APP.1,7100,20,1
354,LINK,4,0,3,1.00002,M.USER.APP.3,7100,20,2
355,LINK,16,0,2,1.00002,M.USER.APP.2,7100,20,3
356,LINK,1,0,0,1.00002,M.USER.APP.0,7200,20,0
357,LINK,2,0,1,1.00002,M.USER.APP.1,7200,20,1
359,LINK,4,0,3,1.00002,M.USER.APP.3,7200,20,2
360,LINK,16,0,2,1.00002,M.USER.APP.2,7200,20,3
361,LINK,1,0,0,1.00002,M.USER.APP.0,7300,20,0
362,LINK,2,0,1,1.00002,M.USER.APP.1,7300,20,1
364,LINK,4,0,3,1.00002,M.USER.APP.3,7300,20,2
365,LINK,16,0,2,1.00002,M.USER.APP.2,7300,20,3
366,LINK,1,0,0,1.00002,M.USER.APP.0,7400,20,0
367,LINK,2,0,1,1.00002,M.USER.APP.1,7400,20,1
369,LINK,4,0,3,1.00002,M.USER.APP.3,7400,20,2
370,LINK,16,0,2,1.00002,M.USER.APP.2,7400,20,3
371,LINK,1,0,0,1.00002,M.USER.APP.0,7500,20,0
372,LINK,2,0,1,1.00002,M.USER.APP.1,7500,20,1
374,LINK,4,0,3,1.00002,M.USER.APP.3,7500,20,2
375,LINK,16,0,2,1.00002,M.USER.APP.2,7500,20,3
376,LINK,1,0,0,1.00002,M.USER.APP.0,7600,20,0
377,LINK,2,0,1,1.00002,M.USER.APP.1,7600,20,1
379,LINK,4,0,3,1.00002,M.USER.APP.3,7600,20,2
380,LINK,16,0,2,1.00002,M.USER.APP.2,7600,20,3
381,LINK,1,0,0,1.00002,M.USER.APP.0,7700,20,0
382,LINK,2,0,1,1.00002,M.USER.APP.1,7700,20,1
384,LINK,4,0,3,1.00002,M.USER.APP.3,7700,20,2
385,LINK,16,0,2,1.00002,M.USER.APP.2,7700,20,3
386,LINK,1,0,0,1.00002,M.USER.APP.0,7800,20,0
387,LINK,2,0,1,1.00002,M.USER.APP.1,7800,20,1
389,LINK,4,0,3,1.00002,M.USER.APP.3,7800,20,2
390,LINK,16,0,2,1.00002,M.USER.APP.2,7800,20,3
391,LINK,1,0,0,1.00002,M.USER.APP.0,7900,20,0
392,LINK,2,0,1,1.00002,M.USER.APP.1,7900,20,1
394,LINK,4,0,3,1.00002,M.USER.APP.3,7900,20,2
395,LINK,16,0,2,1.00002,M.USER.APP.2,7900,20,3
396,LINK,1,0,0,1.00002,M.USER.APP.0,8000,20,0
397,LINK,2,0,1,1.00002,M.USER.APP.1,8000,20,1
399,LINK,4,0,3,1.00002,M.USER.APP.3,8000,20,2
400,LINK,16,0,2,1.00002,M.USER.APP.2,8000,20,3
401,LINK,1,0,0,1.00002,M.USER.APP.0,8100,20,0
402,LINK,2,0,1,1.00002,M.USER.APP.1,8100,20,1
404,LINK,4,0,3,1.00002,M.USER.APP.3,8100,20,2
405,LINK,16,0,2,1.00002,M.USER.APP.2,8100,20,3
406,LINK,1,0,0,1.00002,M.USER.APP.0,8200,20,0
407,LINK,2,0,1,1.00002,M.USER.APP.1,8200,20,1
409,LINK,4,0,3,1.00002,M.USER.APP.3,8200,20,2
410,LINK,16,0,2,1.00002,M.USER.APP.2,8200,20,3
411,LINK,1,0,0,1.00002,M.USER.APP.0,8300,20,0
412,LINK,2,0,1,1.00002,M.USER.APP.1,8300,20,1
414,LINK,4,0,3,1.00002,M.USER.APP.3,8300,20,2
415,LINK,16,0,2,1.00002,M.USER.APP.2,8300,20,3
416,LINK,1,0,0,1.00002,M.USER.APP.0,8400,20,0
417,LINK,2,0,1,1.00002,M.USER.APP.1,8400,20,1
419,LINK,4,0,3,1.00002,M.USER.APP.3,8400,20,2
420,LINK,16,0,2,1.00002,M.USER.APP.2,8400,20,3
421,LINK,1,0,0,1.00002,M.USER.APP.0,8500,20,0
422,LINK,2,0,1,1.00002,M.USER.APP.1,8500,20,1
424,LINK,4,0,3,1.00002,M.USER.APP.3,8500,20,2
425,LINK,16,0,2,1.00002,M.USER.APP.2,8500,20,3
426,LINK,1,0,0,1.00002,M.USER.APP.0,8600,20,0
427,LINK,2,0,1,1.00002,M.USER.APP.1,8600,20,1
429,LINK,4,0,3,1.00002,M.USER.APP.3,8600,20,2
430,LINK,16,0,2,1.00002,M.USER.APP.2,8600,20,3
431,LINK,1,0,0,1.00002,M.USER.APP.0,8700,20,0
432,LINK,2,0,1,1.00002,M.USER.APP.1,8700,20,1
434,LINK,4,0,3,1.00002,M.USER.APP.3,8700,20,2
435,LINK,16,0,2,1.00002,M.USER.APP.2,8700,20,3
436,LINK,1,0,0,1.00002,M.USER.APP.0,8800,20,0
437,LINK,2,0,1,1.00002,M.USER.APP.1,8800,20,1
439,LINK,4,0,3,1.00002,M.USER.APP.3,8800,20,2
440,LINK,16,0,2,1.00002,M.USER.APP.2,8800,20,3
441,LINK,1,0,0,1.00002,M.USER.APP.0,8900,20,0
442,LINK,2,0,1,1.00002,M.USER.APP.1,8900,20,1
444,LINK,4,0,3,1.00002,M.USER.APP.3,8900,20,2
445,LINK,16,0,2,1.00002,M.USER.APP.2,8900,20,3
446,LINK,1,0,0,1.00002,M.USER.APP.0,9000,20,0
447,LINK,2,0,1,1.00002,M.USER.APP.1,9000,20,1
449,LINK,4,0,3,1.00002,M.USER.APP.3,9000,20,2
450,LINK,16,0,2,1.00002,M.USER.APP.2,9000,20,3
451,LINK,1,0,0,1.00002,M.USER.APP.0,9100,20,0
452,LINK,2,0,1,1.00002,M.USER.APP.1,9100,20,1
454,LINK,4,0,3,1.00002,M.USER.APP.3,9100,20,2
455,LINK,16,0,2,1.00002,M.USER.APP.2,9100,20,3
456,LINK,1,0,0,1.00002,M.USER.APP.0,9200,20,0
457,LINK,2,0,1,1.00002,M.USER.APP.1,9200,20,1
459,LINK,4,0,3,1.00002,M.USER.APP.3,9200,20,2
460,LINK,16,0,2,1.00002,M.USER.APP.2,9200,20,3
461,LINK,1,0,0,1.00002,M.USER.APP.0,9300,20,0
462,LINK,2,0,1,1.00002,M.USER.APP.1,9300,20,1
464,LINK,4,0,3,1.00002,M.USER.APP.3,9300,20,2
465,LINK,16,0,2,1.00002,M.USER.APP.2,9300,20,3
466,LINK,1,0,0,1.00002,M.USER.APP.0,9400,20,0
467,LINK,2,0,1,1.00002,M.USER.APP.1,9400,20,1
469,LINK,4,0,3,1.00002,M.USER.APP.3,9400,20,2
470,LINK,16,0,2,1.00002,M.USER.APP.2,9400,20,3
471,LINK,1,0,0,1.00002,M.USER.APP.0,9500,20,0
472,LINK,2,0,1,1.00002,M.USER.APP.1,9500,20,1
474,LINK,4,0,3,1.00002,M.USER.APP.3,9500,20,2
475,LINK,16,0,2,1.00002,M.USER.APP.2,9500,20,3
476,LINK,1,0,0,1.00002,M.USER.APP.0,9600,20,0
477,LINK,2,0,1,1.00002,M.USER.APP.1,9600,20,1
479,LINK,4,0,3,1.00002,M.USER.APP.3,9600,20,2
480,LINK,16,0,2,1.00002,M.USER.APP.2,9600,20,3
481,LINK,1,0,0,1.00002,M.USER.APP.0,9700,20,0
482,LINK,2,0,1,1.00002,M.USER.APP.1,9700,20,1
484,LINK,4,0,3,1.00002,M.USER.APP.3,9700,20,2
485,LINK,16,0,2,1.00002,M.USER.APP.2,9700,20,3
486,LINK,1,0,0,1.00002,M.USER.APP.0,9800,20,0
487,LINK,2,0,1,1.00002,M.USER.APP.1,9800,20,1
489,LINK,4,0,3,1.00002,M.USER.APP.3,9800,20,2
490,LINK,16,0,2,1.00002,M.USER.APP.2,9800,20,3
491,LINK,1,0,0,1.00002,M.USER.APP.0,9900,20,0
492,LINK,2,0,1,1.00002,M.USER.APP.1,9900,20,1
494,LINK,4,0,3,1.00002,M.USER.APP.3,9900,20,2
495,LINK,16,0,2,1.00002,M.USER.APP.2,9900,20,3
496,LINK,1,0,0,1.00002,M.USER.APP.0,10000,20,0
497,LINK,2,0,1,1.00002,M.USER.APP.1,10000,20,1
499,LINK,4,0,3,1.00002,M.USER.APP.3,10000,20,2
500,LINK,16,0,2,1.00002,M.USER.APP.2,10000,20,3
501,LINK,1,0,0,1.00002,M.USER.APP.0,10100,20,0
502,LINK,2,0,1,1.00002,M.USER.APP.1,10100,20,1
504,LINK,4,0,3,1.00002,M.USER.APP.3,10100,20,2
505,LINK,16,0,2,1.00002,M.USER.APP.2,10100,20,3
506,LINK,1,0,0,1.00002,M.USER.APP.0,10200,20,0
507,LINK,2,0,1,1.00002,M.USER.APP.1,10200,20,1
509,LINK,4,0,3,1.00002,M.USER.APP.3,10200,20,2
510,LINK,16,0,2,1.00002,M.USER.APP.2,10200,20,3
511,LINK,1,0,0,1.00002,M.USER.APP.0,10300,20,0
512,LINK,2,0,1,1.00002,M.USER.APP.1,10300,20,1
514,LINK,4,0,3,1.00002,M.USER.APP.3,10300,20,2
515,LINK,16,0,2,1.00002,M.USER.APP.2,10300,20,3
516,LINK,1,0,0,1.00002,M.USER.APP.0,10400,20,0
517,LINK,2,0,1,1.00002,M.USER.APP.1,10400,20,1
519,LINK,4,0,3,1.00002,M.USER.APP.3,10400,20,2
520,LINK,16,0,2,1.00002,M.USER.APP.2,10400,20,3
521,LINK,1,0,0,1.00002,M.USER.APP.0,10500,20,0
522,LINK,2,0,1,1.00002,M.USER.APP.1,10500,20,1
524,LINK,4,0,3,1.00002,M.USER.APP.3,10500,20,2
525,LINK,16,0,2,1.00002,M.USER.APP.2,10500,20,3
526,LINK,1,0,0,1.00002,M.USER.APP.0,10600,20,0
527,LINK,2,0,1,1.00002,M.USER.APP.1,10600,20,1
529,LINK,4,0,3,1.00002,M.USER.APP.3,10600,20,2
530,LINK,16,0,2,1.00002,M.USER.APP.2,10600,20,3
531,LINK,1,0,0,1.00002,M.USER.APP.0,10700,20,0
532,LINK,2,0,1,1.00002,M.USER.APP.1,10700,20,1
534,LINK,4,0,3,1.00002,M.USER.APP.3,10700,20,2
535,LINK,16,0,2,1.00002,M.USER.APP.2,10700,20,3
536,LINK,1,0,0,1.00002,M.USER.APP.0,10800,20,0
537,LINK,2,0,1,1.00002,M.USER.APP.1,10800,20,1
539,LINK,4,0,3,1.00002,M.USER.APP.3,10800,20,2
540,LINK,16,0,2,1.00002,M.USER.APP.2,10800,20,3
541,LINK,1,0,0,1.00002,M.USER.APP.0,10900,20,0
542,LINK,2,0,1,1.00002,M.USER.APP.1,10900,20,1
544,LINK,4,0,3,1.00002,M.USER.APP.3,10900,20,2
545,LINK,16,0,2,1.00002,M.USER.APP.2,10900,20,3
546,LINK,1,0,0,1.00002,M.USER.APP.0,11000,20,0
547,LINK,2,0,1,1.00002,M.USER.APP.1,11000,20,1
549,LINK,4,0,3,1.00002,M.USER.APP.3,11000,20,2
550,LINK,16,0,2,1.00002,M.USER.APP.2,11000,20,3
551,LINK,1,0,0,1.00002,M.USER.APP.0,11100,20,0
552,LINK,2,0,1,1.00002,M.USER.APP.1,11100,20,1
554,LINK,4,0,3,1.00002,M.USER.APP.3,11100,20,2
555,LINK,16,0,2,1.00002,M.USER.APP.2,11100,20,3
556,LINK,1,0,0,1.00002,M.USER.APP.0,11200,20,0
557,LINK,2,0,1,1.00002,M.USER.APP.1,11200,20,1
559,LINK,4,0,3,1.00002,M.USER.APP.3,11200,20,2
560,LINK,16,0,2,1.00002,M.USER.APP.2,11200,20,3
561,LINK,1,0,0,1.00002,M.USER.APP.0,11300,20,0
562,LINK,2,0,1,1.00002,M.USER.APP.1,11300,20,1
564,LINK,4,0,3,1.00002,M.USER.APP.3,11300,20,2
565,LINK,16,0,2,1.00002,M.USER.APP.2,11300,20,3
566,LINK,1,0,0,1.00002,M.USER.APP.0,11400,20,0
567,LINK,2,0,1,1.00002,M.USER.APP.1,11400,20,1
569,LINK,4,0,3,1.00002,M.USER.APP.3,11400,20,2
570,LINK,16,0,2,1.00002,M.USER.APP.2,11400,20,3
571,LINK,1,0,0,1.00002,M.USER.APP.0,11500,20,0
572,LINK,2,0,1,1.00002,M.USER.APP.1,11500,20,1
574,LINK,4,0,3,1.00002,M.USER.APP.3,11500,20,2
575,LINK,16,0,2,1.00002,M.USER.APP.2,11500,20,3
576,LINK,1,0,0,1.00002,M.USER.APP.0,11600,20,0
577,LINK,2,0,1,1.00002,M.USER.APP.1,11600,20,1
579,LINK,4,0,3,1.00002,M.USER.APP.3,11600,20,2
580,LINK,16,0,2,1.00002,M.USER.APP.2,11600,20,3
581,LINK,1,0,0,1.00002,M.USER.APP.0,11700,20,0
582,LINK,2,0,1,1.00002,M.USER.APP.1,11700,20,1
584,LINK,4,0,3,1.00002,M.USER.APP.3,11700,20,2
585,LINK,16,0,2,1.00002,M.USER.APP.2,11700,20,3
586,LINK,1,0,0,1.00002,M.USER.APP.0,11800,20,0
587,LINK,2,0,1,1.00002,M.USER.APP.1,11800,20,1
589,LINK,4,0,3,1.00002,M.USER.APP.3,11800,20,2
590,LINK,16,0,2,1.00002,M.USER.APP.2,11800,20,3
591,LINK,1,0,0,1.00002,M.USER.APP.0,11900,20,0
592,LINK,2,0,1,1.00002,M.USER.APP.1,11900,20,1
594,LINK,4,0,3,1.00002,M.USER.APP.3,11900,20,2
595,LINK,16,0,2,1.00002,M.USER.APP.2,11900,20,3
596,LINK,1,0,0,1.00002,M.USER.APP.0,12000,20,0
597,LINK,2,0,1,1.00002,M.USER.APP.1,12000,20,1
599,LINK,4,0,3,1.00002,M.USER.APP.3,12000,20,2
600,LINK,16,0,2,1.00002,M.USER.APP.2,12000,20,3
601,LINK,1,0,0,1.00002,M.USER.APP.0,12100,20,0
602,LINK,2,0,1,1.00002,M.USER.APP.1,12100,20,1
604,LINK,4,0,3,1.00002,M.USER.APP.3,12100,20,2
605,LINK,16,0,2,1.00002,M.USER.APP.2,12100,20,3
606,LINK,1,0,0,1.00002,M.USER.APP.0,12200,20,0
607,LINK,2,0,1,1.00002,M.USER.APP.1,12200,20,1
609,LINK,4,0,3,1.00002,M.USER.APP.3,12200,20,2
610,LINK,16,0,2,1.00002,M.USER.APP.2,12200,20,3
611,LINK,1,0,0,1.00002,M.USER.APP.0,12300,20,0
612,LINK,2,0,1,1.00002,M.USER.APP.1,12300,20,1
614,LINK,4,0,3,1.00002,M.USER.APP.3,12300,20,2
615,LINK,16,0,2,1.00002,M.USER.APP.2,12300,20,3
616,LINK,1,0,0,1.00002,M.USER.APP.0,12400,20,0
617,LINK,2,0,1,1.00002,M.USER.APP.1,12400,20,1
619,LINK,4,0,3,1.00002,M.USER.APP.3,12400,20,2
620,LINK,16,0,2,1.00002,M.USER.APP.2,12400,20,3
621,LINK,1,0,0,1.00002,M.USER.APP.0,12500,20,0
622,LINK,2,0,1,1.00002,M.USER.APP.1,12500,20,1
624,LINK,4,0,3,1.00002,M.USER.APP.3,12500,20,2
625,LINK,16,0,2,1.00002,M.USER.APP.2,12500,20,3
626,LINK,1,0,0,1.00002,M.USER.APP.0,12600,20,0
627,LINK,2,0,1,1.00002,M.USER.APP.1,12600,20,1
629,LINK,4,0,3,1.00002,M.USER.APP.3,12600,20,2
630,LINK,16,0,2,1.00002,M.USER.APP.2,12600,20,3
631,LINK,1,0,0,1.00002,M.USER.APP.0,12700,20,0
632,LINK,2,0,1,1.00002,M.USER.APP.1,12700,20,1
634,LINK,4,0,3,1.00002,M.USER.APP.3,12700,20,2
635,LINK,16,0,2,1.00002,M.USER.APP.2,12700,20,3
636,LINK,1,0,0,1.00002,M.USER.APP.0,12800,20,0
637,LINK,2,0,1,1.00002,M.USER.APP.1,12800,20,1
639,LINK,4,0,3,1.00002,M.USER.APP.3,12800,20,2
640,LINK,16,0,2,1.00002,M.USER.APP.2,12800,20,3
641,LINK,1,0,0,1.00002,M.USER.APP.0,12900,20,0
642,LINK,2,0,1,1.00002,M.USER.APP.1,12900,20,1
644,LINK,4,0,3,1.00002,M.USER.APP.3,12900,20,2
645,LINK,16,0,2,1.00002,M.USER.APP.2,12900,20,3
646,LINK,1,0,0,1.00002,M.USER.APP.0,13000,20,0
647,LINK,2,0,1,1.00002,M.USER.APP.1,13000,20,1
649,LINK,4,0,3,1.00002,M.USER.APP.3,13000,20,2
650,LINK,16,0,2,1.00002,M.USER.APP.2,13000,20,3
651,LINK,1,0,0,1.00002,M.USER.APP.0,13100,20,0
652,LINK,2,0,1,1.00002,M.USER.APP.1,13100,20,1
654,LINK,4,0,3,1.00002,M.USER.APP.3,13100,20,2
655,LINK,16,0,2,1.00002,M.USER.APP.2,13100,20,3
656,LINK,1,0,0,1.00002,M.USER.APP.0,13200,20,0
657,LINK,2,0,1,1.00002,M.USER.APP.1,13200,20,1
659,LINK,4,0,3,1.00002,M.USER.APP.3,13200,20,2
660,LINK,16,0,2,1.00002,M.USER.APP.2,13200,20,3
661,LINK,1,0,0,1.00002,M.USER.APP.0,13300,20,0
662,LINK,2,0,1,1.00002,M.USER.APP.1,13300,20,1
664,LINK,4,0,3,1.00002,M.USER.APP.3,13300,20,2
665,LINK,16,0,2,1.00002,M.USER.APP.2,13300,20,3
666,LINK,1,0,0,1.00002,M.USER.APP.0,13400,20,0
667,LINK,2,0,1,1.00002,M.USER.APP.1,13400,20,1
669,LINK,4,0,3,1.00002,M.USER.APP.3,13400,20,2
670,LINK,16,0,2,1.00002,M.USER.APP.2,13400,20,3
671,LINK,1,0,0,1.00002,M.USER.APP.0,13500,20,0
672,LINK,2,0,1,1.00002,M.USER.APP.1,13500,20,1
674,LINK,4,0,3,1.00002,M.USER.APP.3,13500,20,2
675,LINK,16,0,2,1.00002,M.USER.APP.2,13500,20,3
676,LINK,1,0,0,1.00002,M.USER.APP.0,13600,20,0
677,LINK,2,0,1,1.00002,M.USER.APP.1,13600,20,1
679,LINK,4,0,3,1.00002,M.USER.APP.3,13600,20,2
680,LINK,16,0,2,1.00002,M.USER.APP.2,13600,20,3
681,LINK,1,0,0,1.00002,M.USER.APP.0,13700,20,0
682,LINK,2,0,1,1.00002,M.USER.APP.1,13700,20,1
684,LINK,4,0,3,1.00002,M.USER.APP.3,13700,20,2
685,LINK,16,0,2,1.00002,M.USER.APP.2,13700,20,3
686,LINK,1,0,0,1.00002,M.USER.APP.0,13800,20,0
687,LINK,2,0,1,1.00002,M.USER.APP.1,13800,20,1
689,LINK,4,0,3,1.00002,M.USER.APP.3,13800,20,2
690,LINK,16,0,2,1.00002,M.USER.APP.2,13800,20,3
691,LINK,1,0,0,1.00002,M.USER.APP.0,13900,20,0
692,LINK,2,0,1,1.00002,M.USER.APP.1,13900,20,1
694,LINK,4,0,3,1.00002,M.USER.APP.3,13900,20,2
695,LINK,16,0,2,1.00002,M.USER.APP.2,13900,20,3
696,LINK,1,0,0,1.00002,M.USER.APP.0,14000,20,0
697,LINK,2,0,1,1.00002,M.USER.APP.1,14000,20,1
699,LINK,4,0,3,1.00002,M.USER.APP.3,14000,20,2
700,LINK,16,0,2,1.00002,M.USER.APP.2,14000,20,3
701,LINK,1,0,0,1.00002,M.USER.APP.0,14100,20,0
702,LINK,2,0,1,1.00002,M.USER.APP.1,14100,20,1
704,LINK,4,0,3,1.00002,M.USER.APP.3,14100,20,2
705,LINK,16,0,2,1.00002,M.USER.APP.2,14100,20,3
706,LINK,1,0,0,1.00002,M.USER.APP.0,14200,20,0
707,LINK,2,0,1,1.00002,M.USER.APP.1,14200,20,1
709,LINK,4,0,3,1.00002,M.USER.APP.3,14200,20,2
710,LINK,16,0,2,1.00002,M.USER.APP.2,14200,20,3
711,LINK,1,0,0,1.00002,M.USER.APP.0,14300,20,0
712,LINK,2,0,1,1.00002,M.USER.APP.1,14300,20,1
714,LINK,4,0,3,1.00002,M.USER.APP.3,14300,20,2
715,LINK,16,0,2,1.00002,M.USER.APP.2,14300,20,3
716,LINK,1,0,0,1.00002,M.USER.APP.0,14400,20,0
717,LINK,2,0,1,1.00002,M.USER.APP.1,14400,20,1
719,LINK,4,0,3,1.00002,M.USER.APP.3,14400,20,2
720,LINK,16,0,2,1.00002,M.USER.APP.2,14400,20,3
721,LINK,1,0,0,1.00002,M.USER.APP.0,14500,20,0
722,LINK,2,0,1,1.00002,M.USER.APP.1,14500,20,1
724,LINK,4,0,3,1.00002,M.USER.APP.3,14500,20,2
725,LINK,16,0,2,1.00002,M.USER.APP.2,14500,20,3
726,LINK,1,0,0,1.00002,M.USER.APP.0,14600,20,0
727,LINK,2,0,1,1.00002,M.USER.APP.1,14600,20,1
729,LINK,4,0,3,1.00002,M.USER.APP.3,14600,20,2
730,LINK,16,0,2,1.00002,M.USER.APP.2,14600,20,3
731,LINK,1,0,0,1.00002,M.USER.APP.0,14700,20,0
732,LINK,2,0,1,1.00002,M.USER.APP.1,14700,20,1
734,LINK,4,0,3,1.00002,M.USER.APP.3,14700,20,2
735,LINK,16,0,2,1.00002,M.USER.APP.2,14700,20,3
736,LINK,1,0,0,1.00002,M.USER.APP.0,14800,20,0
737,LINK,2,0,1,1.00002,M.USER.APP.1,14800,20,1
739,LINK,4,0,3,1.00002,M.USER.APP.3,14800,20,2
740,LINK,16,0,2,1.00002,M.USER.APP.2,14800,20,3
741,LINK,1,0,0,1.00002,M.USER.APP.0,14900,20,0
742,LINK,2,0,1,1.00002,M.USER.APP.1,14900,20,1
744,LINK,4,0,3,1.00002,M.USER.APP.3,14900,20,2
745,LINK,16,0,2,1.00002,M.USER.APP.2,14900,20,3
746,LINK,1,0,0,1.00002,M.USER.APP.0,15000,20,0
747,LINK,2,0,1,1.00002,M.USER.APP.1,15000,20,1
749,LINK,4,0,3,1.00002,M.USER.APP.3,15000,20,2
750,LINK,16,0,2,1.00002,M.USER.APP.2,15000,20,3
751,LINK,1,0,0,1.00002,M.USER.APP.0,15100,20,0
752,LINK,2,0,1,1.00002,M.USER.APP.1,15100,20,1
754,LINK,4,0,3,1.00002,M.USER.APP.3,15100,20,2
755,LINK,16,0,2,1.00002,M.USER.APP.2,15100,20,3
756,LINK,1,0,0,1.00002,M.USER.APP.0,15200,20,0
757,LINK,2,0,1,1.00002,M.USER.APP.1,15200,20,1
759,LINK,4,0,3,1.00002,M.USER.APP.3,15200,20,2
760,LINK,16,0,2,1.00002,M.USER.APP.2,15200,20,3
761,LINK,1,0,0,1.00002,M.USER.APP.0,15300,20,0
762,LINK,2,0,1,1.00002,M.USER.APP.1,15300,20,1
764,LINK,4,0,3,1.00002,M.USER.APP.3,15300,20,2
765,LINK,16,0,2,1.00002,M.USER.APP.2,15300,20,3
766,LINK,1,0,0,1.00002,M.USER.APP.0,15400,20,0
767,LINK,2,0,1,1.00002,M.USER.APP.1,15400,20,1
769,LINK,4,0,3,1.00002,M.USER.APP.3,15400,20,2
770,LINK,16,0,2,1.00002,M.USER.APP.2,15400,20,3
771,LINK,1,0,0,1.00002,M.USER.APP.0,15500,20,0
772,LINK,2,0,1,1.00002,M.USER.APP.1,15500,20,1
774,LINK,4,0,3,1.00002,M.USER.APP.3,15500,20,2
775,LINK,16,0,2,1.00002,M.USER.APP.2,15500,20,3
776,LINK,1,0,0,1.00002,M.USER.APP.0,15600,20,0
777,LINK,2,0,1,1.00002,M.USER.APP.1,15600,20,1
779,LINK,4,0,3,1.00002,M.USER.APP.3,15600,20,2
780,LINK,16,0,2,1.00002,M.USER.APP.2,15600,20,3
781,LINK,1,0,0,1.00002,M.USER.APP.0,15700,20,0
782,LINK,2,0,1,1.00002,M.USER.APP.1,15700,20,1
784,LINK,4,0,3,1.00002,M.USER.APP.3,15700,20,2
785,LINK,16,0,2,1.00002,M.USER.APP.2,15700,20,3
786,LINK,1,0,0,1.00002,M.USER.APP.0,15800,20,0
787,LINK,2,0,1,1.00002,M.USER.APP.1,15800,20,1
789,LINK,4,0,3,1.00002,M.USER.APP.3,15800,20,2
790,LINK,16,0,2,1.00002,M.USER.APP.2,15800,20,3
791,LINK,1,0,0,1.00002,M.USER.APP.0,15900,20,0
792,LINK,2,0,1,1.00002,M.USER.APP.1,15900,20,1
794,LINK,4,0,3,1.00002,M.USER.APP.3,15900,20,2
795,LINK,16,0,2,1.00002,M.USER.APP.2,15900,20,3
796,LINK,1,0,0,1.00002,M.USER.APP.0,16000,20,0
797,LINK,2,0,1,1.00002,M.USER.APP.1,16000,20,1
799,LINK,4,0,3,1.00002,M.USER.APP.3,16000,20,2
800,LINK,16,0,2,1.00002,M.USER.APP.2,16000,20,3
801,LINK,1,0,0,1.00002,M.USER.APP.0,16100,20,0
802,LINK,2,0,1,1.00002,M.USER.APP.1,16100,20,1
804,LINK,4,0,3,1.00002,M.USER.APP.3,16100,20,2
805,LINK,16,0,2,1.00002,M.USER.APP.2,16100,20,3
806,LINK,1,0,0,1.00002,M.USER.APP.0,16200,20,0
807,LINK,2,0,1,1.00002,M.USER.APP.1,16200,20,1
809,LINK,4,0,3,1.00002,M.USER.APP.3,16200,20,2
810,LINK,16,0,2,1.00002,M.USER.APP.2,16200,20,3
811,LINK,1,0,0,1.00002,M.USER.APP.0,16300,20,0
812,LINK,2,0,1,1.00002,M.USER.APP.1,16300,20,1
814,LINK,4,0,3,1.00002,M.USER.APP.3,16300,20,2
815,LINK,16,0,2,1.00002,M.USER.APP.2,16300,20,3
816,LINK,1,0,0,1.00002,M.USER.APP.0,16400,20,0
817,LINK,2,0,1,1.00002,M.USER.APP.1,16400,20,1
819,LINK,4,0,3,1.00002,M.USER.APP.3,16400,20,2
820,LINK,16,0,2,1.00002,M.USER.APP.2,16400,20,3
821,LINK,1,0,0,1.00002,M.USER.APP.0,16500,20,0
822,LINK,2,0,1,1.00002,M.USER.APP.1,16500,20,1
824,LINK,4,0,3,1.00002,M.USER.APP.3,16500,20,2
825,LINK,16,0,2,1.00002,M.USER.APP.2,16500,20,3
826,LINK,1,0,0,1.00002,M.USER.APP.0,16600,20,0
827,LINK,2,0,1,1.00002,M.USER.APP.1,16600,20,1
829,LINK,4,0,3,1.00002,M.USER.APP.3,16600,20,2
830,LINK,16,0,2,1.00002,M.USER.APP.2,16600,20,3
831,LINK,1,0,0,1.00002,M.USER.APP.0,16700,20,0
832,LINK,2,0,1,1.00002,M.USER.APP.1,16700,20,1
834,LINK,4,0,3,1.00002,M.USER.APP.3,16700,20,2
835,LINK,16,0,2,1.00002,M.USER.APP.2,16700,20,3
836,LINK,1,0,0,1.00002,M.USER.APP.0,16800,20,0
837,LINK,2,0,1,1.00002,M.USER.APP.1,16800,20,1
839,LINK,4,0,3,1.00002,M.USER.APP.3,16800,20,2
840,LINK,16,0,2,1.00002,M.USER.APP.2,16800,20,3
841,LINK,1,0,0,1.00002,M.USER.APP.0,16900,20,0
842,LINK,2,0,1,1.00002,M.USER.APP.1,16900,20,1
844,LINK,4,0,3,1.00002,M.USER.APP.3,16900,20,2
845,LINK,16,0,2,1.00002,M.USER.APP.2,16900,20,3
846,LINK,1,0,0,1.00002,M.USER.APP.0,17000,20,0
847,LINK,2,0,1,1.00002,M.USER.APP.1,17000,20,1
849,LINK,4,0,3,1.00002,M.USER.APP.3,17000,20,2
850,LINK,16,0,2,1.00002,M.USER.APP.2,17000,20,3
851,LINK,1,0,0,1.00002,M.USER.APP.0,17100,20,0
852,LINK,2,0,1,1.00002,M.USER.APP.1,17100,20,1
854,LINK,4,0,3,1.00002,M.USER.APP.3,17100,20,2
855,LINK,16,0,2,1.00002,M.USER.APP.2,17100,20,3
856,LINK,1,0,0,1.00002,M.USER.APP.0,17200,20,0
857,LINK,2,0,1,1.00002,M.USER.APP.1,17200,20,1
859,LINK,4,0,3,1.00002,M.USER.APP.3,17200,20,2
860,LINK,16,0,2,1.00002,M.USER.APP.2,17200,20,3
861,LINK,1,0,0,1.00002,M.USER.APP.0,17300,20,0
862,LINK,2,0,1,1.00002,M.USER.APP.1,17300,20,1
864,LINK,4,0,3,1.00002,M.USER.APP.3,17300,20,2
865,LINK,16,0,2,1.00002,M.USER.APP.2,17300,20,3
866,LINK,1,0,0,1.00002,M.USER.APP.0,17400,20,0
867,LINK,2,0,1,1.00002,M.USER.APP.1,17400,20,1
869,LINK,4,0,3,1.00002,M.USER.APP.3,17400,20,2
870,LINK,16,0,2,1.00002,M.USER.APP.2,17400,20,3
871,LINK,1,0,0,1.00002,M.USER.APP.0,17500,20,0
872,LINK,2,0,1,1.00002,M.USER.APP.1,17500,20,1
874,LINK,4,0,3,1.00002,M.USER.APP.3,17500,20,2
875,LINK,16,0,2,1.00002,M.USER.APP.2,17500,20,3
876,LINK,1,0,0,1.00002,M.USER.APP.0,17600,20,0
877,LINK,2,0,1,1.00002,M.USER.APP.1,17600,20,1
879,LINK,4,0,3,1.00002,M.USER.APP.3,17600,20,2
880,LINK,16,0,2,1.00002,M.USER.APP.2,17600,20,3
881,LINK,1,0,0,1.00002,M.USER.APP.0,17700,20,0
882,LINK,2,0,1,1.00002,M.USER.APP.1,17700,20,1
884,LINK,4,0,3,1.00002,M.USER.APP.3,17700,20,2
885,LINK,16,0,2,1.00002,M.USER.APP.2,17700,20,3
886,LINK,1,0,0,1.00002,M.USER.APP.0,17800,20,0
887,LINK,2,0,1,1.00002,M.USER.APP.1,17800,20,1
889,LINK,4,0,3,1.00002,M.USER.APP.3,17800,20,2
890,LINK,16,0,2,1.00002,M.USER.APP.2,17800,20,3
891,LINK,1,0,0,1.00002,M.USER.APP.0,17900,20,0
892,LINK,2,0,1,1.00002,M.USER.APP.1,17900,20,1
894,LINK,4,0,3,1.00002,M.USER.APP.3,17900,20,2
895,LINK,16,0,2,1.00002,M.USER.APP.2,17900,20,3
896,LINK,1,0,0,1.00002,M.USER.APP.0,18000,20,0
897,LINK,2,0,1,1.00002,M.USER.APP.1,18000,20,1
899,LINK,4,0,3,1.00002,M.USER.APP.3,18000,20,2
900,LINK,16,0,2,1.00002,M.USER.APP.2,18000,20,3
901,LINK,1,0,0,1.00002,M.USER.APP.0,18100,20,0
902,LINK,2,0,1,1.00002,M.USER.APP.1,18100,20,1
904,LINK,4,0,3,1.00002,M.USER.APP.3,18100,20,2
905,LINK,16,0,2,1.00002,M.USER.APP.2,18100,20,3
906,LINK,1,0,0,1.00002,M.USER.APP.0,18200,20,0
907,LINK,2,0,1,1.00002,M.USER.APP.1,18200,20,1
909,LINK,4,0,3,1.00002,M.USER.APP.3,18200,20,2
910,LINK,16,0,2,1.00002,M.USER.APP.2,18200,20,3
911,LINK,1,0,0,1.00002,M.USER.APP.0,18300,20,0
912,LINK,2,0,1,1.00002,M.USER.APP.1,18300,20,1
914,LINK,4,0,3,1.00002,M.USER.APP.3,18300,20,2
915,LINK,16,0,2,1.00002,M.USER.APP.2,18300,20,3
916,LINK,1,0,0,1.00002,M.USER.APP.0,18400,20,0
917,LINK,2,0,1,1.00002,M.USER.APP.1,18400,20,1
919,LINK,4,0,3,1.00002,M.USER.APP.3,18400,20,2
920,LINK,16,0,2,1.00002,M.USER.APP.2,18400,20,3
921,LINK,1,0,0,1.00002,M.USER.APP.0,18500,20,0
922,LINK,2,0,1,1.00002,M.USER.APP.1,18500,20,1
924,LINK,4,0,3,1.00002,M.USER.APP.3,18500,20,2
925,LINK,16,0,2,1.00002,M.USER.APP.2,18500,20,3
926,LINK,1,0,0,1.00002,M.USER.APP.0,18600,20,0
927,LINK,2,0,1,1.00002,M.USER.APP.1,18600,20,1
929,LINK,4,0,3,1.00002,M.USER.APP.3,18600,20,2
930,LINK,16,0,2,1.00002,M.USER.APP.2,18600,20,3
931,LINK,1,0,0,1.00002,M.USER.APP.0,18700,20,0
932,LINK,2,0,1,1.00002,M.USER.APP.1,18700,20,1
934,LINK,4,0,3,1.00002,M.USER.APP.3,18700,20,2
935,LINK,16,0,2,1.00002,M.USER.APP.2,18700,20,3
936,LINK,1,0,0,1.00002,M.USER.APP.0,18800,20,0
937,LINK,2,0,1,1.00002,M.USER.APP.1,18800,20,1
939,LINK,4,0,3,1.00002,M.USER.APP.3,18800,20,2
940,LINK,16,0,2,1.00002,M.USER.APP.2,18800,20,3
941,LINK,1,0,0,1.00002,M.USER.APP.0,18900,20,0
942,LINK,2,0,1,1.00002,M.USER.APP.1,18900,20,1
944,LINK,4,0,3,1.00002,M.USER.APP.3,18900,20,2
945,LINK,16,0,2,1.00002,M.USER.APP.2,18900,20,3
946,LINK,1,0,0,1.00002,M.USER.APP.0,19000,20,0
947,LINK,2,0,1,1.00002,M.USER.APP.1,19000,20,1
949,LINK,4,0,3,1.00002,M.USER.APP.3,19000,20,2
950,LINK,16,0,2,1.00002,M.USER.APP.2,19000,20,3
951,LINK,1,0,0,1.00002,M.USER.APP.0,19100,20,0
952,LINK,2,0,1,1.00002,M.USER.APP.1,19100,20,1
954,LINK,4,0,3,1.00002,M.USER.APP.3,19100,20,2
955,LINK,16,0,2,1.00002,M.USER.APP.2,19100,20,3
956,LINK,1,0,0,1.00002,M.USER.APP.0,19200,20,0
957,LINK,2,0,1,1.00002,M.USER.APP.1,19200,20,1
959,LINK,4,0,3,1.00002,M.USER.APP.3,19200,20,2
960,LINK,16,0,2,1.00002,M.USER.APP.2,19200,20,3
961,LINK,1,0,0,1.00002,M.USER.APP.0,19300,20,0
962,LINK,2,0,1,1.00002,M.USER.APP.1,19300,20,1
964,LINK,4,0,3,1.00002,M.USER.APP.3,19300,20,2
965,LINK,16,0,2,1.00002,M.USER.APP.2,19300,20,3
966,LINK,1,0,0,1.00002,M.USER.APP.0,19400,20,0
967,LINK,2,0,1,1.00002,M.USER.APP.1,19400,20,1
969,LINK,4,0,3,1.00002,M.USER.APP.3,19400,20,2
970,LINK,16,0,2,1.00002,M.USER.APP.2,19400,20,3
971,LINK,1,0,0,1.00002,M.USER.APP.0,19500,20,0
972,LINK,2,0,1,1.00002,M.USER.APP.1,19500,20,1
974,LINK,4,0,3,1.00002,M.USER.APP.3,19500,20,2
975,LINK,16,0,2,1.00002,M.USER.APP.2,19500,20,3
976,LINK,1,0,0,1.00002,M.USER.APP.0,19600,20,0
977,LINK,2,0,1,1.00002,M.USER.APP.1,19600,20,1
979,LINK,4,0,3,1.00002,M.USER.APP.3,19600,20,2
980,LINK,16,0,2,1.00002,M.USER.APP.2,19600,20,3
981,LINK,1,0,0,1.00002,M.USER.APP.0,19700,20,0
982,LINK,2,0,1,1.00002,M.USER.APP.1,19700,20,1
984,LINK,4,0,3,1.00002,M.USER.APP.3,19700,20,2
985,LINK,16,0,2,1.00002,M.USER.APP.2,19700,20,3
986,LINK,1,0,0,1.00002,M.USER.APP.0,19800,20,0
987,LINK,2,0,1,1.00002,M.USER.APP.1,19800,20,1
989,LINK,4,0,3,1.00002,M.USER.APP.3,19800,20,2
990,LINK,16,0,2,1.00002,M.USER.APP.2,19800,20,3
991,LINK,1,0,0,1.00002,M.USER.APP.0,19900,20,0
992,LINK,2,0,1,1.00002,M.USER.APP.1,19900,20,1
994,LINK,4,0,3,1.00002,M.USER.APP.3,19900,20,2
995,LINK,16,0,2,1.00002,M.USER.APP.2,19900,20,3
